{
  "format_version": "1.17.0",
  "minecraft:block": {
    "description": {
      "identifier": "rc:cogwheel_ns",
      "properties": {
        "rc:giro": [0, 1],
        "rc:cog": [0, 1]
      }
    },
    "components": {
      "minecraft:pick_collision": {
        "origin": [ -8, 0, -8],
        "size": [ 16, 16, 16 ]
    },
    "minecraft:entity_collision": {
        "origin": [ -8, 0, -8],
        "size": [ 16, 16, 16 ]
    },
      "minecraft:material_instances": {
        "*": {
          "texture": "cogwheel",
          "render_method": "alpha_test"
        }
      },
      "minecraft:loot": "loot_tables/cogwheel.json",
      "minecraft:geometry": "geometry.cogwheel",
      "minecraft:block_light_absorption": 0,
      "minecraft:destroy_time": 1,
      "minecraft:ticking": {
        "looping": true,
        "range": [0, 0],
        "on_tick": {
          "event": "conexao"
        }
      },
        "minecraft:random_ticking": {
          "on_tick": {
            "event": "reset2",
            "target": "self"
          }
        },
      "minecraft:on_player_placing": {
        "event": "reset",
        "target": "self"
      },
      "minecraft:on_player_destroyed": {
        "event": "reset",
        "target": "self"
      }
    },
    "events": {
"conexao": {
  "sequence": [
    {
      "condition": "!q.block_neighbor_has_any_tag(0,0,-1,'ns_giro2')",
      "set_block_property": {
        "rc:giro": 0
      }
    },
    {
      "condition": "!q.block_neighbor_has_any_tag(0,0,1,'ns_giro2')",
      "set_block_property": {
        "rc:giro": 0
      }
    },
  {
    "condition": "q.block_neighbor_has_any_tag(0,0,-1,'ns_giro2')",
    "set_block_property": {
      "rc:giro": 1
    }
  },
  {
    "condition": "q.block_neighbor_has_any_tag(0,0,1,'ns_giro2')",
    "set_block_property": {
      "rc:giro": 1
      }
    },

    
    {
      "condition": "!q.block_neighbor_has_any_tag(0,1,0,'ns_cog2')",
      "set_block_property": {
        "rc:cog": 0
      }
    },
    {
      "condition": "!q.block_neighbor_has_any_tag(0,-1,0,'ns_cog2')",
      "set_block_property": {
        "rc:cog": 0
      }
    },
    {
      "condition": "!q.block_neighbor_has_any_tag(1,0,0,'ns_cog2')",
      "set_block_property": {
        "rc:cog": 0
      }
    },
    {
      "condition": "!q.block_neighbor_has_any_tag(-1,0,0,'ns_cog2')",
      "set_block_property": {
        "rc:cog": 0
      }
    },
    
    {
      "condition": "q.block_neighbor_has_any_tag(0,1,0,'ns_cog2')",
      "set_block_property": {
        "rc:cog": 1
      }
    },
    {
      "condition": "q.block_neighbor_has_any_tag(0,-1,0,'ns_cog2')",
      "set_block_property": {
        "rc:cog": 1
      }
    },
    {
      "condition": "q.block_neighbor_has_any_tag(1,0,0,'ns_cog2')",
      "set_block_property": {
        "rc:cog": 1
      }
    },
    {
      "condition": "q.block_neighbor_has_any_tag(-1,0,0,'ns_cog2')",
      "set_block_property": {
        "rc:cog": 1
      }
    },
    {
      "condition": "query.block_property('rc:giro') == 1",
      "set_block_property": {
        "rc:cog": 1
      }
    }
  ]
},
      "reset": {
"run_command":{
  "command":[
    "function reset2"
  ]
}
     },
      "reset2": {
"run_command":{
  "command":[
    "function reset"
  ]
}
     }
    },
    "permutations": [
{
  "condition": "query.block_property('rc:cog') == 1",
  "components": {
    "tag:ns_giro2": {},
    "tag:ns_cog2": {},
    "minecraft:material_instances": {
      "*": {
          "texture": "cogwheel_2",
          "render_method": "alpha_test"
          }
         }
        }
      }
    ]
  }
}
