{
    "format_version": "1.17.0",
    "minecraft:block": {
        "description": {
            "identifier": "rc:cogwheel",
            "properties": {
                "rc:lado": [ 0, 1, 2, 3, 4, 5 ]
            }
        },
        "components": {
            "minecraft:creative_category": {
        "group": "itemGroup.name.primary_machines",
        "category": "Construction"
      },
            "minecraft:material_instances": {
                "*": {
                    "texture": "cogwheel",
                    "render_method": "blend"
                }
            },
            "minecraft:loot": "loot_tables/cogwheel.json",
            "minecraft:geometry": "geometry.cogwheel",
            "minecraft:display_name": "Cogwheel",
            
            "minecraft:pick_collision": {
                "origin": [ -8, 0, -8 ],
                "size": [ 16, 16, 16 ]
            },
            "minecraft:entity_collision": {
                "origin": [ -8, 0, -8 ],
                "size": [ 16, 16, 16 ]
            },

            "minecraft:on_player_placing": {
                "event": "rc:plac"
            },
            "minecraft:ticking": {
                "looping": true,
                "range": [ 0, 0],
                "on_tick": {
                  "event": "energia",
                  "target": "self"
                    }
              },
            "minecraft:destroy_time": 2.0,
            "minecraft:friction": 0.6,
	      		"minecraft:block_light_absorption": 0.5,
            "minecraft:map_color": "#717171"
        },
        "events": {
    "ns": {
        "run_command": {
            "command": [
                "setblock ~~~ rc:cogwheel_ns"
                    
            ]
        }
    },
                "we": {
        "run_command": {
            "command": [
                "setblock ~ ~ ~ rc:cogwheel_we"
                    
            ]
        }
    },
                "ud": {
        "run_command": {
            "command": [
                "setblock ~ ~ ~ rc:cogwheel_ud"
                    
            ]
        }
    },
             "rc:plac": {
        "set_block_property": {
            "rc:lado": "(query.cardinal_player_facing)"
        }
    }
},
"permutations": [
    {
        "condition": "query.block_property('rc:lado') == 0",
        "components": {            "minecraft:ticking": {
            "looping": true,
            "range": [ 0, 0],
            "on_tick": {
              "event": "ud",
              "target": "self"
                }
          }
    }
        },
        {
            "condition": "query.block_property('rc:lado') == 1",
            "components": {            "minecraft:ticking": {
                "looping": true,
                "range": [ 0, 0],
                "on_tick": {
                  "event": "ud",
                  "target": "self"
                    }
              }
        }
            },
    {
        "condition": "query.block_property('rc:lado') == 2",
        "components": {            "minecraft:ticking": {
            "looping": true,
            "range": [ 0, 0],
            "on_tick": {
              "event": "ns",
              "target": "self"
                }
          }
    }
        },
    {
        "condition": "query.block_property('rc:lado') == 3",
        "components": {             "minecraft:ticking": {
            "looping": true,
            "range": [ 0, 0],
            "on_tick": {
              "event": "ns",
              "target": "self"
                }
          }
    }
    },
    {
        "condition": "query.block_property('rc:lado') == 4",
        "components": {             "minecraft:ticking": {
            "looping": true,
            "range": [ 0, 0],
            "on_tick": {
              "event": "we",
              "target": "self"
                }
          }
    }
        },
    {
        "condition": "query.block_property('rc:lado') == 5",
        "components": {             "minecraft:ticking": {
            "looping": true,
            "range": [ 0, 0],
            "on_tick": {
              "event": "we",
              "target": "self"
                }
          }
    }
        }
]
}
}