{
	"format_version": "1.12.0",
	"minecraft:geometry": [
		{
			"description": {
				"identifier": "geometry.cogwheel",
				"texture_width": 128,
				"texture_height": 128,
				"visible_bounds_width": 3,
				"visible_bounds_height": 2.5,
				"visible_bounds_offset": [0, 0.75, 0]
			},
			"bones": [
				{
					"name": "bb_main",
					"pivot": [0, 8, 0],
					"cubes": [
						{
							"origin": [-6, -1, 2],
							"size": [12, 2, 12],
							"pivot": [0, 0, 0],
							"rotation": [90, 0, 0],
							"uv": {
								"north": {"uv": [52, 30], "uv_size": [12, 2]},
								"east": {"uv": [66, 45], "uv_size": [12, 2]},
								"south": {"uv": [54, 72], "uv_size": [12, 2]},
								"west": {"uv": [36, 99], "uv_size": [12, 2]},
								"up": {"uv": [0, 0], "uv_size": [12, 12]},
								"down": {"uv": [0, 24], "uv_size": [12, -12]}
							}
						},
						{
							"origin": [-4, -2, 4],
							"size": [8, 4, 8],
							"pivot": [0, 0, 0],
							"rotation": [90, 0, 0],
							"uv": {
								"north": {"uv": [75, 98], "uv_size": [8, 4]},
								"east": {"uv": [12, 99], "uv_size": [8, 4]},
								"south": {"uv": [20, 99], "uv_size": [8, 4]},
								"west": {"uv": [28, 99], "uv_size": [8, 4]},
								"up": {"uv": [20, 0], "uv_size": [8, 8]},
								"down": {"uv": [20, 16], "uv_size": [8, -8]}
							}
						}
					]
				},
				{
					"name": "bone",
					"pivot": [0, 8, 0],
					"cubes": [
						{
							"origin": [-2, -8, 6],
							"size": [4, 16, 4],
							"pivot": [0, 0, 0],
							"rotation": [90, 0, 0],
							"uv": {
								"north": {"uv": [12, 0], "uv_size": [4, 16]},
								"east": {"uv": [16, 0], "uv_size": [4, 16]},
								"south": {"uv": [12, 16], "uv_size": [4, 16]},
								"west": {"uv": [16, 16], "uv_size": [4, 16]},
								"up": {"uv": [6, 56], "uv_size": [4, 4]},
								"down": {"uv": [6, 64], "uv_size": [4, -4]}
							}
						},
						{
							"origin": [-9, -1.5, 6.5],
							"size": [18, 3, 3],
							"pivot": [0, 0, 0],
							"rotation": [90, 0, 0],
							"uv": {
								"north": {"uv": [24, 48], "uv_size": [18, 3]},
								"east": {"uv": [87, 98], "uv_size": [3, 3]},
								"south": {"uv": [48, 32], "uv_size": [18, 3]},
								"west": {"uv": [87, 101], "uv_size": [3, 3]},
								"up": {"uv": [48, 35], "uv_size": [18, 3]},
								"down": {"uv": [48, 41], "uv_size": [18, -3]}
							}
						},
						{
							"origin": [-3.34315, -1.5, 4.15685],
							"size": [18, 3, 3],
							"pivot": [0, 0, 0],
							"rotation": [90, 0, -45],
							"uv": {
								"north": {"uv": [48, 41], "uv_size": [18, 3]},
								"east": {"uv": [102, 42], "uv_size": [3, 3]},
								"south": {"uv": [42, 48], "uv_size": [18, 3]},
								"west": {"uv": [102, 55], "uv_size": [3, 3]},
								"up": {"uv": [48, 44], "uv_size": [18, 3]},
								"down": {"uv": [24, 54], "uv_size": [18, -3]}
							}
						},
						{
							"origin": [-14.65685, -1.5, 4.15685],
							"size": [18, 3, 3],
							"pivot": [0, 0, 0],
							"rotation": [90, 0, 45],
							"uv": {
								"north": {"uv": [42, 51], "uv_size": [18, 3]},
								"east": {"uv": [102, 58], "uv_size": [3, 3]},
								"south": {"uv": [52, 0], "uv_size": [18, 3]},
								"west": {"uv": [102, 61], "uv_size": [3, 3]},
								"up": {"uv": [52, 3], "uv_size": [18, 3]},
								"down": {"uv": [52, 9], "uv_size": [18, -3]}
							}
						},
						{
							"origin": [-1.5, -1.5, -1],
							"size": [3, 3, 18],
							"pivot": [0, 0, 0],
							"rotation": [90, 0, 0],
							"uv": {
								"north": {"uv": [102, 64], "uv_size": [3, 3]},
								"east": {"uv": [52, 9], "uv_size": [18, 3]},
								"south": {"uv": [102, 67], "uv_size": [3, 3]},
								"west": {"uv": [52, 12], "uv_size": [18, 3]},
								"up": {"uv": [24, 54], "uv_size": [3, 18]},
								"down": {"uv": [27, 72], "uv_size": [3, -18]}
							}
						}
					]
				},
				{
					"name": "bone2",
					"pivot": [0, 8, 0],
					"rotation": [0, 10, 0],
					"cubes": [
						{
							"origin": [-3.38919, -8, 5.87846],
							"size": [4, 16, 4],
							"pivot": [0, 0, 0],
							"rotation": [88.24622, -9.84655, 10.15108],
							"uv": {
								"north": {"uv": [20, 16], "uv_size": [4, 16]},
								"east": {"uv": [0, 24], "uv_size": [4, 16]},
								"south": {"uv": [4, 24], "uv_size": [4, 16]},
								"west": {"uv": [8, 24], "uv_size": [4, 16]},
								"up": {"uv": [18, 67], "uv_size": [4, 4]},
								"down": {"uv": [83, 102], "uv_size": [4, -4]}
							}
						},
						{
							"origin": [-10.38919, -1.5, 6.37846],
							"size": [18, 3, 3],
							"pivot": [0, 0, 0],
							"rotation": [88.24622, -9.84655, 10.15108],
							"uv": {
								"north": {"uv": [52, 15], "uv_size": [18, 3]},
								"east": {"uv": [75, 102], "uv_size": [3, 3]},
								"south": {"uv": [52, 18], "uv_size": [18, 3]},
								"west": {"uv": [78, 102], "uv_size": [3, 3]},
								"up": {"uv": [52, 21], "uv_size": [18, 3]},
								"down": {"uv": [52, 27], "uv_size": [18, -3]}
							}
						},
						{
							"origin": [-4.41139, -1.5, 5.05322],
							"size": [18, 3, 3],
							"pivot": [0, 0, 0],
							"rotation": [95.77509, -8.17773, -35.41318],
							"uv": {
								"north": {"uv": [52, 27], "uv_size": [18, 3]},
								"east": {"uv": [81, 102], "uv_size": [3, 3]},
								"south": {"uv": [30, 54], "uv_size": [18, 3]},
								"west": {"uv": [84, 102], "uv_size": [3, 3]},
								"up": {"uv": [48, 54], "uv_size": [18, 3]},
								"down": {"uv": [30, 60], "uv_size": [18, -3]}
							}
						},
						{
							"origin": [-15.55322, -1.5, 3.08861],
							"size": [18, 3, 3],
							"pivot": [0, 0, 0],
							"rotation": [81.78112, -5.71617, 55.41103],
							"uv": {
								"north": {"uv": [48, 57], "uv_size": [18, 3]},
								"east": {"uv": [6, 103], "uv_size": [3, 3]},
								"south": {"uv": [30, 60], "uv_size": [18, 3]},
								"west": {"uv": [9, 103], "uv_size": [3, 3]},
								"up": {"uv": [60, 47], "uv_size": [18, 3]},
								"down": {"uv": [48, 63], "uv_size": [18, -3]}
							}
						},
						{
							"origin": [-2.88919, -1.5, -1.12154],
							"size": [3, 3, 18],
							"pivot": [0, 0, 0],
							"rotation": [88.24622, -9.84655, 10.15108],
							"uv": {
								"north": {"uv": [12, 103], "uv_size": [3, 3]},
								"east": {"uv": [60, 50], "uv_size": [18, 3]},
								"south": {"uv": [15, 103], "uv_size": [3, 3]},
								"west": {"uv": [30, 63], "uv_size": [18, 3]},
								"up": {"uv": [0, 56], "uv_size": [3, 18]},
								"down": {"uv": [3, 74], "uv_size": [3, -18]}
							}
						}
					]
				},
				{
					"name": "bone3",
					"pivot": [0, 8, 0],
					"rotation": [0, 20, 0],
					"cubes": [
						{
							"origin": [-4.73616, -8, 5.51754],
							"size": [4, 16, 4],
							"pivot": [0, 0, 0],
							"rotation": [82.90403, -18.74724, 21.17283],
							"uv": {
								"north": {"uv": [24, 16], "uv_size": [4, 16]},
								"east": {"uv": [28, 0], "uv_size": [4, 16]},
								"south": {"uv": [28, 16], "uv_size": [4, 16]},
								"west": {"uv": [32, 0], "uv_size": [4, 16]},
								"up": {"uv": [93, 99], "uv_size": [4, 4]},
								"down": {"uv": [97, 103], "uv_size": [4, -4]}
							}
						},
						{
							"origin": [-11.73616, -1.5, 6.01754],
							"size": [18, 3, 3],
							"pivot": [0, 0, 0],
							"rotation": [82.90403, -18.74724, 21.17283],
							"uv": {
								"north": {"uv": [48, 63], "uv_size": [18, 3]},
								"east": {"uv": [18, 103], "uv_size": [3, 3]},
								"south": {"uv": [6, 64], "uv_size": [18, 3]},
								"west": {"uv": [21, 103], "uv_size": [3, 3]},
								"up": {"uv": [30, 66], "uv_size": [18, 3]},
								"down": {"uv": [66, 33], "uv_size": [18, -3]}
							}
						},
						{
							"origin": [-5.61905, -1.5, 5.75046],
							"size": [18, 3, 3],
							"pivot": [0, 0, 0],
							"rotation": [98.74472, -18.05776, -26.39218],
							"uv": {
								"north": {"uv": [66, 33], "uv_size": [18, 3]},
								"east": {"uv": [24, 103], "uv_size": [3, 3]},
								"south": {"uv": [66, 36], "uv_size": [18, 3]},
								"west": {"uv": [27, 103], "uv_size": [3, 3]},
								"up": {"uv": [66, 39], "uv_size": [18, 3]},
								"down": {"uv": [66, 45], "uv_size": [18, -3]}
							}
						},
						{
							"origin": [-16.25046, -1.5, 1.88095],
							"size": [18, 3, 3],
							"pivot": [0, 0, 0],
							"rotation": [71.74388, -8.31087, 66.33765],
							"uv": {
								"north": {"uv": [48, 66], "uv_size": [18, 3]},
								"east": {"uv": [30, 103], "uv_size": [3, 3]},
								"south": {"uv": [66, 53], "uv_size": [18, 3]},
								"west": {"uv": [33, 103], "uv_size": [3, 3]},
								"up": {"uv": [66, 56], "uv_size": [18, 3]},
								"down": {"uv": [66, 62], "uv_size": [18, -3]}
							}
						},
						{
							"origin": [-4.23616, -1.5, -1.48246],
							"size": [3, 3, 18],
							"pivot": [0, 0, 0],
							"rotation": [82.90403, -18.74724, 21.17283],
							"uv": {
								"north": {"uv": [93, 103], "uv_size": [3, 3]},
								"east": {"uv": [66, 62], "uv_size": [18, 3]},
								"south": {"uv": [96, 103], "uv_size": [3, 3]},
								"west": {"uv": [66, 65], "uv_size": [18, 3]},
								"up": {"uv": [6, 67], "uv_size": [3, 18]},
								"down": {"uv": [9, 85], "uv_size": [3, -18]}
							}
						}
					]
				},
				{
					"name": "bone4",
					"pivot": [0, 8, 0],
					"rotation": [0, 30, 0],
					"cubes": [
						{
							"origin": [-6, -8, 4.9282],
							"size": [4, 16, 4],
							"pivot": [0, 0, 0],
							"rotation": [73.89789, -25.65891, 33.69007],
							"uv": {
								"north": {"uv": [12, 32], "uv_size": [4, 16]},
								"east": {"uv": [16, 32], "uv_size": [4, 16]},
								"south": {"uv": [32, 16], "uv_size": [4, 16]},
								"west": {"uv": [20, 32], "uv_size": [4, 16]},
								"up": {"uv": [36, 101], "uv_size": [4, 4]},
								"down": {"uv": [40, 105], "uv_size": [4, -4]}
							}
						},
						{
							"origin": [-13, -1.5, 5.4282],
							"size": [18, 3, 3],
							"pivot": [0, 0, 0],
							"rotation": [73.89789, -25.65891, 33.69007],
							"uv": {
								"north": {"uv": [66, 68], "uv_size": [18, 3]},
								"east": {"uv": [99, 103], "uv_size": [3, 3]},
								"south": {"uv": [30, 69], "uv_size": [18, 3]},
								"west": {"uv": [102, 103], "uv_size": [3, 3]},
								"up": {"uv": [48, 69], "uv_size": [18, 3]},
								"down": {"uv": [70, 3], "uv_size": [18, -3]}
							}
						},
						{
							"origin": [-6.92945, -1.5, 6.22741],
							"size": [18, 3, 3],
							"pivot": [0, 0, 0],
							"rotation": [98.49878, -28.87909, -17.19212],
							"uv": {
								"north": {"uv": [70, 3], "uv_size": [18, 3]},
								"east": {"uv": [87, 104], "uv_size": [3, 3]},
								"south": {"uv": [70, 6], "uv_size": [18, 3]},
								"west": {"uv": [36, 105], "uv_size": [3, 3]},
								"up": {"uv": [70, 9], "uv_size": [18, 3]},
								"down": {"uv": [70, 15], "uv_size": [18, -3]}
							}
						},
						{
							"origin": [-16.72741, -1.5, 0.57055],
							"size": [18, 3, 3],
							"pivot": [0, 0, 0],
							"rotation": [60.85257, -7.43547, 76.93569],
							"uv": {
								"north": {"uv": [70, 15], "uv_size": [18, 3]},
								"east": {"uv": [39, 105], "uv_size": [3, 3]},
								"south": {"uv": [70, 18], "uv_size": [18, 3]},
								"west": {"uv": [42, 105], "uv_size": [3, 3]},
								"up": {"uv": [70, 21], "uv_size": [18, 3]},
								"down": {"uv": [70, 27], "uv_size": [18, -3]}
							}
						},
						{
							"origin": [-5.5, -1.5, -2.0718],
							"size": [3, 3, 18],
							"pivot": [0, 0, 0],
							"rotation": [73.89789, -25.65891, 33.69007],
							"uv": {
								"north": {"uv": [105, 42], "uv_size": [3, 3]},
								"east": {"uv": [70, 27], "uv_size": [18, 3]},
								"south": {"uv": [45, 105], "uv_size": [3, 3]},
								"west": {"uv": [66, 71], "uv_size": [18, 3]},
								"up": {"uv": [12, 67], "uv_size": [3, 18]},
								"down": {"uv": [15, 85], "uv_size": [3, -18]}
							}
						}
					]
				},
				{
					"name": "bone5",
					"pivot": [0, 8, 0],
					"rotation": [0, 40, 0],
					"cubes": [
						{
							"origin": [-7.1423, -8, 4.12836],
							"size": [4, 16, 4],
							"pivot": [0, 0, 0],
							"rotation": [61.65923, -29.4987, 47.60591],
							"uv": {
								"north": {"uv": [24, 32], "uv_size": [4, 16]},
								"east": {"uv": [28, 32], "uv_size": [4, 16]},
								"south": {"uv": [32, 32], "uv_size": [4, 16]},
								"west": {"uv": [36, 0], "uv_size": [4, 16]},
								"up": {"uv": [44, 101], "uv_size": [4, 4]},
								"down": {"uv": [54, 105], "uv_size": [4, -4]}
							}
						},
						{
							"origin": [-14.1423, -1.5, 4.62836],
							"size": [18, 3, 3],
							"pivot": [0, 0, 0],
							"rotation": [61.65923, -29.4987, 47.60591],
							"uv": {
								"north": {"uv": [18, 72], "uv_size": [18, 3]},
								"east": {"uv": [48, 105], "uv_size": [3, 3]},
								"south": {"uv": [36, 72], "uv_size": [18, 3]},
								"west": {"uv": [51, 105], "uv_size": [3, 3]},
								"up": {"uv": [54, 74], "uv_size": [18, 3]},
								"down": {"uv": [72, 77], "uv_size": [18, -3]}
							}
						},
						{
							"origin": [-8.30275, -1.5, 6.46956],
							"size": [18, 3, 3],
							"pivot": [0, 0, 0],
							"rotation": [94.18273, -39.8173, -6.51543],
							"uv": {
								"north": {"uv": [18, 75], "uv_size": [18, 3]},
								"east": {"uv": [54, 105], "uv_size": [3, 3]},
								"south": {"uv": [36, 75], "uv_size": [18, 3]},
								"west": {"uv": [105, 55], "uv_size": [3, 3]},
								"up": {"uv": [54, 77], "uv_size": [18, 3]},
								"down": {"uv": [72, 80], "uv_size": [18, -3]}
							}
						},
						{
							"origin": [-16.96956, -1.5, -0.80275],
							"size": [18, 3, 3],
							"pivot": [0, 0, 0],
							"rotation": [50.10753, -3.21154, 86.16576],
							"uv": {
								"north": {"uv": [18, 78], "uv_size": [18, 3]},
								"east": {"uv": [57, 105], "uv_size": [3, 3]},
								"south": {"uv": [36, 78], "uv_size": [18, 3]},
								"west": {"uv": [105, 58], "uv_size": [3, 3]},
								"up": {"uv": [78, 45], "uv_size": [18, 3]},
								"down": {"uv": [78, 51], "uv_size": [18, -3]}
							}
						},
						{
							"origin": [-6.6423, -1.5, -2.87164],
							"size": [3, 3, 18],
							"pivot": [0, 0, 0],
							"rotation": [61.65923, -29.4987, 47.60591],
							"uv": {
								"north": {"uv": [60, 105], "uv_size": [3, 3]},
								"east": {"uv": [54, 80], "uv_size": [18, 3]},
								"south": {"uv": [105, 61], "uv_size": [3, 3]},
								"west": {"uv": [72, 80], "uv_size": [18, 3]},
								"up": {"uv": [0, 74], "uv_size": [3, 18]},
								"down": {"uv": [3, 92], "uv_size": [3, -18]}
							}
						}
					]
				},
				{
					"name": "bone6",
					"pivot": [0, 8, 0],
					"rotation": [0, 50, 0],
					"cubes": [
						{
							"origin": [-8.12836, -8, 3.1423],
							"size": [4, 16, 4],
							"pivot": [0, 0, 0],
							"rotation": [47.60591, -29.4987, 61.65923],
							"uv": {
								"north": {"uv": [36, 16], "uv_size": [4, 16]},
								"east": {"uv": [36, 32], "uv_size": [4, 16]},
								"south": {"uv": [0, 40], "uv_size": [4, 16]},
								"west": {"uv": [40, 0], "uv_size": [4, 16]},
								"up": {"uv": [58, 101], "uv_size": [4, 4]},
								"down": {"uv": [62, 105], "uv_size": [4, -4]}
							}
						},
						{
							"origin": [-15.12836, -1.5, 3.6423],
							"size": [18, 3, 3],
							"pivot": [0, 0, 0],
							"rotation": [47.60591, -29.4987, 61.65923],
							"uv": {
								"north": {"uv": [18, 81], "uv_size": [18, 3]},
								"east": {"uv": [63, 105], "uv_size": [3, 3]},
								"south": {"uv": [36, 81], "uv_size": [18, 3]},
								"west": {"uv": [105, 64], "uv_size": [3, 3]},
								"up": {"uv": [54, 83], "uv_size": [18, 3]},
								"down": {"uv": [72, 86], "uv_size": [18, -3]}
							}
						},
						{
							"origin": [-9.69725, -1.5, 6.46956],
							"size": [18, 3, 3],
							"pivot": [0, 0, 0],
							"rotation": [84.07006, -49.74086, 7.7508],
							"uv": {
								"north": {"uv": [18, 84], "uv_size": [18, 3]},
								"east": {"uv": [66, 105], "uv_size": [3, 3]},
								"south": {"uv": [84, 30], "uv_size": [18, 3]},
								"west": {"uv": [105, 67], "uv_size": [3, 3]},
								"up": {"uv": [84, 33], "uv_size": [18, 3]},
								"down": {"uv": [36, 87], "uv_size": [18, -3]}
							}
						},
						{
							"origin": [-16.96956, -1.5, -2.19725],
							"size": [18, 3, 3],
							"pivot": [0, 0, 0],
							"rotation": [40.1076, 3.82821, 93.21873],
							"uv": {
								"north": {"uv": [84, 36], "uv_size": [18, 3]},
								"east": {"uv": [69, 105], "uv_size": [3, 3]},
								"south": {"uv": [84, 39], "uv_size": [18, 3]},
								"west": {"uv": [75, 105], "uv_size": [3, 3]},
								"up": {"uv": [84, 42], "uv_size": [18, 3]},
								"down": {"uv": [84, 54], "uv_size": [18, -3]}
							}
						},
						{
							"origin": [-7.62836, -1.5, -3.8577],
							"size": [3, 3, 18],
							"pivot": [0, 0, 0],
							"rotation": [47.60591, -29.4987, 61.65923],
							"uv": {
								"north": {"uv": [78, 105], "uv_size": [3, 3]},
								"east": {"uv": [84, 54], "uv_size": [18, 3]},
								"south": {"uv": [81, 105], "uv_size": [3, 3]},
								"west": {"uv": [84, 57], "uv_size": [18, 3]},
								"up": {"uv": [6, 85], "uv_size": [3, 18]},
								"down": {"uv": [9, 103], "uv_size": [3, -18]}
							}
						}
					]
				},
				{
					"name": "bone7",
					"pivot": [0, 8, 0],
					"rotation": [0, 60, 0],
					"cubes": [
						{
							"origin": [-8.9282, -8, 2],
							"size": [4, 16, 4],
							"pivot": [0, 0, 0],
							"rotation": [33.69007, -25.65891, 73.89789],
							"uv": {
								"north": {"uv": [4, 40], "uv_size": [4, 16]},
								"east": {"uv": [8, 40], "uv_size": [4, 16]},
								"south": {"uv": [40, 16], "uv_size": [4, 16]},
								"west": {"uv": [40, 32], "uv_size": [4, 16]},
								"up": {"uv": [66, 101], "uv_size": [4, 4]},
								"down": {"uv": [101, 103], "uv_size": [4, -4]}
							}
						},
						{
							"origin": [-15.9282, -1.5, 2.5],
							"size": [18, 3, 3],
							"pivot": [0, 0, 0],
							"rotation": [33.69007, -25.65891, 73.89789],
							"uv": {
								"north": {"uv": [84, 60], "uv_size": [18, 3]},
								"east": {"uv": [84, 105], "uv_size": [3, 3]},
								"south": {"uv": [84, 63], "uv_size": [18, 3]},
								"west": {"uv": [105, 99], "uv_size": [3, 3]},
								"up": {"uv": [84, 66], "uv_size": [18, 3]},
								"down": {"uv": [84, 72], "uv_size": [18, -3]}
							}
						},
						{
							"origin": [-11.07055, -1.5, 6.22741],
							"size": [18, 3, 3],
							"pivot": [0, 0, 0],
							"rotation": [65.85389, -56.77406, 28.18679],
							"uv": {
								"north": {"uv": [54, 86], "uv_size": [18, 3]},
								"east": {"uv": [105, 102], "uv_size": [3, 3]},
								"south": {"uv": [72, 86], "uv_size": [18, 3]},
								"west": {"uv": [105, 105], "uv_size": [3, 3]},
								"up": {"uv": [12, 87], "uv_size": [18, 3]},
								"down": {"uv": [30, 90], "uv_size": [18, -3]}
							}
						},
						{
							"origin": [-16.72741, -1.5, -3.57055],
							"size": [18, 3, 3],
							"pivot": [0, 0, 0],
							"rotation": [30.86748, 12.95254, 97.63074],
							"uv": {
								"north": {"uv": [88, 0], "uv_size": [18, 3]},
								"east": {"uv": [106, 0], "uv_size": [3, 3]},
								"south": {"uv": [88, 3], "uv_size": [18, 3]},
								"west": {"uv": [106, 3], "uv_size": [3, 3]},
								"up": {"uv": [88, 6], "uv_size": [18, 3]},
								"down": {"uv": [88, 12], "uv_size": [18, -3]}
							}
						},
						{
							"origin": [-8.4282, -1.5, -5],
							"size": [3, 3, 18],
							"pivot": [0, 0, 0],
							"rotation": [33.69007, -25.65891, 73.89789],
							"uv": {
								"north": {"uv": [6, 106], "uv_size": [3, 3]},
								"east": {"uv": [88, 12], "uv_size": [18, 3]},
								"south": {"uv": [106, 6], "uv_size": [3, 3]},
								"west": {"uv": [88, 15], "uv_size": [18, 3]},
								"up": {"uv": [48, 87], "uv_size": [3, 18]},
								"down": {"uv": [51, 105], "uv_size": [3, -18]}
							}
						}
					]
				},
				{
					"name": "bone8",
					"pivot": [0, 8, 0],
					"rotation": [0, 70, 0],
					"cubes": [
						{
							"origin": [-9.51754, -8, 0.73616],
							"size": [4, 16, 4],
							"pivot": [0, 0, 0],
							"rotation": [21.17283, -18.74724, 82.90403],
							"uv": {
								"north": {"uv": [44, 0], "uv_size": [4, 16]},
								"east": {"uv": [44, 16], "uv_size": [4, 16]},
								"south": {"uv": [44, 32], "uv_size": [4, 16]},
								"west": {"uv": [48, 0], "uv_size": [4, 16]},
								"up": {"uv": [102, 30], "uv_size": [4, 4]},
								"down": {"uv": [102, 38], "uv_size": [4, -4]}
							}
						},
						{
							"origin": [-16.51754, -1.5, 1.23616],
							"size": [18, 3, 3],
							"pivot": [0, 0, 0],
							"rotation": [21.17283, -18.74724, 82.90403],
							"uv": {
								"north": {"uv": [88, 18], "uv_size": [18, 3]},
								"east": {"uv": [9, 106], "uv_size": [3, 3]},
								"south": {"uv": [88, 21], "uv_size": [18, 3]},
								"west": {"uv": [106, 9], "uv_size": [3, 3]},
								"up": {"uv": [88, 24], "uv_size": [18, 3]},
								"down": {"uv": [88, 30], "uv_size": [18, -3]}
							}
						},
						{
							"origin": [-12.38095, -1.5, 5.75046],
							"size": [18, 3, 3],
							"pivot": [0, 0, 0],
							"rotation": [40.73592, -58.39167, 53.74127],
							"uv": {
								"north": {"uv": [54, 89], "uv_size": [18, 3]},
								"east": {"uv": [12, 106], "uv_size": [3, 3]},
								"south": {"uv": [72, 89], "uv_size": [18, 3]},
								"west": {"uv": [106, 12], "uv_size": [3, 3]},
								"up": {"uv": [12, 90], "uv_size": [18, 3]},
								"down": {"uv": [30, 93], "uv_size": [18, -3]}
							}
						},
						{
							"origin": [-16.25046, -1.5, -4.88095],
							"size": [18, 3, 3],
							"pivot": [0, 0, 0],
							"rotation": [21.88023, 23.39896, 99.06159],
							"uv": {
								"north": {"uv": [90, 72], "uv_size": [18, 3]},
								"east": {"uv": [15, 106], "uv_size": [3, 3]},
								"south": {"uv": [90, 75], "uv_size": [18, 3]},
								"west": {"uv": [106, 15], "uv_size": [3, 3]},
								"up": {"uv": [90, 78], "uv_size": [18, 3]},
								"down": {"uv": [90, 84], "uv_size": [18, -3]}
							}
						},
						{
							"origin": [-9.01754, -1.5, -6.26384],
							"size": [3, 3, 18],
							"pivot": [0, 0, 0],
							"rotation": [21.17283, -18.74724, 82.90403],
							"uv": {
								"north": {"uv": [18, 106], "uv_size": [3, 3]},
								"east": {"uv": [90, 84], "uv_size": [18, 3]},
								"south": {"uv": [106, 18], "uv_size": [3, 3]},
								"west": {"uv": [90, 87], "uv_size": [18, 3]},
								"up": {"uv": [90, 90], "uv_size": [3, 18]},
								"down": {"uv": [0, 110], "uv_size": [3, -18]}
							}
						}
					]
				},
				{
					"name": "bone9",
					"pivot": [0, 8, 0],
					"rotation": [0, 80, 0],
					"cubes": [
						{
							"origin": [-9.87846, -8, -0.61081],
							"size": [4, 16, 4],
							"pivot": [0, 0, 0],
							"rotation": [10.15108, -9.84655, 88.24622],
							"uv": {
								"north": {"uv": [12, 48], "uv_size": [4, 16]},
								"east": {"uv": [16, 48], "uv_size": [4, 16]},
								"south": {"uv": [48, 16], "uv_size": [4, 16]},
								"west": {"uv": [20, 48], "uv_size": [4, 16]},
								"up": {"uv": [102, 38], "uv_size": [4, 4]},
								"down": {"uv": [102, 55], "uv_size": [4, -4]}
							}
						},
						{
							"origin": [-16.87846, -1.5, -0.11081],
							"size": [18, 3, 3],
							"pivot": [0, 0, 0],
							"rotation": [10.15108, -9.84655, 88.24622],
							"uv": {
								"north": {"uv": [54, 92], "uv_size": [18, 3]},
								"east": {"uv": [21, 106], "uv_size": [3, 3]},
								"south": {"uv": [72, 92], "uv_size": [18, 3]},
								"west": {"uv": [106, 21], "uv_size": [3, 3]},
								"up": {"uv": [12, 93], "uv_size": [18, 3]},
								"down": {"uv": [30, 96], "uv_size": [18, -3]}
							}
						},
						{
							"origin": [-13.58861, -1.5, 5.05322],
							"size": [18, 3, 3],
							"pivot": [0, 0, 0],
							"rotation": [17.0883, -53.77546, 76.07191],
							"uv": {
								"north": {"uv": [93, 90], "uv_size": [18, 3]},
								"east": {"uv": [24, 106], "uv_size": [3, 3]},
								"south": {"uv": [93, 93], "uv_size": [18, 3]},
								"west": {"uv": [106, 24], "uv_size": [3, 3]},
								"up": {"uv": [54, 95], "uv_size": [18, 3]},
								"down": {"uv": [72, 98], "uv_size": [18, -3]}
							}
						},
						{
							"origin": [-15.55322, -1.5, -6.08861],
							"size": [18, 3, 3],
							"pivot": [0, 0, 0],
							"rotation": [12.14787, 34.39275, 96.93255],
							"uv": {
								"north": {"uv": [12, 96], "uv_size": [18, 3]},
								"east": {"uv": [27, 106], "uv_size": [3, 3]},
								"south": {"uv": [30, 96], "uv_size": [18, 3]},
								"west": {"uv": [106, 27], "uv_size": [3, 3]},
								"up": {"uv": [96, 45], "uv_size": [18, 3]},
								"down": {"uv": [96, 51], "uv_size": [18, -3]}
							}
						},
						{
							"origin": [-9.37846, -1.5, -7.61081],
							"size": [3, 3, 18],
							"pivot": [0, 0, 0],
							"rotation": [10.15108, -9.84655, 88.24622],
							"uv": {
								"north": {"uv": [30, 106], "uv_size": [3, 3]},
								"east": {"uv": [93, 96], "uv_size": [18, 3]},
								"south": {"uv": [106, 30], "uv_size": [3, 3]},
								"west": {"uv": [54, 98], "uv_size": [18, 3]},
								"up": {"uv": [3, 92], "uv_size": [3, 18]},
								"down": {"uv": [72, 116], "uv_size": [3, -18]}
							}
						}
					]
				}
			]
		}
	]
}