{
	"format_version": "1.12.0",
	"minecraft:geometry": [
		{
			"description": {
				"identifier": "geometry.wheel_east",
				"texture_width": 128,
				"texture_height": 128,
				"visible_bounds_width": 5,
				"visible_bounds_height": 4,
				"visible_bounds_offset": [0, 1, 0]
			},
			"bones": [
				{
					"name": "bone5",
					"pivot": [0, 0, 0],
					"rotation": [0, 90, 0]
				},
				{
					"name": "bone4",
					"parent": "bone5",
					"pivot": [-6, 11, 0],
					"cubes": [
						{
							"origin": [-15, 7, -1],
							"size": [16, 2, 2],
							"pivot": [-15, 8, 0],
							"rotation": [0, 0, -22.5],
							"uv": {
								"north": {"uv": [74, 34], "uv_size": [16, 2]},
								"east": {"uv": [9, 38], "uv_size": [2, 2]},
								"south": {"uv": [77, 62], "uv_size": [16, 2]},
								"west": {"uv": [11, 38], "uv_size": [2, 2]},
								"up": {"uv": [77, 64], "uv_size": [16, 2]},
								"down": {"uv": [77, 76], "uv_size": [16, -2]}
							}
						}
					]
				},
				{
					"name": "bone3",
					"parent": "bone5",
					"pivot": [-21, 2, 0],
					"cubes": [
						{
							"origin": [-22.75, 7, 3.55],
							"size": [16, 2, 1.9],
							"pivot": [-7, 8, 13],
							"rotation": [0, 0, -22.5],
							"uv": {
								"north": {"uv": [77, 76], "uv_size": [16, 2]},
								"east": {"uv": [13, 38], "uv_size": [2, 2]},
								"south": {"uv": [78, 26], "uv_size": [16, 2]},
								"west": {"uv": [15, 38], "uv_size": [2, 2]},
								"up": {"uv": [78, 28], "uv_size": [16, 2]},
								"down": {"uv": [43, 80], "uv_size": [16, -2]}
							}
						}
					]
				},
				{
					"name": "bone2",
					"parent": "bone5",
					"pivot": [-22, 5, 5],
					"cubes": [
						{
							"origin": [-31.16072, 1.1375, 3.5],
							"size": [10, 2, 2],
							"uv": {
								"north": {"uv": [17, 32], "uv_size": [3, 2]},
								"east": {"uv": [50, 31], "uv_size": [2, 2]},
								"south": {"uv": [20, 32], "uv_size": [3, 2]},
								"west": {"uv": [38, 51], "uv_size": [2, 2]},
								"up": {"uv": [23, 32], "uv_size": [3, 2]},
								"down": {"uv": [6, 40], "uv_size": [3, -2]}
							}
						}
					]
				},
				{
					"name": "bone",
					"parent": "bone5",
					"pivot": [-24, 8, 0],
					"cubes": [
						{
							"origin": [-24, 6, -2],
							"size": [10, 4, 4],
							"uv": {
								"north": {"uv": [77, 0], "uv_size": [10, 4]},
								"east": {"uv": [25, 57], "uv_size": [4, 4]},
								"south": {"uv": [77, 50], "uv_size": [10, 4]},
								"west": {"uv": [57, 36], "uv_size": [4, 4]},
								"up": {"uv": [77, 54], "uv_size": [10, 4]},
								"down": {"uv": [77, 62], "uv_size": [10, -4]}
							}
						}
					]
				},
				{
					"name": "wheel",
					"parent": "bone5",
					"pivot": [0, 8, 8],
					"cubes": [
						{
							"origin": [-5, 3, -11.9],
							"size": [10, 10, 9],
							"uv": {
								"north": {"uv": [49, 6], "uv_size": [10, 10]},
								"east": {"uv": [29, 51], "uv_size": [9, 10]},
								"south": {"uv": [50, 16], "uv_size": [10, 10]},
								"west": {"uv": [6, 52], "uv_size": [9, 10]},
								"up": {"uv": [46, 52], "uv_size": [10, 9]},
								"down": {"uv": [46, 61], "uv_size": [10, -9]}
							}
						},
						{
							"origin": [-8.5, 23.5, -9.9],
							"size": [17, 5, 6],
							"uv": {
								"north": {"uv": [59, 6], "uv_size": [17, 5]},
								"east": {"uv": [80, 10], "uv_size": [6, 5]},
								"south": {"uv": [59, 11], "uv_size": [17, 5]},
								"west": {"uv": [80, 36], "uv_size": [6, 5]},
								"up": {"uv": [0, 32], "uv_size": [17, 6]},
								"down": {"uv": [17, 40], "uv_size": [17, -6]}
							}
						},
						{
							"origin": [-8.5, -12.5, -9.9],
							"size": [17, 5, 6],
							"uv": {
								"north": {"uv": [63, 36], "uv_size": [17, 5]},
								"east": {"uv": [25, 83], "uv_size": [6, 5]},
								"south": {"uv": [63, 41], "uv_size": [17, 5]},
								"west": {"uv": [59, 83], "uv_size": [6, 5]},
								"up": {"uv": [46, 46], "uv_size": [17, 6]},
								"down": {"uv": [49, 6], "uv_size": [17, -6]}
							}
						},
						{
							"origin": [-20.5, -0.5, -9.9],
							"size": [5, 17, 6],
							"uv": {
								"north": {"uv": [15, 52], "uv_size": [5, 17]},
								"east": {"uv": [34, 34], "uv_size": [6, 17]},
								"south": {"uv": [0, 55], "uv_size": [5, 17]},
								"west": {"uv": [0, 38], "uv_size": [6, 17]},
								"up": {"uv": [12, 80], "uv_size": [5, 6]},
								"down": {"uv": [43, 86], "uv_size": [5, -6]}
							}
						},
						{
							"origin": [15.5, -0.5, -9.9],
							"size": [5, 17, 6],
							"uv": {
								"north": {"uv": [25, 61], "uv_size": [5, 17]},
								"east": {"uv": [43, 0], "uv_size": [6, 17]},
								"south": {"uv": [30, 61], "uv_size": [5, 17]},
								"west": {"uv": [44, 17], "uv_size": [6, 17]},
								"up": {"uv": [77, 80], "uv_size": [5, 6]},
								"down": {"uv": [81, 21], "uv_size": [5, -6]}
							}
						},
						{
							"origin": [-8.5, 23.5, -9.85],
							"size": [17, 5, 5.9],
							"pivot": [0, 8, -6.9],
							"rotation": [0, 0, -45],
							"uv": {
								"north": {"uv": [50, 26], "uv_size": [17, 5]},
								"east": {"uv": [25, 78], "uv_size": [6, 5]},
								"south": {"uv": [57, 31], "uv_size": [17, 5]},
								"west": {"uv": [59, 78], "uv_size": [6, 5]},
								"up": {"uv": [27, 22], "uv_size": [17, 6]},
								"down": {"uv": [27, 34], "uv_size": [17, -6]}
							}
						},
						{
							"origin": [-8.5, -12.5, -9.85],
							"size": [17, 5, 5.9],
							"pivot": [0, 8, -6.9],
							"rotation": [0, 0, -45],
							"uv": {
								"north": {"uv": [43, 61], "uv_size": [17, 5]},
								"east": {"uv": [81, 21], "uv_size": [6, 5]},
								"south": {"uv": [60, 61], "uv_size": [17, 5]},
								"west": {"uv": [82, 80], "uv_size": [6, 5]},
								"up": {"uv": [6, 46], "uv_size": [17, 6]},
								"down": {"uv": [46, 46], "uv_size": [17, -6]}
							}
						},
						{
							"origin": [-8.5, -12.5, -9.85],
							"size": [17, 5, 5.9],
							"pivot": [0, 8, -6.9],
							"rotation": [0, 0, 45],
							"uv": {
								"north": {"uv": [60, 16], "uv_size": [17, 5]},
								"east": {"uv": [80, 41], "uv_size": [6, 5]},
								"south": {"uv": [60, 21], "uv_size": [17, 5]},
								"west": {"uv": [48, 80], "uv_size": [6, 5]},
								"up": {"uv": [6, 40], "uv_size": [17, 6]},
								"down": {"uv": [40, 40], "uv_size": [17, -6]}
							}
						},
						{
							"origin": [15.5, -0.5, -9.85],
							"size": [5, 17, 5.9],
							"pivot": [0, 8, -6.9],
							"rotation": [0, 0, -45],
							"uv": {
								"north": {"uv": [20, 57], "uv_size": [5, 17]},
								"east": {"uv": [23, 40], "uv_size": [6, 17]},
								"south": {"uv": [38, 57], "uv_size": [5, 17]},
								"west": {"uv": [40, 40], "uv_size": [6, 17]},
								"up": {"uv": [54, 80], "uv_size": [5, 6]},
								"down": {"uv": [80, 72], "uv_size": [5, -6]}
							}
						},
						{
							"origin": [-2, -8, -8.9],
							"size": [4, 11, 4],
							"pivot": [0, 8, -6.9],
							"rotation": [0, 0, -45],
							"uv": {
								"north": {"uv": [29, 40], "uv_size": [4, 11]},
								"east": {"uv": [5, 62], "uv_size": [4, 11]},
								"south": {"uv": [9, 62], "uv_size": [4, 11]},
								"west": {"uv": [43, 66], "uv_size": [4, 11]},
								"up": {"uv": [17, 85], "uv_size": [4, 4]},
								"down": {"uv": [21, 89], "uv_size": [4, -4]}
							}
						},
						{
							"origin": [-2, 13, -8.9],
							"size": [4, 11, 4],
							"pivot": [0, 8, -6.9],
							"rotation": [0, 0, -45],
							"uv": {
								"north": {"uv": [13, 69], "uv_size": [4, 11]},
								"east": {"uv": [17, 74], "uv_size": [4, 11]},
								"south": {"uv": [21, 74], "uv_size": [4, 11]},
								"west": {"uv": [35, 74], "uv_size": [4, 11]},
								"up": {"uv": [71, 85], "uv_size": [4, 4]},
								"down": {"uv": [82, 89], "uv_size": [4, -4]}
							}
						},
						{
							"origin": [5, 6, -8.9],
							"size": [11, 4, 4],
							"uv": {
								"north": {"uv": [66, 54], "uv_size": [11, 4]},
								"east": {"uv": [85, 46], "uv_size": [4, 4]},
								"south": {"uv": [58, 66], "uv_size": [11, 4]},
								"west": {"uv": [48, 85], "uv_size": [4, 4]},
								"up": {"uv": [67, 26], "uv_size": [11, 4]},
								"down": {"uv": [69, 70], "uv_size": [11, -4]}
							}
						},
						{
							"origin": [-16, 6, -8.9],
							"size": [11, 4, 4],
							"uv": {
								"north": {"uv": [74, 30], "uv_size": [11, 4]},
								"east": {"uv": [86, 10], "uv_size": [4, 4]},
								"south": {"uv": [74, 46], "uv_size": [11, 4]},
								"west": {"uv": [12, 86], "uv_size": [4, 4]},
								"up": {"uv": [47, 74], "uv_size": [11, 4]},
								"down": {"uv": [58, 78], "uv_size": [11, -4]}
							}
						},
						{
							"origin": [5, 6, -8.9],
							"size": [11, 4, 4],
							"pivot": [0, 8, -6.9],
							"rotation": [0, 0, -45],
							"uv": {
								"north": {"uv": [63, 46], "uv_size": [11, 4]},
								"east": {"uv": [35, 85], "uv_size": [4, 4]},
								"south": {"uv": [66, 0], "uv_size": [11, 4]},
								"west": {"uv": [39, 85], "uv_size": [4, 4]},
								"up": {"uv": [47, 66], "uv_size": [11, 4]},
								"down": {"uv": [66, 54], "uv_size": [11, -4]}
							}
						},
						{
							"origin": [-2, -8, -8.9],
							"size": [4, 11, 4],
							"uv": {
								"north": {"uv": [39, 74], "uv_size": [4, 11]},
								"east": {"uv": [69, 74], "uv_size": [4, 11]},
								"south": {"uv": [73, 74], "uv_size": [4, 11]},
								"west": {"uv": [76, 4], "uv_size": [4, 11]},
								"up": {"uv": [86, 14], "uv_size": [4, 4]},
								"down": {"uv": [86, 40], "uv_size": [4, -4]}
							}
						},
						{
							"origin": [-16, 6, -8.9],
							"size": [11, 4, 4],
							"pivot": [0, 8, -6.9],
							"rotation": [0, 0, -45],
							"uv": {
								"north": {"uv": [47, 70], "uv_size": [11, 4]},
								"east": {"uv": [85, 66], "uv_size": [4, 4]},
								"south": {"uv": [58, 70], "uv_size": [11, 4]},
								"west": {"uv": [67, 85], "uv_size": [4, 4]},
								"up": {"uv": [69, 70], "uv_size": [11, 4]},
								"down": {"uv": [0, 77], "uv_size": [11, -4]}
							}
						},
						{
							"origin": [-2, 13, -8.9],
							"size": [4, 11, 4],
							"uv": {
								"north": {"uv": [0, 77], "uv_size": [4, 11]},
								"east": {"uv": [4, 77], "uv_size": [4, 11]},
								"south": {"uv": [8, 77], "uv_size": [4, 11]},
								"west": {"uv": [77, 15], "uv_size": [4, 11]},
								"up": {"uv": [86, 40], "uv_size": [4, 4]},
								"down": {"uv": [43, 90], "uv_size": [4, -4]}
							}
						}
					]
				},
				{
					"name": "transmission",
					"parent": "bone5",
					"pivot": [8, 8, 8],
					"cubes": [
						{
							"origin": [-8, 0, -4],
							"size": [16, 16, 11],
							"uv": {
								"north": {"uv": [0, 0], "uv_size": [16, 16]},
								"east": {"uv": [16, 0], "uv_size": [11, 16]},
								"south": {"uv": [0, 16], "uv_size": [16, 16]},
								"west": {"uv": [16, 16], "uv_size": [11, 16]},
								"up": {"uv": [27, 0], "uv_size": [16, 11]},
								"down": {"uv": [27, 22], "uv_size": [16, -11]}
							}
						},
						{
							"origin": [-8, 0, 7],
							"size": [16, 2, 1],
							"uv": {
								"north": {"uv": [77, 78], "uv_size": [16, 2]},
								"east": {"uv": [26, 32], "uv_size": [1, 2]},
								"south": {"uv": [80, 4], "uv_size": [16, 2]},
								"west": {"uv": [33, 40], "uv_size": [1, 2]},
								"up": {"uv": [80, 72], "uv_size": [16, 1]},
								"down": {"uv": [80, 74], "uv_size": [16, -1]}
							}
						},
						{
							"origin": [-8, 14, 7],
							"size": [16, 2, 1],
							"uv": {
								"north": {"uv": [80, 6], "uv_size": [16, 2]},
								"east": {"uv": [33, 42], "uv_size": [1, 2]},
								"south": {"uv": [80, 8], "uv_size": [16, 2]},
								"west": {"uv": [43, 17], "uv_size": [1, 2]},
								"up": {"uv": [85, 30], "uv_size": [16, 1]},
								"down": {"uv": [85, 32], "uv_size": [16, -1]}
							}
						},
						{
							"origin": [6, 2, 7],
							"size": [2, 12, 1],
							"uv": {
								"north": {"uv": [35, 61], "uv_size": [2, 12]},
								"east": {"uv": [37, 61], "uv_size": [1, 12]},
								"south": {"uv": [31, 78], "uv_size": [2, 12]},
								"west": {"uv": [52, 85], "uv_size": [1, 12]},
								"up": {"uv": [50, 33], "uv_size": [2, 1]},
								"down": {"uv": [20, 53], "uv_size": [2, -1]}
							}
						},
						{
							"origin": [-8, 2, 7],
							"size": [2, 12, 1],
							"uv": {
								"north": {"uv": [33, 78], "uv_size": [2, 12]},
								"east": {"uv": [53, 85], "uv_size": [1, 12]},
								"south": {"uv": [65, 78], "uv_size": [2, 12]},
								"west": {"uv": [75, 85], "uv_size": [1, 12]},
								"up": {"uv": [52, 31], "uv_size": [2, 1]},
								"down": {"uv": [52, 33], "uv_size": [2, -1]}
							}
						}
					]
				}
			]
		}
	]
}