{
	"format_version": "1.12.0",
	"minecraft:geometry": [
		{
			"description": {
				"identifier": "geometry.gearbox",
				"texture_width": 256,
				"texture_height": 256,
				"visible_bounds_width": 2,
				"visible_bounds_height": 2.5,
				"visible_bounds_offset": [0, 0.75, 0]
			},
			"bones": [
				{
					"name": "1",
					"pivot": [0, 8, 0],
					"cubes": [
						{
							"origin": [-8, 0, -8],
							"size": [16, 2, 16],
							"uv": {
								"north": {"uv": [36, 146], "uv_size": [16, 2]},
								"east": {"uv": [0, 148], "uv_size": [16, 2]},
								"south": {"uv": [36, 148], "uv_size": [16, 2]},
								"west": {"uv": [88, 148], "uv_size": [16, 2]},
								"up": {"uv": [0, 0], "uv_size": [16, 16]},
								"down": {"uv": [0, 32], "uv_size": [16, -16]}
							}
						},
						{
							"origin": [-7, 2, -7],
							"size": [14, 12, 14],
							"uv": {
								"north": {"uv": [110, 14], "uv_size": [14, 12]},
								"east": {"uv": [110, 26], "uv_size": [14, 12]},
								"south": {"uv": [28, 110], "uv_size": [14, 12]},
								"west": {"uv": [110, 38], "uv_size": [14, 12]},
								"up": {"uv": [0, 96], "uv_size": [14, 14]},
								"down": {"uv": [96, 14], "uv_size": [14, -14]}
							}
						},
						{
							"origin": [-8, 14, -8],
							"size": [16, 2, 16],
							"uv": {
								"north": {"uv": [124, 148], "uv_size": [16, 2]},
								"east": {"uv": [144, 148], "uv_size": [16, 2]},
								"south": {"uv": [0, 150], "uv_size": [16, 2]},
								"west": {"uv": [16, 150], "uv_size": [16, 2]},
								"up": {"uv": [16, 0], "uv_size": [16, 16]},
								"down": {"uv": [16, 32], "uv_size": [16, -16]}
							}
						}
					]
				},
				{
					"name": "2",
					"pivot": [0, 8, 0],
					"cubes": [
						{
							"origin": [-8, 0, -8],
							"size": [16, 2, 16],
							"uv": {
								"north": {"uv": [36, 150], "uv_size": [16, 2]},
								"east": {"uv": [88, 150], "uv_size": [16, 2]},
								"south": {"uv": [116, 150], "uv_size": [16, 2]},
								"west": {"uv": [144, 150], "uv_size": [16, 2]},
								"up": {"uv": [0, 32], "uv_size": [16, 16]},
								"down": {"uv": [32, 16], "uv_size": [16, -16]}
							}
						},
						{
							"origin": [-7, 2, -7],
							"size": [14, 12, 14],
							"uv": {
								"north": {"uv": [42, 110], "uv_size": [14, 12]},
								"east": {"uv": [110, 50], "uv_size": [14, 12]},
								"south": {"uv": [56, 110], "uv_size": [14, 12]},
								"west": {"uv": [110, 62], "uv_size": [14, 12]},
								"up": {"uv": [14, 96], "uv_size": [14, 14]},
								"down": {"uv": [96, 28], "uv_size": [14, -14]}
							}
						},
						{
							"origin": [-8, 14, -8],
							"size": [16, 2, 16],
							"uv": {
								"north": {"uv": [0, 152], "uv_size": [16, 2]},
								"east": {"uv": [16, 152], "uv_size": [16, 2]},
								"south": {"uv": [36, 152], "uv_size": [16, 2]},
								"west": {"uv": [88, 152], "uv_size": [16, 2]},
								"up": {"uv": [16, 32], "uv_size": [16, 16]},
								"down": {"uv": [32, 32], "uv_size": [16, -16]}
							}
						}
					]
				},
				{
					"name": "3",
					"pivot": [0, 8, 0],
					"cubes": [
						{
							"origin": [-8, 0, -8],
							"size": [16, 2, 16],
							"uv": {
								"north": {"uv": [116, 152], "uv_size": [16, 2]},
								"east": {"uv": [144, 152], "uv_size": [16, 2]},
								"south": {"uv": [0, 154], "uv_size": [16, 2]},
								"west": {"uv": [154, 0], "uv_size": [16, 2]},
								"up": {"uv": [32, 32], "uv_size": [16, 16]},
								"down": {"uv": [0, 64], "uv_size": [16, -16]}
							}
						},
						{
							"origin": [-7, 2, -7],
							"size": [14, 12, 14],
							"uv": {
								"north": {"uv": [70, 110], "uv_size": [14, 12]},
								"east": {"uv": [84, 110], "uv_size": [14, 12]},
								"south": {"uv": [112, 74], "uv_size": [14, 12]},
								"west": {"uv": [112, 86], "uv_size": [14, 12]},
								"up": {"uv": [28, 96], "uv_size": [14, 14]},
								"down": {"uv": [96, 42], "uv_size": [14, -14]}
							}
						},
						{
							"origin": [-8, 14, -8],
							"size": [16, 2, 16],
							"uv": {
								"north": {"uv": [154, 2], "uv_size": [16, 2]},
								"east": {"uv": [154, 4], "uv_size": [16, 2]},
								"south": {"uv": [154, 6], "uv_size": [16, 2]},
								"west": {"uv": [154, 8], "uv_size": [16, 2]},
								"up": {"uv": [48, 0], "uv_size": [16, 16]},
								"down": {"uv": [16, 64], "uv_size": [16, -16]}
							}
						}
					]
				},
				{
					"name": "4",
					"pivot": [0, 8, 0],
					"cubes": [
						{
							"origin": [-8, 0, -8],
							"size": [16, 2, 16],
							"uv": {
								"north": {"uv": [154, 10], "uv_size": [16, 2]},
								"east": {"uv": [154, 12], "uv_size": [16, 2]},
								"south": {"uv": [154, 14], "uv_size": [16, 2]},
								"west": {"uv": [16, 154], "uv_size": [16, 2]},
								"up": {"uv": [48, 16], "uv_size": [16, 16]},
								"down": {"uv": [32, 64], "uv_size": [16, -16]}
							}
						},
						{
							"origin": [-7, 2, -7],
							"size": [14, 12, 14],
							"uv": {
								"north": {"uv": [98, 112], "uv_size": [14, 12]},
								"east": {"uv": [112, 98], "uv_size": [14, 12]},
								"south": {"uv": [112, 110], "uv_size": [14, 12]},
								"west": {"uv": [28, 122], "uv_size": [14, 12]},
								"up": {"uv": [42, 96], "uv_size": [14, 14]},
								"down": {"uv": [96, 56], "uv_size": [14, -14]}
							}
						},
						{
							"origin": [-8, 14, -8],
							"size": [16, 2, 16],
							"uv": {
								"north": {"uv": [154, 16], "uv_size": [16, 2]},
								"east": {"uv": [154, 18], "uv_size": [16, 2]},
								"south": {"uv": [154, 20], "uv_size": [16, 2]},
								"west": {"uv": [154, 22], "uv_size": [16, 2]},
								"up": {"uv": [48, 32], "uv_size": [16, 16]},
								"down": {"uv": [48, 64], "uv_size": [16, -16]}
							}
						}
					]
				},
				{
					"name": "5",
					"pivot": [0, 8, 0],
					"cubes": [
						{
							"origin": [-8, 0, -8],
							"size": [16, 2, 16],
							"uv": {
								"north": {"uv": [154, 24], "uv_size": [16, 2]},
								"east": {"uv": [154, 26], "uv_size": [16, 2]},
								"south": {"uv": [32, 154], "uv_size": [16, 2]},
								"west": {"uv": [154, 44], "uv_size": [16, 2]},
								"up": {"uv": [0, 64], "uv_size": [16, 16]},
								"down": {"uv": [64, 16], "uv_size": [16, -16]}
							}
						},
						{
							"origin": [-7, 2, -7],
							"size": [14, 12, 14],
							"uv": {
								"north": {"uv": [42, 122], "uv_size": [14, 12]},
								"east": {"uv": [56, 122], "uv_size": [14, 12]},
								"south": {"uv": [70, 122], "uv_size": [14, 12]},
								"west": {"uv": [84, 122], "uv_size": [14, 12]},
								"up": {"uv": [56, 96], "uv_size": [14, 14]},
								"down": {"uv": [96, 70], "uv_size": [14, -14]}
							}
						},
						{
							"origin": [-8, 14, -8],
							"size": [16, 2, 16],
							"uv": {
								"north": {"uv": [154, 46], "uv_size": [16, 2]},
								"east": {"uv": [48, 154], "uv_size": [16, 2]},
								"south": {"uv": [154, 48], "uv_size": [16, 2]},
								"west": {"uv": [154, 50], "uv_size": [16, 2]},
								"up": {"uv": [16, 64], "uv_size": [16, 16]},
								"down": {"uv": [64, 32], "uv_size": [16, -16]}
							}
						}
					]
				},
				{
					"name": "6",
					"pivot": [0, 8, 0],
					"cubes": [
						{
							"origin": [-8, 0, -8],
							"size": [16, 2, 16],
							"uv": {
								"north": {"uv": [154, 52], "uv_size": [16, 2]},
								"east": {"uv": [154, 54], "uv_size": [16, 2]},
								"south": {"uv": [154, 56], "uv_size": [16, 2]},
								"west": {"uv": [154, 58], "uv_size": [16, 2]},
								"up": {"uv": [32, 64], "uv_size": [16, 16]},
								"down": {"uv": [64, 48], "uv_size": [16, -16]}
							}
						},
						{
							"origin": [-7, 2, -7],
							"size": [14, 12, 14],
							"uv": {
								"north": {"uv": [112, 122], "uv_size": [14, 12]},
								"east": {"uv": [0, 124], "uv_size": [14, 12]},
								"south": {"uv": [124, 0], "uv_size": [14, 12]},
								"west": {"uv": [124, 12], "uv_size": [14, 12]},
								"up": {"uv": [70, 96], "uv_size": [14, 14]},
								"down": {"uv": [96, 84], "uv_size": [14, -14]}
							}
						},
						{
							"origin": [-8, 14, -8],
							"size": [16, 2, 16],
							"uv": {
								"north": {"uv": [154, 60], "uv_size": [16, 2]},
								"east": {"uv": [154, 62], "uv_size": [16, 2]},
								"south": {"uv": [154, 64], "uv_size": [16, 2]},
								"west": {"uv": [154, 66], "uv_size": [16, 2]},
								"up": {"uv": [48, 64], "uv_size": [16, 16]},
								"down": {"uv": [64, 64], "uv_size": [16, -16]}
							}
						}
					]
				},
				{
					"name": "7",
					"pivot": [0, 8, 0],
					"cubes": [
						{
							"origin": [-8, 0, -8],
							"size": [16, 2, 16],
							"uv": {
								"north": {"uv": [154, 68], "uv_size": [16, 2]},
								"east": {"uv": [154, 70], "uv_size": [16, 2]},
								"south": {"uv": [88, 154], "uv_size": [16, 2]},
								"west": {"uv": [116, 154], "uv_size": [16, 2]},
								"up": {"uv": [64, 64], "uv_size": [16, 16]},
								"down": {"uv": [0, 96], "uv_size": [16, -16]}
							}
						},
						{
							"origin": [-7, 2, -7],
							"size": [14, 12, 14],
							"uv": {
								"north": {"uv": [14, 124], "uv_size": [14, 12]},
								"east": {"uv": [124, 24], "uv_size": [14, 12]},
								"south": {"uv": [124, 36], "uv_size": [14, 12]},
								"west": {"uv": [124, 48], "uv_size": [14, 12]},
								"up": {"uv": [84, 96], "uv_size": [14, 14]},
								"down": {"uv": [98, 98], "uv_size": [14, -14]}
							}
						},
						{
							"origin": [-8, 14, -8],
							"size": [16, 2, 16],
							"uv": {
								"north": {"uv": [144, 154], "uv_size": [16, 2]},
								"east": {"uv": [0, 156], "uv_size": [16, 2]},
								"south": {"uv": [16, 156], "uv_size": [16, 2]},
								"west": {"uv": [32, 156], "uv_size": [16, 2]},
								"up": {"uv": [80, 0], "uv_size": [16, 16]},
								"down": {"uv": [16, 96], "uv_size": [16, -16]}
							}
						}
					]
				},
				{
					"name": "8",
					"pivot": [0, 8, 0],
					"cubes": [
						{
							"origin": [-8, 0, -8],
							"size": [16, 2, 16],
							"uv": {
								"north": {"uv": [48, 156], "uv_size": [16, 2]},
								"east": {"uv": [156, 72], "uv_size": [16, 2]},
								"south": {"uv": [156, 74], "uv_size": [16, 2]},
								"west": {"uv": [156, 76], "uv_size": [16, 2]},
								"up": {"uv": [80, 16], "uv_size": [16, 16]},
								"down": {"uv": [32, 96], "uv_size": [16, -16]}
							}
						},
						{
							"origin": [-7, 2, -7],
							"size": [14, 12, 14],
							"uv": {
								"north": {"uv": [124, 60], "uv_size": [14, 12]},
								"east": {"uv": [98, 124], "uv_size": [14, 12]},
								"south": {"uv": [126, 72], "uv_size": [14, 12]},
								"west": {"uv": [126, 84], "uv_size": [14, 12]},
								"up": {"uv": [98, 98], "uv_size": [14, 14]},
								"down": {"uv": [0, 124], "uv_size": [14, -14]}
							}
						},
						{
							"origin": [-8, 14, -8],
							"size": [16, 2, 16],
							"uv": {
								"north": {"uv": [156, 78], "uv_size": [16, 2]},
								"east": {"uv": [84, 156], "uv_size": [16, 2]},
								"south": {"uv": [156, 96], "uv_size": [16, 2]},
								"west": {"uv": [156, 98], "uv_size": [16, 2]},
								"up": {"uv": [80, 32], "uv_size": [16, 16]},
								"down": {"uv": [48, 96], "uv_size": [16, -16]}
							}
						}
					]
				},
				{
					"name": "9",
					"pivot": [0, 8, 0],
					"cubes": [
						{
							"origin": [-8, 0, -8],
							"size": [16, 2, 16],
							"uv": {
								"north": {"uv": [100, 156], "uv_size": [16, 2]},
								"east": {"uv": [156, 100], "uv_size": [16, 2]},
								"south": {"uv": [156, 102], "uv_size": [16, 2]},
								"west": {"uv": [156, 104], "uv_size": [16, 2]},
								"up": {"uv": [80, 48], "uv_size": [16, 16]},
								"down": {"uv": [64, 96], "uv_size": [16, -16]}
							}
						},
						{
							"origin": [-7, 2, -7],
							"size": [14, 12, 14],
							"uv": {
								"north": {"uv": [126, 96], "uv_size": [14, 12]},
								"east": {"uv": [126, 108], "uv_size": [14, 12]},
								"south": {"uv": [126, 120], "uv_size": [14, 12]},
								"west": {"uv": [126, 132], "uv_size": [14, 12]},
								"up": {"uv": [110, 0], "uv_size": [14, 14]},
								"down": {"uv": [14, 124], "uv_size": [14, -14]}
							}
						},
						{
							"origin": [-8, 14, -8],
							"size": [16, 2, 16],
							"uv": {
								"north": {"uv": [156, 106], "uv_size": [16, 2]},
								"east": {"uv": [156, 108], "uv_size": [16, 2]},
								"south": {"uv": [156, 110], "uv_size": [16, 2]},
								"west": {"uv": [156, 112], "uv_size": [16, 2]},
								"up": {"uv": [80, 64], "uv_size": [16, 16]},
								"down": {"uv": [80, 96], "uv_size": [16, -16]}
							}
						}
					]
				},
				{
					"name": "axis1",
					"pivot": [0, 8, 0],
					"cubes": [
						{
							"origin": [-2, 6, -8],
							"size": [4, 4, 16],
							"uv": {
								"north": {"uv": [60, 150], "uv_size": [4, 4]},
								"east": {"uv": [28, 134], "uv_size": [16, 4]},
								"south": {"uv": [64, 150], "uv_size": [4, 4]},
								"west": {"uv": [44, 134], "uv_size": [16, 4]},
								"up": {"uv": [60, 134], "uv_size": [4, 16]},
								"down": {"uv": [64, 150], "uv_size": [4, -16]}
							}
						}
					]
				},
				{
					"name": "axis2",
					"pivot": [0, 8, 0],
					"rotation": [0, 0, -10],
					"cubes": [
						{
							"origin": [-2, 6, -8],
							"size": [4, 4, 16],
							"uv": {
								"north": {"uv": [64, 154], "uv_size": [4, 4]},
								"east": {"uv": [138, 0], "uv_size": [16, 4]},
								"south": {"uv": [132, 154], "uv_size": [4, 4]},
								"west": {"uv": [138, 4], "uv_size": [16, 4]},
								"up": {"uv": [116, 134], "uv_size": [4, 16]},
								"down": {"uv": [120, 150], "uv_size": [4, -16]}
							}
						}
					]
				},
				{
					"name": "axis3",
					"pivot": [0, 8, 0],
					"rotation": [0, 0, -20],
					"cubes": [
						{
							"origin": [-2, 6, -8],
							"size": [4, 4, 16],
							"uv": {
								"north": {"uv": [116, 156], "uv_size": [4, 4]},
								"east": {"uv": [138, 20], "uv_size": [16, 4]},
								"south": {"uv": [156, 118], "uv_size": [4, 4]},
								"west": {"uv": [138, 24], "uv_size": [16, 4]},
								"up": {"uv": [138, 28], "uv_size": [4, 16]},
								"down": {"uv": [32, 154], "uv_size": [4, -16]}
							}
						}
					]
				},
				{
					"name": "axis4",
					"pivot": [0, 8, 0],
					"rotation": [0, 0, -30],
					"cubes": [
						{
							"origin": [-2, 6, -8],
							"size": [4, 4, 16],
							"uv": {
								"north": {"uv": [124, 156], "uv_size": [4, 4]},
								"east": {"uv": [138, 56], "uv_size": [16, 4]},
								"south": {"uv": [156, 126], "uv_size": [4, 4]},
								"west": {"uv": [138, 60], "uv_size": [16, 4]},
								"up": {"uv": [52, 138], "uv_size": [4, 16]},
								"down": {"uv": [56, 154], "uv_size": [4, -16]}
							}
						}
					]
				},
				{
					"name": "axis5",
					"pivot": [0, 8, 0],
					"rotation": [0, 0, -40],
					"cubes": [
						{
							"origin": [-2, 6, -8],
							"size": [4, 4, 16],
							"uv": {
								"north": {"uv": [156, 134], "uv_size": [4, 4]},
								"east": {"uv": [140, 72], "uv_size": [16, 4]},
								"south": {"uv": [140, 156], "uv_size": [4, 4]},
								"west": {"uv": [140, 76], "uv_size": [16, 4]},
								"up": {"uv": [140, 80], "uv_size": [4, 16]},
								"down": {"uv": [84, 156], "uv_size": [4, -16]}
							}
						}
					]
				},
				{
					"name": "axis6",
					"pivot": [0, 8, 0],
					"rotation": [0, 0, -50],
					"cubes": [
						{
							"origin": [-2, 6, -8],
							"size": [4, 4, 16],
							"uv": {
								"north": {"uv": [152, 156], "uv_size": [4, 4]},
								"east": {"uv": [140, 108], "uv_size": [16, 4]},
								"south": {"uv": [156, 156], "uv_size": [4, 4]},
								"west": {"uv": [140, 112], "uv_size": [16, 4]},
								"up": {"uv": [104, 140], "uv_size": [4, 16]},
								"down": {"uv": [108, 156], "uv_size": [4, -16]}
							}
						}
					]
				},
				{
					"name": "axis7",
					"pivot": [0, 8, 0],
					"rotation": [0, 0, -60],
					"cubes": [
						{
							"origin": [-2, 6, -8],
							"size": [4, 4, 16],
							"uv": {
								"north": {"uv": [8, 158], "uv_size": [4, 4]},
								"east": {"uv": [140, 132], "uv_size": [16, 4]},
								"south": {"uv": [12, 158], "uv_size": [4, 4]},
								"west": {"uv": [140, 136], "uv_size": [16, 4]},
								"up": {"uv": [112, 140], "uv_size": [4, 16]},
								"down": {"uv": [140, 156], "uv_size": [4, -16]}
							}
						}
					]
				},
				{
					"name": "axis8",
					"pivot": [0, 8, 0],
					"rotation": [0, 0, -70],
					"cubes": [
						{
							"origin": [-2, 6, -8],
							"size": [4, 4, 16],
							"uv": {
								"north": {"uv": [24, 158], "uv_size": [4, 4]},
								"east": {"uv": [142, 36], "uv_size": [16, 4]},
								"south": {"uv": [28, 158], "uv_size": [4, 4]},
								"west": {"uv": [142, 40], "uv_size": [16, 4]},
								"up": {"uv": [68, 142], "uv_size": [4, 16]},
								"down": {"uv": [72, 158], "uv_size": [4, -16]}
							}
						}
					]
				},
				{
					"name": "axis9",
					"pivot": [0, 8, 0],
					"rotation": [0, 0, -80],
					"cubes": [
						{
							"origin": [-2, 6, -8],
							"size": [4, 4, 16],
							"uv": {
								"north": {"uv": [158, 32], "uv_size": [4, 4]},
								"east": {"uv": [144, 88], "uv_size": [16, 4]},
								"south": {"uv": [36, 158], "uv_size": [4, 4]},
								"west": {"uv": [144, 92], "uv_size": [16, 4]},
								"up": {"uv": [76, 142], "uv_size": [4, 16]},
								"down": {"uv": [80, 158], "uv_size": [4, -16]}
							}
						}
					]
				},
				{
					"name": "axis10",
					"pivot": [0, 0, 0],
					"cubes": [
						{
							"origin": [-8, 6, -2],
							"size": [16, 4, 4],
							"uv": {
								"north": {"uv": [68, 134], "uv_size": [16, 4]},
								"east": {"uv": [132, 150], "uv_size": [4, 4]},
								"south": {"uv": [0, 136], "uv_size": [16, 4]},
								"west": {"uv": [136, 150], "uv_size": [4, 4]},
								"up": {"uv": [84, 136], "uv_size": [16, 4]},
								"down": {"uv": [100, 140], "uv_size": [16, -4]}
							}
						}
					]
				},
				{
					"name": "axis11",
					"pivot": [0, 8, 0],
					"rotation": [10, 0, 0],
					"cubes": [
						{
							"origin": [-8, 6, -2],
							"size": [16, 4, 4],
							"uv": {
								"north": {"uv": [138, 8], "uv_size": [16, 4]},
								"east": {"uv": [136, 154], "uv_size": [4, 4]},
								"south": {"uv": [138, 12], "uv_size": [16, 4]},
								"west": {"uv": [156, 114], "uv_size": [4, 4]},
								"up": {"uv": [16, 138], "uv_size": [16, 4]},
								"down": {"uv": [138, 20], "uv_size": [16, -4]}
							}
						}
					]
				},
				{
					"name": "axis12",
					"pivot": [0, 8, 0],
					"rotation": [20, 0, 0],
					"cubes": [
						{
							"origin": [-8, 6, -2],
							"size": [16, 4, 4],
							"uv": {
								"north": {"uv": [36, 138], "uv_size": [16, 4]},
								"east": {"uv": [120, 156], "uv_size": [4, 4]},
								"south": {"uv": [138, 44], "uv_size": [16, 4]},
								"west": {"uv": [156, 122], "uv_size": [4, 4]},
								"up": {"uv": [138, 48], "uv_size": [16, 4]},
								"down": {"uv": [138, 56], "uv_size": [16, -4]}
							}
						}
					]
				},
				{
					"name": "axis13",
					"pivot": [0, 8, 0],
					"rotation": [30, 0, 0],
					"cubes": [
						{
							"origin": [-8, 6, -2],
							"size": [16, 4, 4],
							"uv": {
								"north": {"uv": [138, 64], "uv_size": [16, 4]},
								"east": {"uv": [128, 156], "uv_size": [4, 4]},
								"south": {"uv": [68, 138], "uv_size": [16, 4]},
								"west": {"uv": [156, 130], "uv_size": [4, 4]},
								"up": {"uv": [138, 68], "uv_size": [16, 4]},
								"down": {"uv": [0, 144], "uv_size": [16, -4]}
							}
						}
					]
				},
				{
					"name": "axis14",
					"pivot": [0, 8, 0],
					"rotation": [40, 0, 0],
					"cubes": [
						{
							"origin": [-8, 6, -2],
							"size": [16, 4, 4],
							"uv": {
								"north": {"uv": [88, 140], "uv_size": [16, 4]},
								"east": {"uv": [144, 156], "uv_size": [4, 4]},
								"south": {"uv": [140, 96], "uv_size": [16, 4]},
								"west": {"uv": [148, 156], "uv_size": [4, 4]},
								"up": {"uv": [140, 100], "uv_size": [16, 4]},
								"down": {"uv": [140, 108], "uv_size": [16, -4]}
							}
						}
					]
				},
				{
					"name": "axis15",
					"pivot": [0, 8, 0],
					"rotation": [50, 0, 0],
					"cubes": [
						{
							"origin": [-8, 6, -2],
							"size": [16, 4, 4],
							"uv": {
								"north": {"uv": [140, 116], "uv_size": [16, 4]},
								"east": {"uv": [0, 158], "uv_size": [4, 4]},
								"south": {"uv": [140, 120], "uv_size": [16, 4]},
								"west": {"uv": [4, 158], "uv_size": [4, 4]},
								"up": {"uv": [140, 124], "uv_size": [16, 4]},
								"down": {"uv": [140, 132], "uv_size": [16, -4]}
							}
						}
					]
				},
				{
					"name": "axis16",
					"pivot": [0, 8, 0],
					"rotation": [60, 0, 0],
					"cubes": [
						{
							"origin": [-8, 6, -2],
							"size": [16, 4, 4],
							"uv": {
								"north": {"uv": [16, 142], "uv_size": [16, 4]},
								"east": {"uv": [16, 158], "uv_size": [4, 4]},
								"south": {"uv": [142, 28], "uv_size": [16, 4]},
								"west": {"uv": [20, 158], "uv_size": [4, 4]},
								"up": {"uv": [142, 32], "uv_size": [16, 4]},
								"down": {"uv": [36, 146], "uv_size": [16, -4]}
							}
						}
					]
				},
				{
					"name": "axis17",
					"pivot": [0, 8, 0],
					"rotation": [70, 0, 0],
					"cubes": [
						{
							"origin": [-8, 6, -2],
							"size": [16, 4, 4],
							"uv": {
								"north": {"uv": [0, 144], "uv_size": [16, 4]},
								"east": {"uv": [158, 28], "uv_size": [4, 4]},
								"south": {"uv": [144, 80], "uv_size": [16, 4]},
								"west": {"uv": [32, 158], "uv_size": [4, 4]},
								"up": {"uv": [144, 84], "uv_size": [16, 4]},
								"down": {"uv": [88, 148], "uv_size": [16, -4]}
							}
						}
					]
				},
				{
					"name": "axis18",
					"pivot": [0, 8, 0],
					"rotation": [80, 0, 0],
					"cubes": [
						{
							"origin": [-8, 6, -2],
							"size": [16, 4, 4],
							"uv": {
								"north": {"uv": [124, 144], "uv_size": [16, 4]},
								"east": {"uv": [158, 36], "uv_size": [4, 4]},
								"south": {"uv": [144, 140], "uv_size": [16, 4]},
								"west": {"uv": [40, 158], "uv_size": [4, 4]},
								"up": {"uv": [144, 144], "uv_size": [16, 4]},
								"down": {"uv": [16, 150], "uv_size": [16, -4]}
							}
						}
					]
				}
			]
		}
	]
}