{
	"format_version": "1.12.0",
	"minecraft:geometry": [
		{
			"description": {
				"identifier": "geometry.large_cogwheel",
				"texture_width": 128,
				"texture_height": 128,
				"visible_bounds_width": 3,
				"visible_bounds_height": 2.5,
				"visible_bounds_offset": [0, 0.75, 0]
			},
			"bones": [
				{
					"name": "middle",
					"pivot": [0, 8, 0],
					"rotation": [0, 0, 90],
					"cubes": [
						{
							"origin": [-7, 5, -7],
							"size": [14, 6, 14],
							"uv": {
								"north": {"uv": [77, 60], "uv_size": [14, 6]},
								"east": {"uv": [15, 80], "uv_size": [14, 6]},
								"south": {"uv": [29, 80], "uv_size": [14, 6]},
								"west": {"uv": [43, 80], "uv_size": [14, 6]},
								"up": {"uv": [0, 40], "uv_size": [14, 14]},
								"down": {"uv": [40, 14], "uv_size": [14, -14]}
							}
						},
						{
							"origin": [-10, 6.9, -10],
							"size": [20, 2, 20],
							"pivot": [0, 8, 0],
							"rotation": [0, -45, 0],
							"uv": {
								"north": {"uv": [100, 32], "uv_size": [20, 2]},
								"east": {"uv": [100, 34], "uv_size": [20, 2]},
								"south": {"uv": [103, 60], "uv_size": [20, 2]},
								"west": {"uv": [103, 62], "uv_size": [20, 2]},
								"up": {"uv": [0, 0], "uv_size": [20, 20]},
								"down": {"uv": [0, 40], "uv_size": [20, -20]}
							}
						},
						{
							"origin": [-9, 5.5, -7],
							"size": [2, 5, 14],
							"uv": {
								"north": {"uv": [12, 68], "uv_size": [2, 5]},
								"east": {"uv": [57, 80], "uv_size": [14, 5]},
								"south": {"uv": [95, 76], "uv_size": [2, 5]},
								"west": {"uv": [81, 77], "uv_size": [14, 5]},
								"up": {"uv": [12, 54], "uv_size": [2, 14]},
								"down": {"uv": [51, 116], "uv_size": [2, -14]}
							}
						},
						{
							"origin": [-7, 5.5, -9],
							"size": [14, 5, 2],
							"uv": {
								"north": {"uv": [81, 82], "uv_size": [14, 5]},
								"east": {"uv": [95, 81], "uv_size": [2, 5]},
								"south": {"uv": [84, 0], "uv_size": [14, 5]},
								"west": {"uv": [98, 0], "uv_size": [2, 5]},
								"up": {"uv": [54, 12], "uv_size": [14, 2]},
								"down": {"uv": [77, 68], "uv_size": [14, -2]}
							}
						},
						{
							"origin": [7, 5.5, -7],
							"size": [2, 5, 14],
							"uv": {
								"north": {"uv": [98, 5], "uv_size": [2, 5]},
								"east": {"uv": [84, 5], "uv_size": [14, 5]},
								"south": {"uv": [95, 103], "uv_size": [2, 5]},
								"west": {"uv": [57, 85], "uv_size": [14, 5]},
								"up": {"uv": [53, 102], "uv_size": [2, 14]},
								"down": {"uv": [81, 117], "uv_size": [2, -14]}
							}
						},
						{
							"origin": [-7, 5.5, 7],
							"size": [14, 5, 2],
							"uv": {
								"north": {"uv": [15, 86], "uv_size": [14, 5]},
								"east": {"uv": [105, 86], "uv_size": [2, 5]},
								"south": {"uv": [29, 86], "uv_size": [14, 5]},
								"west": {"uv": [105, 91], "uv_size": [2, 5]},
								"up": {"uv": [84, 10], "uv_size": [14, 2]},
								"down": {"uv": [103, 74], "uv_size": [14, -2]}
							}
						}
					]
				},
				{
					"name": "bone",
					"pivot": [0, 8, 0],
					"rotation": [0, 0, 90],
					"cubes": [
						{
							"origin": [-15, 6.5, -1.5],
							"size": [30, 3, 3],
							"pivot": [0, 0, 0],
							"rotation": [0, -22.5, 0],
							"uv": {
								"north": {"uv": [14, 40], "uv_size": [30, 3]},
								"east": {"uv": [105, 96], "uv_size": [3, 3]},
								"south": {"uv": [40, 14], "uv_size": [30, 3]},
								"west": {"uv": [105, 99], "uv_size": [3, 3]},
								"up": {"uv": [40, 17], "uv_size": [30, 3]},
								"down": {"uv": [40, 23], "uv_size": [30, -3]}
							}
						},
						{
							"origin": [-15, 6.5, -1.5],
							"size": [30, 3, 3],
							"pivot": [0, 0, 0],
							"rotation": [0, 22.5, 0],
							"uv": {
								"north": {"uv": [40, 23], "uv_size": [30, 3]},
								"east": {"uv": [105, 102], "uv_size": [3, 3]},
								"south": {"uv": [40, 26], "uv_size": [30, 3]},
								"west": {"uv": [105, 105], "uv_size": [3, 3]},
								"up": {"uv": [40, 29], "uv_size": [30, 3]},
								"down": {"uv": [40, 35], "uv_size": [30, -3]}
							}
						},
						{
							"origin": [-1.5, 6.5, -15],
							"size": [3, 3, 30],
							"pivot": [0, 0, 0],
							"rotation": [0, -22.5, 0],
							"uv": {
								"north": {"uv": [55, 106], "uv_size": [3, 3]},
								"east": {"uv": [40, 35], "uv_size": [30, 3]},
								"south": {"uv": [58, 106], "uv_size": [3, 3]},
								"west": {"uv": [14, 43], "uv_size": [30, 3]},
								"up": {"uv": [44, 38], "uv_size": [3, 30]},
								"down": {"uv": [14, 76], "uv_size": [3, -30]}
							}
						},
						{
							"origin": [-10, 7, -10],
							"size": [20, 2, 20],
							"uv": {
								"north": {"uv": [103, 64], "uv_size": [20, 2]},
								"east": {"uv": [103, 66], "uv_size": [20, 2]},
								"south": {"uv": [103, 68], "uv_size": [20, 2]},
								"west": {"uv": [103, 70], "uv_size": [20, 2]},
								"up": {"uv": [20, 0], "uv_size": [20, 20]},
								"down": {"uv": [20, 40], "uv_size": [20, -20]}
							}
						},
						{
							"origin": [-1.5, 6.5, -15],
							"size": [3, 3, 30],
							"pivot": [0, 0, 0],
							"rotation": [0, 22.5, 0],
							"uv": {
								"north": {"uv": [61, 106], "uv_size": [3, 3]},
								"east": {"uv": [47, 38], "uv_size": [30, 3]},
								"south": {"uv": [64, 106], "uv_size": [3, 3]},
								"west": {"uv": [47, 41], "uv_size": [30, 3]},
								"up": {"uv": [17, 46], "uv_size": [3, 30]},
								"down": {"uv": [20, 76], "uv_size": [3, -30]}
							}
						},
						{
							"origin": [-15, 6.5, -1.5],
							"size": [30, 3, 3],
							"pivot": [0, 0, 0],
							"rotation": [0, -45, 0],
							"uv": {
								"north": {"uv": [47, 44], "uv_size": [30, 3]},
								"east": {"uv": [67, 106], "uv_size": [3, 3]},
								"south": {"uv": [47, 47], "uv_size": [30, 3]},
								"west": {"uv": [15, 107], "uv_size": [3, 3]},
								"up": {"uv": [47, 50], "uv_size": [30, 3]},
								"down": {"uv": [47, 56], "uv_size": [30, -3]}
							}
						},
						{
							"origin": [-1.5, 6.5, -15],
							"size": [3, 3, 30],
							"pivot": [0, 0, 0],
							"rotation": [0, -45, 0],
							"uv": {
								"north": {"uv": [18, 107], "uv_size": [3, 3]},
								"east": {"uv": [54, 0], "uv_size": [30, 3]},
								"south": {"uv": [21, 107], "uv_size": [3, 3]},
								"west": {"uv": [54, 3], "uv_size": [30, 3]},
								"up": {"uv": [23, 46], "uv_size": [3, 30]},
								"down": {"uv": [26, 76], "uv_size": [3, -30]}
							}
						},
						{
							"origin": [-15, 6.5, -1.5],
							"size": [30, 3, 3],
							"uv": {
								"north": {"uv": [54, 6], "uv_size": [30, 3]},
								"east": {"uv": [24, 107], "uv_size": [3, 3]},
								"south": {"uv": [54, 9], "uv_size": [30, 3]},
								"west": {"uv": [27, 107], "uv_size": [3, 3]},
								"up": {"uv": [47, 56], "uv_size": [30, 3]},
								"down": {"uv": [47, 62], "uv_size": [30, -3]}
							}
						},
						{
							"origin": [-1.5, 6.5, -15],
							"size": [3, 3, 30],
							"uv": {
								"north": {"uv": [30, 107], "uv_size": [3, 3]},
								"east": {"uv": [47, 62], "uv_size": [30, 3]},
								"south": {"uv": [33, 107], "uv_size": [3, 3]},
								"west": {"uv": [47, 65], "uv_size": [30, 3]},
								"up": {"uv": [29, 46], "uv_size": [3, 30]},
								"down": {"uv": [32, 76], "uv_size": [3, -30]}
							}
						}
					]
				},
				{
					"name": "bone2",
					"pivot": [0, 8, 0],
					"rotation": [0, 11, 90],
					"cubes": [
						{
							"origin": [-15, 6.5, -1.5],
							"size": [30, 3, 3],
							"pivot": [0, 0, 0],
							"rotation": [0, -22.5, 0],
							"uv": {
								"north": {"uv": [35, 68], "uv_size": [30, 3]},
								"east": {"uv": [36, 107], "uv_size": [3, 3]},
								"south": {"uv": [65, 68], "uv_size": [30, 3]},
								"west": {"uv": [107, 36], "uv_size": [3, 3]},
								"up": {"uv": [70, 12], "uv_size": [30, 3]},
								"down": {"uv": [70, 18], "uv_size": [30, -3]}
							}
						},
						{
							"origin": [-15, 6.5, -1.5],
							"size": [30, 3, 3],
							"pivot": [0, 0, 0],
							"rotation": [0, 22.5, 0],
							"uv": {
								"north": {"uv": [70, 18], "uv_size": [30, 3]},
								"east": {"uv": [39, 107], "uv_size": [3, 3]},
								"south": {"uv": [70, 21], "uv_size": [30, 3]},
								"west": {"uv": [107, 39], "uv_size": [3, 3]},
								"up": {"uv": [70, 24], "uv_size": [30, 3]},
								"down": {"uv": [70, 30], "uv_size": [30, -3]}
							}
						},
						{
							"origin": [-1.5, 6.5, -15],
							"size": [3, 3, 30],
							"pivot": [0, 0, 0],
							"rotation": [0, -22.5, 0],
							"uv": {
								"north": {"uv": [107, 42], "uv_size": [3, 3]},
								"east": {"uv": [70, 30], "uv_size": [30, 3]},
								"south": {"uv": [107, 45], "uv_size": [3, 3]},
								"west": {"uv": [70, 33], "uv_size": [30, 3]},
								"up": {"uv": [0, 54], "uv_size": [3, 30]},
								"down": {"uv": [3, 84], "uv_size": [3, -30]}
							}
						},
						{
							"origin": [-1.5, 6.5, -15],
							"size": [3, 3, 30],
							"pivot": [0, 0, 0],
							"rotation": [0, 22.5, 0],
							"uv": {
								"north": {"uv": [107, 48], "uv_size": [3, 3]},
								"east": {"uv": [35, 71], "uv_size": [30, 3]},
								"south": {"uv": [107, 51], "uv_size": [3, 3]},
								"west": {"uv": [65, 71], "uv_size": [30, 3]},
								"up": {"uv": [6, 54], "uv_size": [3, 30]},
								"down": {"uv": [9, 84], "uv_size": [3, -30]}
							}
						},
						{
							"origin": [-15, 6.5, -1.5],
							"size": [30, 3, 3],
							"pivot": [0, 0, 0],
							"rotation": [0, -45, 0],
							"uv": {
								"north": {"uv": [35, 74], "uv_size": [30, 3]},
								"east": {"uv": [107, 54], "uv_size": [3, 3]},
								"south": {"uv": [65, 74], "uv_size": [30, 3]},
								"west": {"uv": [107, 57], "uv_size": [3, 3]},
								"up": {"uv": [12, 77], "uv_size": [30, 3]},
								"down": {"uv": [77, 39], "uv_size": [30, -3]}
							}
						},
						{
							"origin": [-1.5, 6.5, -15],
							"size": [3, 3, 30],
							"pivot": [0, 0, 0],
							"rotation": [0, -45, 0],
							"uv": {
								"north": {"uv": [70, 107], "uv_size": [3, 3]},
								"east": {"uv": [77, 39], "uv_size": [30, 3]},
								"south": {"uv": [73, 107], "uv_size": [3, 3]},
								"west": {"uv": [42, 77], "uv_size": [30, 3]},
								"up": {"uv": [72, 77], "uv_size": [3, 30]},
								"down": {"uv": [75, 107], "uv_size": [3, -30]}
							}
						},
						{
							"origin": [-15, 6.5, -1.5],
							"size": [30, 3, 3],
							"uv": {
								"north": {"uv": [77, 42], "uv_size": [30, 3]},
								"east": {"uv": [76, 107], "uv_size": [3, 3]},
								"south": {"uv": [77, 45], "uv_size": [30, 3]},
								"west": {"uv": [83, 107], "uv_size": [3, 3]},
								"up": {"uv": [77, 48], "uv_size": [30, 3]},
								"down": {"uv": [77, 54], "uv_size": [30, -3]}
							}
						},
						{
							"origin": [-1.5, 6.5, -15],
							"size": [3, 3, 30],
							"uv": {
								"north": {"uv": [86, 107], "uv_size": [3, 3]},
								"east": {"uv": [77, 54], "uv_size": [30, 3]},
								"south": {"uv": [107, 86], "uv_size": [3, 3]},
								"west": {"uv": [77, 57], "uv_size": [30, 3]},
								"up": {"uv": [78, 77], "uv_size": [3, 30]},
								"down": {"uv": [12, 110], "uv_size": [3, -30]}
							}
						}
					]
				},
				{
					"name": "axis",
					"pivot": [0, 8, 0],
					"rotation": [0, 0, 90],
					"cubes": [
						{
							"origin": [-2, 0, -2],
							"size": [4, 16, 4],
							"uv": {
								"north": {"uv": [35, 46], "uv_size": [4, 16]},
								"east": {"uv": [39, 46], "uv_size": [4, 16]},
								"south": {"uv": [0, 84], "uv_size": [4, 16]},
								"west": {"uv": [4, 84], "uv_size": [4, 16]},
								"up": {"uv": [35, 62], "uv_size": [4, 4]},
								"down": {"uv": [39, 66], "uv_size": [4, -4]}
							}
						}
					]
				},
				{
					"name": "axis2",
					"pivot": [0, 8, 0],
					"rotation": [0, 10, 90],
					"cubes": [
						{
							"origin": [-2, 0, -2],
							"size": [4, 16, 4],
							"uv": {
								"north": {"uv": [8, 84], "uv_size": [4, 16]},
								"east": {"uv": [43, 86], "uv_size": [4, 16]},
								"south": {"uv": [47, 86], "uv_size": [4, 16]},
								"west": {"uv": [51, 86], "uv_size": [4, 16]},
								"up": {"uv": [91, 60], "uv_size": [4, 4]},
								"down": {"uv": [91, 68], "uv_size": [4, -4]}
							}
						}
					]
				},
				{
					"name": "axis3",
					"pivot": [0, 8, 0],
					"rotation": [0, 20, 90],
					"cubes": [
						{
							"origin": [-2, 0, -2],
							"size": [4, 16, 4],
							"uv": {
								"north": {"uv": [81, 87], "uv_size": [4, 16]},
								"east": {"uv": [85, 87], "uv_size": [4, 16]},
								"south": {"uv": [89, 87], "uv_size": [4, 16]},
								"west": {"uv": [55, 90], "uv_size": [4, 16]},
								"up": {"uv": [83, 103], "uv_size": [4, 4]},
								"down": {"uv": [87, 107], "uv_size": [4, -4]}
							}
						}
					]
				},
				{
					"name": "axis4",
					"pivot": [0, 8, 0],
					"rotation": [0, 30, 90],
					"cubes": [
						{
							"origin": [-2, 0, -2],
							"size": [4, 16, 4],
							"uv": {
								"north": {"uv": [59, 90], "uv_size": [4, 16]},
								"east": {"uv": [63, 90], "uv_size": [4, 16]},
								"south": {"uv": [67, 90], "uv_size": [4, 16]},
								"west": {"uv": [15, 91], "uv_size": [4, 16]},
								"up": {"uv": [91, 103], "uv_size": [4, 4]},
								"down": {"uv": [104, 4], "uv_size": [4, -4]}
							}
						}
					]
				},
				{
					"name": "axis5",
					"pivot": [0, 8, 0],
					"rotation": [0, 40, 90],
					"cubes": [
						{
							"origin": [-2, 0, -2],
							"size": [4, 16, 4],
							"uv": {
								"north": {"uv": [19, 91], "uv_size": [4, 16]},
								"east": {"uv": [23, 91], "uv_size": [4, 16]},
								"south": {"uv": [27, 91], "uv_size": [4, 16]},
								"west": {"uv": [31, 91], "uv_size": [4, 16]},
								"up": {"uv": [104, 4], "uv_size": [4, 4]},
								"down": {"uv": [104, 12], "uv_size": [4, -4]}
							}
						}
					]
				},
				{
					"name": "axis6",
					"pivot": [0, 8, 0],
					"rotation": [0, 50, 90],
					"cubes": [
						{
							"origin": [-2, 0, -2],
							"size": [4, 16, 4],
							"uv": {
								"north": {"uv": [35, 91], "uv_size": [4, 16]},
								"east": {"uv": [39, 91], "uv_size": [4, 16]},
								"south": {"uv": [93, 87], "uv_size": [4, 16]},
								"west": {"uv": [95, 60], "uv_size": [4, 16]},
								"up": {"uv": [104, 12], "uv_size": [4, 4]},
								"down": {"uv": [104, 20], "uv_size": [4, -4]}
							}
						}
					]
				},
				{
					"name": "axis7",
					"pivot": [0, 8, 0],
					"rotation": [0, 60, 90],
					"cubes": [
						{
							"origin": [-2, 0, -2],
							"size": [4, 16, 4],
							"uv": {
								"north": {"uv": [97, 76], "uv_size": [4, 16]},
								"east": {"uv": [97, 92], "uv_size": [4, 16]},
								"south": {"uv": [99, 60], "uv_size": [4, 16]},
								"west": {"uv": [0, 100], "uv_size": [4, 16]},
								"up": {"uv": [104, 20], "uv_size": [4, 4]},
								"down": {"uv": [104, 28], "uv_size": [4, -4]}
							}
						}
					]
				},
				{
					"name": "axis8",
					"pivot": [0, 8, 0],
					"rotation": [0, 70, 90],
					"cubes": [
						{
							"origin": [-2, 0, -2],
							"size": [4, 16, 4],
							"uv": {
								"north": {"uv": [100, 0], "uv_size": [4, 16]},
								"east": {"uv": [4, 100], "uv_size": [4, 16]},
								"south": {"uv": [8, 100], "uv_size": [4, 16]},
								"west": {"uv": [100, 16], "uv_size": [4, 16]},
								"up": {"uv": [104, 28], "uv_size": [4, 4]},
								"down": {"uv": [105, 78], "uv_size": [4, -4]}
							}
						}
					]
				},
				{
					"name": "axis9",
					"pivot": [0, 8, 0],
					"rotation": [0, 80, 90],
					"cubes": [
						{
							"origin": [-2, 0, -2],
							"size": [4, 16, 4],
							"uv": {
								"north": {"uv": [101, 76], "uv_size": [4, 16]},
								"east": {"uv": [101, 92], "uv_size": [4, 16]},
								"south": {"uv": [43, 102], "uv_size": [4, 16]},
								"west": {"uv": [47, 102], "uv_size": [4, 16]},
								"up": {"uv": [105, 78], "uv_size": [4, 4]},
								"down": {"uv": [105, 86], "uv_size": [4, -4]}
							}
						}
					]
				}
			]
		}
	]
}