{
	"format_version": "1.12.0",
	"minecraft:geometry": [
		{
			"description": {
				"identifier": "geometry.mechanical_drill",
				"texture_width": 128,
				"texture_height": 128,
				"visible_bounds_width": 3,
				"visible_bounds_height": 2.5,
				"visible_bounds_offset": [0, 0.75, 0]
			},
			"bones": [
				{
					"name": "casing",
					"pivot": [0, 8, 8],
					"cubes": [
						{
							"origin": [-6, 2, -7],
							"size": [12, 12, 8],
							"pivot": [0, 0, 0],
							"rotation": [0, 180, 0],
							"uv": {
								"north": {"uv": [0, 20], "uv_size": [12, 12]},
								"south": {"uv": [12, 20], "uv_size": [12, 12]}
							}
						},
						{
							"origin": [-8, 0, -8],
							"size": [16, 2, 10],
							"pivot": [0, 0, 0],
							"rotation": [0, 180, 0],
							"uv": {
								"north": {"uv": [6, 44], "uv_size": [16, 2]},
								"east": {"uv": [48, 10], "uv_size": [10, 2]},
								"south": {"uv": [44, 12], "uv_size": [16, 2]},
								"west": {"uv": [49, 45], "uv_size": [10, 2]},
								"up": {"uv": [0, 0], "uv_size": [16, 10]},
								"down": {"uv": [0, 20], "uv_size": [16, -10]}
							}
						},
						{
							"origin": [-8, 14, -8],
							"size": [16, 2, 10],
							"pivot": [0, 0, 0],
							"rotation": [0, 180, 0],
							"uv": {
								"north": {"uv": [44, 14], "uv_size": [16, 2]},
								"east": {"uv": [49, 47], "uv_size": [10, 2]},
								"south": {"uv": [44, 16], "uv_size": [16, 2]},
								"west": {"uv": [49, 49], "uv_size": [10, 2]},
								"up": {"uv": [16, 0], "uv_size": [16, 10]},
								"down": {"uv": [16, 20], "uv_size": [16, -10]}
							}
						},
						{
							"origin": [6, 2, -8],
							"size": [2, 12, 10],
							"pivot": [0, 0, 0],
							"rotation": [0, 180, 0],
							"uv": {
								"north": {"uv": [42, 48], "uv_size": [2, 12]},
								"east": {"uv": [24, 20], "uv_size": [10, 12]},
								"south": {"uv": [31, 49], "uv_size": [2, 12]},
								"west": {"uv": [0, 32], "uv_size": [10, 12]}
							}
						},
						{
							"origin": [-8, 2, -8],
							"size": [2, 12, 10],
							"pivot": [0, 0, 0],
							"rotation": [0, 180, 0],
							"uv": {
								"north": {"uv": [33, 49], "uv_size": [2, 12]},
								"east": {"uv": [32, 0], "uv_size": [10, 12]},
								"south": {"uv": [49, 33], "uv_size": [2, 12]},
								"west": {"uv": [10, 32], "uv_size": [10, 12]}
							}
						},
						{
							"origin": [-2.5, 5.5, -8],
							"size": [5, 5, 4],
							"pivot": [0, 0, 0],
							"rotation": [0, 180, 0],
							"uv": {
								"north": {"uv": [57, 33], "uv_size": [4, 4]},
								"east": {"uv": [57, 37], "uv_size": [4, 4]},
								"west": {"uv": [57, 41], "uv_size": [4, 4]},
								"up": {"uv": [47, 57], "uv_size": [4, 4]},
								"down": {"uv": [51, 61], "uv_size": [4, -4]}
							}
						}
					]
				},
				{
					"name": "head",
					"pivot": [0, 8, 8],
					"cubes": [
						{
							"origin": [-3, 5, 1],
							"size": [6, 6, 3],
							"pivot": [0, 0, 0],
							"rotation": [0, 180, 0],
							"uv": {
								"north": {"uv": [32, 12], "uv_size": [6, 6]},
								"east": {"uv": [0, 50], "uv_size": [3, 6]},
								"south": {"uv": [20, 32], "uv_size": [6, 6]},
								"west": {"uv": [3, 50], "uv_size": [3, 6]},
								"up": {"uv": [6, 51], "uv_size": [6, 3]},
								"down": {"uv": [12, 54], "uv_size": [6, -3]}
							}
						},
						{
							"origin": [-2.5, 5.5, 4],
							"size": [5, 5, 2],
							"pivot": [0, 0, 0],
							"rotation": [0, 180, 0],
							"uv": {
								"north": {"uv": [22, 44], "uv_size": [5, 5]},
								"east": {"uv": [60, 73], "uv_size": [2, 5]},
								"south": {"uv": [27, 44], "uv_size": [5, 5]},
								"west": {"uv": [40, 74], "uv_size": [2, 5]},
								"up": {"uv": [74, 72], "uv_size": [5, 2]},
								"down": {"uv": [74, 76], "uv_size": [5, -2]}
							}
						},
						{
							"origin": [-2, 6, 6],
							"size": [4, 4, 2],
							"pivot": [0, 0, 0],
							"rotation": [0, 180, 0],
							"uv": {
								"north": {"uv": [59, 57], "uv_size": [4, 4]},
								"east": {"uv": [12, 78], "uv_size": [2, 4]},
								"south": {"uv": [6, 60], "uv_size": [4, 4]},
								"west": {"uv": [14, 78], "uv_size": [2, 4]},
								"up": {"uv": [18, 78], "uv_size": [4, 2]},
								"down": {"uv": [22, 80], "uv_size": [4, -2]}
							}
						},
						{
							"origin": [-1.5, 6.5, 8],
							"size": [3, 3, 2],
							"pivot": [0, 0, 0],
							"rotation": [0, 180, 0],
							"uv": {
								"north": {"uv": [24, 57], "uv_size": [3, 3]},
								"east": {"uv": [44, 70], "uv_size": [2, 3]},
								"south": {"uv": [57, 24], "uv_size": [3, 3]},
								"west": {"uv": [24, 86], "uv_size": [2, 3]},
								"up": {"uv": [46, 28], "uv_size": [3, 2]},
								"down": {"uv": [60, 18], "uv_size": [3, -2]}
							}
						},
						{
							"origin": [-1, 7, 10],
							"size": [2, 2, 2],
							"pivot": [0, 0, 0],
							"rotation": [0, 180, 0],
							"uv": {
								"north": {"uv": [32, 18], "uv_size": [2, 2]},
								"east": {"uv": [4, 62], "uv_size": [2, 2]},
								"south": {"uv": [32, 65], "uv_size": [2, 2]},
								"west": {"uv": [40, 68], "uv_size": [2, 2]},
								"up": {"uv": [88, 35], "uv_size": [2, 2]},
								"down": {"uv": [88, 39], "uv_size": [2, -2]}
							}
						}
					]
				},
				{
					"name": "head2",
					"pivot": [0, 8, 8],
					"rotation": [0, 0, 10],
					"cubes": [
						{
							"origin": [-3, 5, 1],
							"size": [6, 6, 3],
							"pivot": [0, 0, 0],
							"rotation": [0, 180, 0],
							"uv": {
								"north": {"uv": [26, 32], "uv_size": [6, 6]},
								"east": {"uv": [44, 50], "uv_size": [3, 6]},
								"south": {"uv": [32, 32], "uv_size": [6, 6]},
								"west": {"uv": [18, 51], "uv_size": [3, 6]},
								"up": {"uv": [51, 18], "uv_size": [6, 3]},
								"down": {"uv": [51, 24], "uv_size": [6, -3]}
							}
						},
						{
							"origin": [-2.5, 5.5, 4],
							"size": [5, 5, 2],
							"pivot": [0, 0, 0],
							"rotation": [0, 180, 0],
							"uv": {
								"north": {"uv": [44, 30], "uv_size": [5, 5]},
								"east": {"uv": [42, 74], "uv_size": [2, 5]},
								"south": {"uv": [32, 44], "uv_size": [5, 5]},
								"west": {"uv": [75, 0], "uv_size": [2, 5]},
								"up": {"uv": [75, 5], "uv_size": [5, 2]},
								"down": {"uv": [75, 9], "uv_size": [5, -2]}
							}
						},
						{
							"origin": [-2, 6, 6],
							"size": [4, 4, 2],
							"pivot": [0, 0, 0],
							"rotation": [0, 180, 0],
							"uv": {
								"north": {"uv": [47, 61], "uv_size": [4, 4]},
								"east": {"uv": [20, 80], "uv_size": [2, 4]},
								"south": {"uv": [51, 61], "uv_size": [4, 4]},
								"west": {"uv": [22, 80], "uv_size": [2, 4]},
								"up": {"uv": [80, 0], "uv_size": [4, 2]},
								"down": {"uv": [80, 19], "uv_size": [4, -2]}
							}
						},
						{
							"origin": [-1.5, 6.5, 8],
							"size": [3, 3, 2],
							"pivot": [0, 0, 0],
							"rotation": [0, 180, 0],
							"uv": {
								"north": {"uv": [74, 76], "uv_size": [3, 3]},
								"east": {"uv": [26, 86], "uv_size": [2, 3]},
								"south": {"uv": [77, 0], "uv_size": [3, 3]},
								"west": {"uv": [28, 86], "uv_size": [2, 3]},
								"up": {"uv": [30, 86], "uv_size": [3, 2]},
								"down": {"uv": [86, 33], "uv_size": [3, -2]}
							}
						},
						{
							"origin": [-1, 7, 10],
							"size": [2, 2, 2],
							"pivot": [0, 0, 0],
							"rotation": [0, 180, 0],
							"uv": {
								"north": {"uv": [88, 39], "uv_size": [2, 2]},
								"east": {"uv": [44, 88], "uv_size": [2, 2]},
								"south": {"uv": [46, 88], "uv_size": [2, 2]},
								"west": {"uv": [48, 88], "uv_size": [2, 2]},
								"up": {"uv": [88, 48], "uv_size": [2, 2]},
								"down": {"uv": [50, 90], "uv_size": [2, -2]}
							}
						}
					]
				},
				{
					"name": "head3",
					"pivot": [0, 8, 8],
					"rotation": [0, 0, 20],
					"cubes": [
						{
							"origin": [-3, 5, 1],
							"size": [6, 6, 3],
							"pivot": [0, 0, 0],
							"rotation": [0, 180, 0],
							"uv": {
								"north": {"uv": [34, 18], "uv_size": [6, 6]},
								"east": {"uv": [51, 33], "uv_size": [3, 6]},
								"south": {"uv": [34, 24], "uv_size": [6, 6]},
								"west": {"uv": [51, 39], "uv_size": [3, 6]},
								"up": {"uv": [51, 24], "uv_size": [6, 3]},
								"down": {"uv": [47, 54], "uv_size": [6, -3]}
							}
						},
						{
							"origin": [-2.5, 5.5, 4],
							"size": [5, 5, 2],
							"pivot": [0, 0, 0],
							"rotation": [0, 180, 0],
							"uv": {
								"north": {"uv": [44, 35], "uv_size": [5, 5]},
								"east": {"uv": [75, 16], "uv_size": [2, 5]},
								"south": {"uv": [44, 40], "uv_size": [5, 5]},
								"west": {"uv": [32, 75], "uv_size": [2, 5]},
								"up": {"uv": [75, 9], "uv_size": [5, 2]},
								"down": {"uv": [75, 23], "uv_size": [5, -2]}
							}
						},
						{
							"origin": [-2, 6, 6],
							"size": [4, 4, 2],
							"pivot": [0, 0, 0],
							"rotation": [0, 180, 0],
							"uv": {
								"north": {"uv": [63, 56], "uv_size": [4, 4]},
								"east": {"uv": [80, 53], "uv_size": [2, 4]},
								"south": {"uv": [63, 60], "uv_size": [4, 4]},
								"west": {"uv": [54, 80], "uv_size": [2, 4]},
								"up": {"uv": [80, 57], "uv_size": [4, 2]},
								"down": {"uv": [80, 65], "uv_size": [4, -2]}
							}
						},
						{
							"origin": [-1.5, 6.5, 8],
							"size": [3, 3, 2],
							"pivot": [0, 0, 0],
							"rotation": [0, 180, 0],
							"uv": {
								"north": {"uv": [77, 16], "uv_size": [3, 3]},
								"east": {"uv": [86, 33], "uv_size": [2, 3]},
								"south": {"uv": [28, 77], "uv_size": [3, 3]},
								"west": {"uv": [86, 36], "uv_size": [2, 3]},
								"up": {"uv": [86, 41], "uv_size": [3, 2]},
								"down": {"uv": [86, 45], "uv_size": [3, -2]}
							}
						},
						{
							"origin": [-1, 7, 10],
							"size": [2, 2, 2],
							"pivot": [0, 0, 0],
							"rotation": [0, 180, 0],
							"uv": {
								"north": {"uv": [88, 50], "uv_size": [2, 2]},
								"east": {"uv": [52, 88], "uv_size": [2, 2]},
								"south": {"uv": [88, 52], "uv_size": [2, 2]},
								"west": {"uv": [54, 88], "uv_size": [2, 2]},
								"up": {"uv": [56, 88], "uv_size": [2, 2]},
								"down": {"uv": [88, 58], "uv_size": [2, -2]}
							}
						}
					]
				},
				{
					"name": "head4",
					"pivot": [0, 8, 8],
					"rotation": [0, 0, 30],
					"cubes": [
						{
							"origin": [-3, 5, 1],
							"size": [6, 6, 3],
							"pivot": [0, 0, 0],
							"rotation": [0, 180, 0],
							"uv": {
								"north": {"uv": [38, 12], "uv_size": [6, 6]},
								"east": {"uv": [53, 0], "uv_size": [3, 6]},
								"south": {"uv": [20, 38], "uv_size": [6, 6]},
								"west": {"uv": [35, 53], "uv_size": [3, 6]},
								"up": {"uv": [53, 6], "uv_size": [6, 3]},
								"down": {"uv": [53, 54], "uv_size": [6, -3]}
							}
						},
						{
							"origin": [-2.5, 5.5, 4],
							"size": [5, 5, 2],
							"pivot": [0, 0, 0],
							"rotation": [0, 180, 0],
							"uv": {
								"north": {"uv": [44, 45], "uv_size": [5, 5]},
								"east": {"uv": [34, 75], "uv_size": [2, 5]},
								"south": {"uv": [6, 46], "uv_size": [5, 5]},
								"west": {"uv": [75, 44], "uv_size": [2, 5]},
								"up": {"uv": [75, 49], "uv_size": [5, 2]},
								"down": {"uv": [75, 53], "uv_size": [5, -2]}
							}
						},
						{
							"origin": [-2, 6, 6],
							"size": [4, 4, 2],
							"pivot": [0, 0, 0],
							"rotation": [0, 180, 0],
							"uv": {
								"north": {"uv": [65, 36], "uv_size": [4, 4]},
								"east": {"uv": [81, 67], "uv_size": [2, 4]},
								"south": {"uv": [65, 40], "uv_size": [4, 4]},
								"west": {"uv": [72, 81], "uv_size": [2, 4]},
								"up": {"uv": [81, 46], "uv_size": [4, 2]},
								"down": {"uv": [81, 77], "uv_size": [4, -2]}
							}
						},
						{
							"origin": [-1.5, 6.5, 8],
							"size": [3, 3, 2],
							"pivot": [0, 0, 0],
							"rotation": [0, 180, 0],
							"uv": {
								"north": {"uv": [77, 32], "uv_size": [3, 3]},
								"east": {"uv": [86, 48], "uv_size": [2, 3]},
								"south": {"uv": [77, 35], "uv_size": [3, 3]},
								"west": {"uv": [86, 51], "uv_size": [2, 3]},
								"up": {"uv": [86, 54], "uv_size": [3, 2]},
								"down": {"uv": [65, 88], "uv_size": [3, -2]}
							}
						},
						{
							"origin": [-1, 7, 10],
							"size": [2, 2, 2],
							"pivot": [0, 0, 0],
							"rotation": [0, 180, 0],
							"uv": {
								"north": {"uv": [62, 88], "uv_size": [2, 2]},
								"east": {"uv": [88, 62], "uv_size": [2, 2]},
								"south": {"uv": [64, 88], "uv_size": [2, 2]},
								"west": {"uv": [88, 64], "uv_size": [2, 2]},
								"up": {"uv": [66, 88], "uv_size": [2, 2]},
								"down": {"uv": [68, 90], "uv_size": [2, -2]}
							}
						}
					]
				},
				{
					"name": "head5",
					"pivot": [0, 8, 8],
					"rotation": [0, 0, 40],
					"cubes": [
						{
							"origin": [-3, 5, 1],
							"size": [6, 6, 3],
							"pivot": [0, 0, 0],
							"rotation": [0, 180, 0],
							"uv": {
								"north": {"uv": [26, 38], "uv_size": [6, 6]},
								"east": {"uv": [38, 53], "uv_size": [3, 6]},
								"south": {"uv": [38, 30], "uv_size": [6, 6]},
								"west": {"uv": [6, 54], "uv_size": [3, 6]},
								"up": {"uv": [9, 54], "uv_size": [6, 3]},
								"down": {"uv": [21, 57], "uv_size": [6, -3]}
							}
						},
						{
							"origin": [-2.5, 5.5, 4],
							"size": [5, 5, 2],
							"pivot": [0, 0, 0],
							"rotation": [0, 180, 0],
							"uv": {
								"north": {"uv": [11, 46], "uv_size": [5, 5]},
								"east": {"uv": [75, 53], "uv_size": [2, 5]},
								"south": {"uv": [16, 46], "uv_size": [5, 5]},
								"west": {"uv": [75, 58], "uv_size": [2, 5]},
								"up": {"uv": [75, 63], "uv_size": [5, 2]},
								"down": {"uv": [75, 67], "uv_size": [5, -2]}
							}
						},
						{
							"origin": [-2, 6, 6],
							"size": [4, 4, 2],
							"pivot": [0, 0, 0],
							"rotation": [0, 180, 0],
							"uv": {
								"north": {"uv": [67, 48], "uv_size": [4, 4]},
								"east": {"uv": [30, 82], "uv_size": [2, 4]},
								"south": {"uv": [67, 52], "uv_size": [4, 4]},
								"west": {"uv": [32, 82], "uv_size": [2, 4]},
								"up": {"uv": [82, 14], "uv_size": [4, 2]},
								"down": {"uv": [82, 44], "uv_size": [4, -2]}
							}
						},
						{
							"origin": [-1.5, 6.5, 8],
							"size": [3, 3, 2],
							"pivot": [0, 0, 0],
							"rotation": [0, 180, 0],
							"uv": {
								"north": {"uv": [77, 38], "uv_size": [3, 3]},
								"east": {"uv": [58, 86], "uv_size": [2, 3]},
								"south": {"uv": [77, 41], "uv_size": [3, 3]},
								"west": {"uv": [86, 85], "uv_size": [2, 3]},
								"up": {"uv": [87, 58], "uv_size": [3, 2]},
								"down": {"uv": [87, 62], "uv_size": [3, -2]}
							}
						},
						{
							"origin": [-1, 7, 10],
							"size": [2, 2, 2],
							"pivot": [0, 0, 0],
							"rotation": [0, 180, 0],
							"uv": {
								"north": {"uv": [76, 88], "uv_size": [2, 2]},
								"east": {"uv": [88, 83], "uv_size": [2, 2]},
								"south": {"uv": [88, 85], "uv_size": [2, 2]},
								"west": {"uv": [86, 88], "uv_size": [2, 2]},
								"up": {"uv": [88, 87], "uv_size": [2, 2]},
								"down": {"uv": [89, 4], "uv_size": [2, -2]}
							}
						}
					]
				},
				{
					"name": "head6",
					"pivot": [0, 8, 8],
					"rotation": [0, 0, 50],
					"cubes": [
						{
							"origin": [-3, 5, 1],
							"size": [6, 6, 3],
							"pivot": [0, 0, 0],
							"rotation": [0, 180, 0],
							"uv": {
								"north": {"uv": [32, 38], "uv_size": [6, 6]},
								"east": {"uv": [15, 54], "uv_size": [3, 6]},
								"south": {"uv": [38, 36], "uv_size": [6, 6]},
								"west": {"uv": [27, 54], "uv_size": [3, 6]},
								"up": {"uv": [54, 27], "uv_size": [6, 3]},
								"down": {"uv": [54, 33], "uv_size": [6, -3]}
							}
						},
						{
							"origin": [-2.5, 5.5, 4],
							"size": [5, 5, 2],
							"pivot": [0, 0, 0],
							"rotation": [0, 180, 0],
							"uv": {
								"north": {"uv": [46, 18], "uv_size": [5, 5]},
								"east": {"uv": [75, 67], "uv_size": [2, 5]},
								"south": {"uv": [46, 23], "uv_size": [5, 5]},
								"west": {"uv": [4, 76], "uv_size": [2, 5]},
								"up": {"uv": [6, 76], "uv_size": [5, 2]},
								"down": {"uv": [11, 78], "uv_size": [5, -2]}
							}
						},
						{
							"origin": [-2, 6, 6],
							"size": [4, 4, 2],
							"pivot": [0, 0, 0],
							"rotation": [0, 180, 0],
							"uv": {
								"north": {"uv": [63, 68], "uv_size": [4, 4]},
								"east": {"uv": [0, 84], "uv_size": [2, 4]},
								"south": {"uv": [67, 68], "uv_size": [4, 4]},
								"west": {"uv": [2, 84], "uv_size": [2, 4]},
								"up": {"uv": [84, 0], "uv_size": [4, 2]},
								"down": {"uv": [6, 86], "uv_size": [4, -2]}
							}
						},
						{
							"origin": [-1.5, 6.5, 8],
							"size": [3, 3, 2],
							"pivot": [0, 0, 0],
							"rotation": [0, 180, 0],
							"uv": {
								"north": {"uv": [44, 77], "uv_size": [3, 3]},
								"east": {"uv": [38, 87], "uv_size": [2, 3]},
								"south": {"uv": [77, 44], "uv_size": [3, 3]},
								"west": {"uv": [71, 87], "uv_size": [2, 3]},
								"up": {"uv": [73, 87], "uv_size": [3, 2]},
								"down": {"uv": [78, 89], "uv_size": [3, -2]}
							}
						},
						{
							"origin": [-1, 7, 10],
							"size": [2, 2, 2],
							"pivot": [0, 0, 0],
							"rotation": [0, 180, 0],
							"uv": {
								"north": {"uv": [4, 89], "uv_size": [2, 2]},
								"east": {"uv": [16, 89], "uv_size": [2, 2]},
								"south": {"uv": [89, 18], "uv_size": [2, 2]},
								"west": {"uv": [24, 89], "uv_size": [2, 2]},
								"up": {"uv": [26, 89], "uv_size": [2, 2]},
								"down": {"uv": [89, 28], "uv_size": [2, -2]}
							}
						}
					]
				},
				{
					"name": "head7",
					"pivot": [0, 8, 8],
					"rotation": [0, 0, 60],
					"cubes": [
						{
							"origin": [-3, 5, 1],
							"size": [6, 6, 3],
							"pivot": [0, 0, 0],
							"rotation": [0, 180, 0],
							"uv": {
								"north": {"uv": [40, 18], "uv_size": [6, 6]},
								"east": {"uv": [54, 33], "uv_size": [3, 6]},
								"south": {"uv": [40, 24], "uv_size": [6, 6]},
								"west": {"uv": [54, 39], "uv_size": [3, 6]},
								"up": {"uv": [47, 54], "uv_size": [6, 3]},
								"down": {"uv": [53, 57], "uv_size": [6, -3]}
							}
						},
						{
							"origin": [-2.5, 5.5, 4],
							"size": [5, 5, 2],
							"pivot": [0, 0, 0],
							"rotation": [0, 180, 0],
							"uv": {
								"north": {"uv": [48, 0], "uv_size": [5, 5]},
								"east": {"uv": [76, 11], "uv_size": [2, 5]},
								"south": {"uv": [48, 5], "uv_size": [5, 5]},
								"west": {"uv": [16, 76], "uv_size": [2, 5]},
								"up": {"uv": [18, 76], "uv_size": [5, 2]},
								"down": {"uv": [23, 78], "uv_size": [5, -2]}
							}
						},
						{
							"origin": [-2, 6, 6],
							"size": [4, 4, 2],
							"pivot": [0, 0, 0],
							"rotation": [0, 180, 0],
							"uv": {
								"north": {"uv": [71, 16], "uv_size": [4, 4]},
								"east": {"uv": [56, 84], "uv_size": [2, 4]},
								"south": {"uv": [71, 20], "uv_size": [4, 4]},
								"west": {"uv": [63, 84], "uv_size": [2, 4]},
								"up": {"uv": [84, 39], "uv_size": [4, 2]},
								"down": {"uv": [84, 58], "uv_size": [4, -2]}
							}
						},
						{
							"origin": [-1.5, 6.5, 8],
							"size": [3, 3, 2],
							"pivot": [0, 0, 0],
							"rotation": [0, 180, 0],
							"uv": {
								"north": {"uv": [47, 77], "uv_size": [3, 3]},
								"east": {"uv": [81, 87], "uv_size": [2, 3]},
								"south": {"uv": [50, 77], "uv_size": [3, 3]},
								"west": {"uv": [0, 88], "uv_size": [2, 3]},
								"up": {"uv": [88, 0], "uv_size": [3, 2]},
								"down": {"uv": [88, 6], "uv_size": [3, -2]}
							}
						},
						{
							"origin": [-1, 7, 10],
							"size": [2, 2, 2],
							"pivot": [0, 0, 0],
							"rotation": [0, 180, 0],
							"uv": {
								"north": {"uv": [28, 89], "uv_size": [2, 2]},
								"east": {"uv": [89, 28], "uv_size": [2, 2]},
								"south": {"uv": [89, 30], "uv_size": [2, 2]},
								"west": {"uv": [33, 89], "uv_size": [2, 2]},
								"up": {"uv": [35, 89], "uv_size": [2, 2]},
								"down": {"uv": [40, 91], "uv_size": [2, -2]}
							}
						}
					]
				},
				{
					"name": "head8",
					"pivot": [0, 8, 8],
					"rotation": [0, 0, 70],
					"cubes": [
						{
							"origin": [-3, 5, 1],
							"size": [6, 6, 3],
							"pivot": [0, 0, 0],
							"rotation": [0, 180, 0],
							"uv": {
								"north": {"uv": [42, 0], "uv_size": [6, 6]},
								"east": {"uv": [0, 56], "uv_size": [3, 6]},
								"south": {"uv": [42, 6], "uv_size": [6, 6]},
								"west": {"uv": [56, 0], "uv_size": [3, 6]},
								"up": {"uv": [9, 57], "uv_size": [6, 3]},
								"down": {"uv": [18, 60], "uv_size": [6, -3]}
							}
						},
						{
							"origin": [-2.5, 5.5, 4],
							"size": [5, 5, 2],
							"pivot": [0, 0, 0],
							"rotation": [0, 180, 0],
							"uv": {
								"north": {"uv": [37, 48], "uv_size": [5, 5]},
								"east": {"uv": [76, 23], "uv_size": [2, 5]},
								"south": {"uv": [21, 49], "uv_size": [5, 5]},
								"west": {"uv": [36, 76], "uv_size": [2, 5]},
								"up": {"uv": [76, 28], "uv_size": [5, 2]},
								"down": {"uv": [76, 32], "uv_size": [5, -2]}
							}
						},
						{
							"origin": [-2, 6, 6],
							"size": [4, 4, 2],
							"pivot": [0, 0, 0],
							"rotation": [0, 180, 0],
							"uv": {
								"north": {"uv": [20, 72], "uv_size": [4, 4]},
								"east": {"uv": [85, 58], "uv_size": [2, 4]},
								"south": {"uv": [24, 72], "uv_size": [4, 4]},
								"west": {"uv": [60, 85], "uv_size": [2, 4]},
								"up": {"uv": [85, 46], "uv_size": [4, 2]},
								"down": {"uv": [85, 69], "uv_size": [4, -2]}
							}
						},
						{
							"origin": [-1.5, 6.5, 8],
							"size": [3, 3, 2],
							"pivot": [0, 0, 0],
							"rotation": [0, 180, 0],
							"uv": {
								"north": {"uv": [53, 77], "uv_size": [3, 3]},
								"east": {"uv": [2, 88], "uv_size": [2, 3]},
								"south": {"uv": [77, 53], "uv_size": [3, 3]},
								"west": {"uv": [88, 10], "uv_size": [2, 3]},
								"up": {"uv": [88, 6], "uv_size": [3, 2]},
								"down": {"uv": [88, 18], "uv_size": [3, -2]}
							}
						},
						{
							"origin": [-1, 7, 10],
							"size": [2, 2, 2],
							"pivot": [0, 0, 0],
							"rotation": [0, 180, 0],
							"uv": {
								"north": {"uv": [89, 41], "uv_size": [2, 2]},
								"east": {"uv": [42, 89], "uv_size": [2, 2]},
								"south": {"uv": [89, 43], "uv_size": [2, 2]},
								"west": {"uv": [89, 45], "uv_size": [2, 2]},
								"up": {"uv": [89, 54], "uv_size": [2, 2]},
								"down": {"uv": [58, 91], "uv_size": [2, -2]}
							}
						}
					]
				},
				{
					"name": "head9",
					"pivot": [0, 8, 8],
					"rotation": [0, 0, 80],
					"cubes": [
						{
							"origin": [-2.5, 5.5, 4],
							"size": [5, 5, 2],
							"pivot": [0, 0, 0],
							"rotation": [0, 180, 0],
							"uv": {
								"north": {"uv": [26, 49], "uv_size": [5, 5]},
								"east": {"uv": [38, 76], "uv_size": [2, 5]},
								"south": {"uv": [49, 28], "uv_size": [5, 5]},
								"west": {"uv": [62, 76], "uv_size": [2, 5]},
								"up": {"uv": [64, 76], "uv_size": [5, 2]},
								"down": {"uv": [69, 78], "uv_size": [5, -2]}
							}
						},
						{
							"origin": [-2, 6, 6],
							"size": [4, 4, 2],
							"pivot": [0, 0, 0],
							"rotation": [0, 180, 0],
							"uv": {
								"north": {"uv": [56, 73], "uv_size": [4, 4]},
								"east": {"uv": [20, 86], "uv_size": [2, 4]},
								"south": {"uv": [0, 74], "uv_size": [4, 4]},
								"west": {"uv": [22, 86], "uv_size": [2, 4]},
								"up": {"uv": [86, 8], "uv_size": [4, 2]},
								"down": {"uv": [86, 16], "uv_size": [4, -2]}
							}
						},
						{
							"origin": [-1.5, 6.5, 8],
							"size": [3, 3, 2],
							"pivot": [0, 0, 0],
							"rotation": [0, 180, 0],
							"uv": {
								"north": {"uv": [56, 77], "uv_size": [3, 3]},
								"east": {"uv": [88, 20], "uv_size": [2, 3]},
								"south": {"uv": [77, 56], "uv_size": [3, 3]},
								"west": {"uv": [88, 23], "uv_size": [2, 3]},
								"up": {"uv": [30, 88], "uv_size": [3, 2]},
								"down": {"uv": [88, 35], "uv_size": [3, -2]}
							}
						},
						{
							"origin": [-1, 7, 10],
							"size": [2, 2, 2],
							"pivot": [0, 0, 0],
							"rotation": [0, 180, 0],
							"uv": {
								"north": {"uv": [60, 89], "uv_size": [2, 2]},
								"east": {"uv": [89, 66], "uv_size": [2, 2]},
								"south": {"uv": [89, 68], "uv_size": [2, 2]},
								"west": {"uv": [89, 70], "uv_size": [2, 2]},
								"up": {"uv": [89, 72], "uv_size": [2, 2]},
								"down": {"uv": [73, 91], "uv_size": [2, -2]}
							}
						}
					]
				}
			]
		}
	]
}