{
	"format_version": "1.12.0",
	"minecraft:geometry": [
		{
			"description": {
				"identifier": "geometry.mechanical_saw",
				"texture_width": 64,
				"texture_height": 64,
				"visible_bounds_width": 3,
				"visible_bounds_height": 2.5,
				"visible_bounds_offset": [0, 0.75, 0]
			},
			"bones": [
				{
					"name": "bone",
					"pivot": [0, 0, 0],
					"rotation": [0, 180, 0],
					"cubes": [
						{
							"origin": [-8, 0, -8],
							"size": [16, 2, 12],
							"uv": {
								"north": {"uv": [32, 19], "uv_size": [16, 2]},
								"east": {"uv": [37, 25], "uv_size": [12, 2]},
								"south": {"uv": [32, 21], "uv_size": [16, 2]},
								"west": {"uv": [37, 27], "uv_size": [12, 2]},
								"up": {"uv": [0, 0], "uv_size": [16, 12]},
								"down": {"uv": [0, 24], "uv_size": [16, -12]}
							}
						},
						{
							"origin": [-8, 14, -8],
							"size": [16, 2, 12],
							"uv": {
								"north": {"uv": [14, 36], "uv_size": [16, 2]},
								"east": {"uv": [37, 29], "uv_size": [12, 2]},
								"south": {"uv": [30, 36], "uv_size": [16, 2]},
								"west": {"uv": [37, 31], "uv_size": [12, 2]},
								"up": {"uv": [16, 0], "uv_size": [16, 12]},
								"down": {"uv": [16, 24], "uv_size": [16, -12]}
							}
						},
						{
							"origin": [6, 2, -8],
							"size": [2, 12, 2],
							"uv": {
								"north": {"uv": [14, 38], "uv_size": [2, 12]},
								"east": {"uv": [16, 38], "uv_size": [2, 12]},
								"south": {"uv": [18, 38], "uv_size": [2, 12]},
								"west": {"uv": [20, 38], "uv_size": [2, 12]}
							}
						},
						{
							"origin": [-8, 2, -6],
							"size": [16, 12, 9],
							"uv": {
								"east": {"uv": [28, 24], "uv_size": [9, 12]},
								"south": {"uv": [0, 24], "uv_size": [16, 12]},
								"west": {"uv": [32, 0], "uv_size": [9, 12]}
							}
						},
						{
							"origin": [-7, 7, 3.162],
							"size": [14, 2, 0],
							"uv": {
								"south": {"uv": [37, 23], "uv_size": [14, 2]}
							}
						},
						{
							"origin": [-7, 8, 3],
							"size": [14, 0.062, 7],
							"uv": {
								"up": {"uv": [32, 12], "uv_size": [14, 7]},
								"down": {"uv": [0, 43], "uv_size": [14, -7]}
							}
						},
						{
							"origin": [-8, 2, -8],
							"size": [2, 12, 2],
							"uv": {
								"north": {"uv": [22, 38], "uv_size": [2, 12]},
								"east": {"uv": [24, 38], "uv_size": [2, 12]},
								"south": {"uv": [26, 38], "uv_size": [2, 12]},
								"west": {"uv": [28, 38], "uv_size": [2, 12]}
							}
						},
						{
							"origin": [-6, 2, -7],
							"size": [12, 12, 1],
							"uv": {
								"north": {"uv": [16, 24], "uv_size": [12, 12]}
							}
						}
					]
				}
			]
		}
	]
}