{
	"format_version": "1.12.0",
	"minecraft:geometry": [
		{
			"description": {
				"identifier": "geometry.water_wheel",
				"texture_width": 256,
				"texture_height": 256,
				"visible_bounds_width": 4,
				"visible_bounds_height": 4,
				"visible_bounds_offset": [0, 1, 0]
			},
			"bones": [
				{
					"name": "group",
					"pivot": [0, 8, 0],
					"rotation": [0, 0, -90]
				},
				{
					"name": "bone32",
					"parent": "group",
					"pivot": [0, 8, 0],
					"rotation": [0, -22.5, 0],
					"cubes": [
						{
							"origin": [-9, 2, -1.5],
							"size": [18, 12, 3],
							"uv": {
								"north": {"uv": [52, 36], "uv_size": [18, 12]},
								"south": {"uv": [54, 48], "uv_size": [18, 12]},
								"up": {"uv": [106, 17], "uv_size": [18, 3]},
								"down": {"uv": [106, 23], "uv_size": [18, -3]}
							}
						}
					]
				},
				{
					"name": "bone31",
					"parent": "group",
					"pivot": [0, 8, 0],
					"cubes": [
						{
							"origin": [-2, 0, -2],
							"size": [4, 16, 4],
							"uv": {
								"north": {"uv": [44, 100], "uv_size": [4, 16]},
								"east": {"uv": [102, 14], "uv_size": [4, 16]},
								"south": {"uv": [102, 51], "uv_size": [4, 16]},
								"west": {"uv": [104, 30], "uv_size": [4, 16]},
								"up": {"uv": [108, 0], "uv_size": [4, 4]},
								"down": {"uv": [108, 4], "uv_size": [4, -4]}
							}
						}
					]
				},
				{
					"name": "bone30",
					"parent": "group",
					"pivot": [0, 8, 0],
					"rotation": [0, -22.5, 0],
					"cubes": [
						{
							"origin": [8, -1, -6],
							"size": [8, 18, 1],
							"uv": {
								"north": {"uv": [54, 60], "uv_size": [8, 18]},
								"east": {"uv": [103, 105], "uv_size": [1, 18]},
								"south": {"uv": [62, 60], "uv_size": [8, 18]},
								"west": {"uv": [109, 66], "uv_size": [1, 18]},
								"up": {"uv": [110, 45], "uv_size": [8, 1]},
								"down": {"uv": [110, 46], "uv_size": [8, -1]}
							}
						}
					]
				},
				{
					"name": "bone29",
					"parent": "group",
					"pivot": [0, 8, 0],
					"cubes": [
						{
							"origin": [5, -1, 8],
							"size": [1, 18, 8],
							"uv": {
								"north": {"uv": [109, 84], "uv_size": [1, 18]},
								"east": {"uv": [0, 64], "uv_size": [8, 18]},
								"south": {"uv": [109, 102], "uv_size": [1, 18]},
								"west": {"uv": [8, 64], "uv_size": [8, 18]},
								"up": {"uv": [77, 113], "uv_size": [1, 8]},
								"down": {"uv": [78, 121], "uv_size": [1, -8]}
							}
						}
					]
				},
				{
					"name": "bone28",
					"parent": "group",
					"pivot": [0, 8, 0],
					"rotation": [0, 45, 0],
					"cubes": [
						{
							"origin": [8, -1, -6],
							"size": [8, 18, 1],
							"uv": {
								"north": {"uv": [16, 64], "uv_size": [8, 18]},
								"east": {"uv": [110, 49], "uv_size": [1, 18]},
								"south": {"uv": [24, 64], "uv_size": [8, 18]},
								"west": {"uv": [110, 67], "uv_size": [1, 18]},
								"up": {"uv": [113, 84], "uv_size": [8, 1]},
								"down": {"uv": [113, 85], "uv_size": [8, -1]}
							}
						}
					]
				},
				{
					"name": "bone27",
					"parent": "group",
					"pivot": [0, 8, 0],
					"rotation": [0, -45, 0],
					"cubes": [
						{
							"origin": [-16, -1, 5],
							"size": [8, 18, 1],
							"uv": {
								"north": {"uv": [32, 64], "uv_size": [8, 18]},
								"east": {"uv": [110, 85], "uv_size": [1, 18]},
								"south": {"uv": [40, 64], "uv_size": [8, 18]},
								"west": {"uv": [110, 103], "uv_size": [1, 18]},
								"up": {"uv": [113, 86], "uv_size": [8, 1]},
								"down": {"uv": [113, 87], "uv_size": [8, -1]}
							}
						}
					]
				},
				{
					"name": "bone26",
					"parent": "group",
					"pivot": [0, 8, 0],
					"rotation": [0, 45, 0],
					"cubes": [
						{
							"origin": [5, -1, 8],
							"size": [1, 18, 8],
							"uv": {
								"north": {"uv": [111, 49], "uv_size": [1, 18]},
								"east": {"uv": [70, 0], "uv_size": [8, 18]},
								"south": {"uv": [111, 67], "uv_size": [1, 18]},
								"west": {"uv": [70, 18], "uv_size": [8, 18]},
								"up": {"uv": [79, 113], "uv_size": [1, 8]},
								"down": {"uv": [113, 96], "uv_size": [1, -8]}
							}
						}
					]
				},
				{
					"name": "bone25",
					"parent": "group",
					"pivot": [0, 8, 0],
					"cubes": [
						{
							"origin": [-6, -1, -16],
							"size": [1, 18, 8],
							"uv": {
								"north": {"uv": [111, 85], "uv_size": [1, 18]},
								"east": {"uv": [70, 60], "uv_size": [8, 18]},
								"south": {"uv": [111, 103], "uv_size": [1, 18]},
								"west": {"uv": [72, 36], "uv_size": [8, 18]},
								"up": {"uv": [113, 96], "uv_size": [1, 8]},
								"down": {"uv": [113, 112], "uv_size": [1, -8]}
							}
						}
					]
				},
				{
					"name": "bone24",
					"parent": "group",
					"pivot": [0, 8, 0],
					"cubes": [
						{
							"origin": [-16, -1, 5],
							"size": [8, 18, 1],
							"uv": {
								"north": {"uv": [78, 0], "uv_size": [8, 18]},
								"east": {"uv": [112, 23], "uv_size": [1, 18]},
								"south": {"uv": [78, 18], "uv_size": [8, 18]},
								"west": {"uv": [112, 49], "uv_size": [1, 18]},
								"up": {"uv": [113, 112], "uv_size": [8, 1]},
								"down": {"uv": [113, 113], "uv_size": [8, -1]}
							}
						}
					]
				},
				{
					"name": "bone23",
					"parent": "group",
					"pivot": [0, 8, 0],
					"rotation": [0, 22.5, 0],
					"cubes": [
						{
							"origin": [-16, -1, 5],
							"size": [8, 18, 1],
							"uv": {
								"north": {"uv": [48, 78], "uv_size": [8, 18]},
								"east": {"uv": [112, 67], "uv_size": [1, 18]},
								"south": {"uv": [78, 54], "uv_size": [8, 18]},
								"west": {"uv": [112, 85], "uv_size": [1, 18]},
								"up": {"uv": [114, 0], "uv_size": [8, 1]},
								"down": {"uv": [114, 1], "uv_size": [8, -1]}
							}
						}
					]
				},
				{
					"name": "bone22",
					"parent": "group",
					"pivot": [0, 8, 0],
					"rotation": [0, -22.5, 0],
					"cubes": [
						{
							"origin": [5, -1, 8],
							"size": [1, 18, 8],
							"uv": {
								"north": {"uv": [112, 103], "uv_size": [1, 18]},
								"east": {"uv": [56, 78], "uv_size": [8, 18]},
								"south": {"uv": [113, 23], "uv_size": [1, 18]},
								"west": {"uv": [64, 78], "uv_size": [8, 18]},
								"up": {"uv": [114, 23], "uv_size": [1, 8]},
								"down": {"uv": [114, 39], "uv_size": [1, -8]}
							}
						}
					]
				},
				{
					"name": "bone21",
					"parent": "group",
					"pivot": [0, 8, 0],
					"rotation": [0, 22.5, 0],
					"cubes": [
						{
							"origin": [8, -1, -6],
							"size": [8, 18, 1],
							"uv": {
								"north": {"uv": [72, 78], "uv_size": [8, 18]},
								"east": {"uv": [48, 113], "uv_size": [1, 18]},
								"south": {"uv": [80, 36], "uv_size": [8, 18]},
								"west": {"uv": [49, 113], "uv_size": [1, 18]},
								"up": {"uv": [114, 2], "uv_size": [8, 1]},
								"down": {"uv": [114, 3], "uv_size": [8, -1]}
							}
						}
					]
				},
				{
					"name": "bone20",
					"parent": "group",
					"pivot": [0, 8, 0],
					"rotation": [0, 22.5, 0],
					"cubes": [
						{
							"origin": [-6, -1, -16],
							"size": [1, 18, 8],
							"uv": {
								"north": {"uv": [113, 49], "uv_size": [1, 18]},
								"east": {"uv": [80, 72], "uv_size": [8, 18]},
								"south": {"uv": [50, 113], "uv_size": [1, 18]},
								"west": {"uv": [0, 82], "uv_size": [8, 18]},
								"up": {"uv": [32, 114], "uv_size": [1, 8]},
								"down": {"uv": [33, 122], "uv_size": [1, -8]}
							}
						}
					]
				},
				{
					"name": "bone19",
					"parent": "group",
					"pivot": [0, 8, 0],
					"rotation": [0, 22.5, 0],
					"cubes": [
						{
							"origin": [5, -1, 8],
							"size": [1, 18, 8],
							"uv": {
								"north": {"uv": [51, 113], "uv_size": [1, 18]},
								"east": {"uv": [8, 82], "uv_size": [8, 18]},
								"south": {"uv": [52, 113], "uv_size": [1, 18]},
								"west": {"uv": [16, 82], "uv_size": [8, 18]},
								"up": {"uv": [34, 114], "uv_size": [1, 8]},
								"down": {"uv": [35, 122], "uv_size": [1, -8]}
							}
						}
					]
				},
				{
					"name": "bone18",
					"parent": "group",
					"pivot": [0, 8, 0],
					"rotation": [0, -22.5, 0],
					"cubes": [
						{
							"origin": [-6, -1, -16],
							"size": [1, 18, 8],
							"uv": {
								"north": {"uv": [53, 113], "uv_size": [1, 18]},
								"east": {"uv": [24, 82], "uv_size": [8, 18]},
								"south": {"uv": [54, 113], "uv_size": [1, 18]},
								"west": {"uv": [32, 82], "uv_size": [8, 18]},
								"up": {"uv": [36, 114], "uv_size": [1, 8]},
								"down": {"uv": [37, 122], "uv_size": [1, -8]}
							}
						}
					]
				},
				{
					"name": "bone17",
					"parent": "group",
					"pivot": [0, 8, 0],
					"rotation": [0, -22.5, 0],
					"cubes": [
						{
							"origin": [-16, -1, 5],
							"size": [8, 18, 1],
							"uv": {
								"north": {"uv": [40, 82], "uv_size": [8, 18]},
								"east": {"uv": [55, 113], "uv_size": [1, 18]},
								"south": {"uv": [86, 0], "uv_size": [8, 18]},
								"west": {"uv": [56, 113], "uv_size": [1, 18]},
								"up": {"uv": [114, 4], "uv_size": [8, 1]},
								"down": {"uv": [114, 5], "uv_size": [8, -1]}
							}
						}
					]
				},
				{
					"name": "bone16",
					"parent": "group",
					"pivot": [0, 8, 0],
					"rotation": [0, 45, 0],
					"cubes": [
						{
							"origin": [-16, -1, 5],
							"size": [8, 18, 1],
							"uv": {
								"north": {"uv": [86, 18], "uv_size": [8, 18]},
								"east": {"uv": [57, 113], "uv_size": [1, 18]},
								"south": {"uv": [86, 54], "uv_size": [8, 18]},
								"west": {"uv": [58, 113], "uv_size": [1, 18]},
								"up": {"uv": [114, 6], "uv_size": [8, 1]},
								"down": {"uv": [114, 7], "uv_size": [8, -1]}
							}
						}
					]
				},
				{
					"name": "bone15",
					"parent": "group",
					"pivot": [0, 8, 0],
					"cubes": [
						{
							"origin": [8, -1, -6],
							"size": [8, 18, 1],
							"uv": {
								"north": {"uv": [88, 36], "uv_size": [8, 18]},
								"east": {"uv": [59, 113], "uv_size": [1, 18]},
								"south": {"uv": [88, 72], "uv_size": [8, 18]},
								"west": {"uv": [60, 113], "uv_size": [1, 18]},
								"up": {"uv": [114, 39], "uv_size": [8, 1]},
								"down": {"uv": [114, 40], "uv_size": [8, -1]}
							}
						}
					]
				},
				{
					"name": "bone14",
					"parent": "group",
					"pivot": [0, 8, 0],
					"cubes": [
						{
							"origin": [-13, -0.7, -13],
							"size": [26, 0.1, 26],
							"uv": {
								"up": {"uv": [0, 0], "uv_size": [26, 26]},
								"down": {"uv": [0, 52], "uv_size": [26, -26]}
							}
						}
					]
				},
				{
					"name": "bone13",
					"parent": "group",
					"pivot": [0, 8, 0],
					"cubes": [
						{
							"origin": [-13, 16.6, -13],
							"size": [26, 0.1, 26],
							"uv": {
								"up": {"uv": [26, 0], "uv_size": [26, 26]},
								"down": {"uv": [26, 52], "uv_size": [26, -26]}
							}
						}
					]
				},
				{
					"name": "bone12",
					"parent": "group",
					"pivot": [0, 8, 0],
					"cubes": [
						{
							"origin": [-10, -0.5, -4],
							"size": [2.1, 17, 8],
							"uv": {
								"north": {"uv": [99, 105], "uv_size": [2, 17]},
								"east": {"uv": [80, 90], "uv_size": [8, 17]},
								"south": {"uv": [101, 105], "uv_size": [2, 17]},
								"west": {"uv": [88, 90], "uv_size": [8, 17]},
								"up": {"uv": [70, 36], "uv_size": [2, 8]},
								"down": {"uv": [110, 37], "uv_size": [2, -8]}
							}
						}
					]
				},
				{
					"name": "bone11",
					"parent": "group",
					"pivot": [0, 8, 0],
					"cubes": [
						{
							"origin": [7.9, -0.5, -4],
							"size": [2.1, 17, 8],
							"uv": {
								"north": {"uv": [106, 49], "uv_size": [2, 17]},
								"east": {"uv": [94, 0], "uv_size": [8, 17]},
								"south": {"uv": [107, 66], "uv_size": [2, 17]},
								"west": {"uv": [94, 17], "uv_size": [8, 17]},
								"up": {"uv": [110, 37], "uv_size": [2, 8]},
								"down": {"uv": [112, 8], "uv_size": [2, -8]}
							}
						}
					]
				},
				{
					"name": "bone10",
					"parent": "group",
					"pivot": [0, 8, 0],
					"cubes": [
						{
							"origin": [-4, -0.5, -10],
							"size": [8, 17, 2.1],
							"uv": {
								"north": {"uv": [94, 54], "uv_size": [8, 17]},
								"east": {"uv": [80, 107], "uv_size": [2, 17]},
								"south": {"uv": [96, 34], "uv_size": [8, 17]},
								"west": {"uv": [82, 107], "uv_size": [2, 17]},
								"up": {"uv": [108, 8], "uv_size": [8, 2]},
								"down": {"uv": [108, 12], "uv_size": [8, -2]}
							}
						}
					]
				},
				{
					"name": "bone9",
					"parent": "group",
					"pivot": [0, 8, 0],
					"cubes": [
						{
							"origin": [-4, -0.5, 7.9],
							"size": [8, 17, 2.1],
							"uv": {
								"north": {"uv": [48, 96], "uv_size": [8, 17]},
								"east": {"uv": [107, 83], "uv_size": [2, 17]},
								"south": {"uv": [56, 96], "uv_size": [8, 17]},
								"west": {"uv": [84, 107], "uv_size": [2, 17]},
								"up": {"uv": [108, 12], "uv_size": [8, 2]},
								"down": {"uv": [112, 43], "uv_size": [8, -2]}
							}
						}
					]
				},
				{
					"name": "bone8",
					"parent": "group",
					"pivot": [0, 8, 0],
					"rotation": [0, -45, 0],
					"cubes": [
						{
							"origin": [-10, -0.5, -4],
							"size": [2.1, 17, 8],
							"uv": {
								"north": {"uv": [86, 107], "uv_size": [2, 17]},
								"east": {"uv": [64, 96], "uv_size": [8, 17]},
								"south": {"uv": [88, 107], "uv_size": [2, 17]},
								"west": {"uv": [96, 71], "uv_size": [8, 17]},
								"up": {"uv": [61, 113], "uv_size": [2, 8]},
								"down": {"uv": [63, 121], "uv_size": [2, -8]}
							}
						}
					]
				},
				{
					"name": "bone7",
					"parent": "group",
					"pivot": [0, 8, 0],
					"rotation": [0, 45, 0],
					"cubes": [
						{
							"origin": [-4, -0.5, 7.9],
							"size": [8, 17, 2.1],
							"uv": {
								"north": {"uv": [72, 96], "uv_size": [8, 17]},
								"east": {"uv": [90, 107], "uv_size": [2, 17]},
								"south": {"uv": [96, 88], "uv_size": [8, 17]},
								"west": {"uv": [92, 107], "uv_size": [2, 17]},
								"up": {"uv": [112, 43], "uv_size": [8, 2]},
								"down": {"uv": [65, 115], "uv_size": [8, -2]}
							}
						}
					]
				},
				{
					"name": "bone6",
					"parent": "group",
					"pivot": [0, 8, 0],
					"rotation": [0, 45, 0],
					"cubes": [
						{
							"origin": [7.9, -0.5, -4],
							"size": [2.1, 17, 8],
							"uv": {
								"north": {"uv": [94, 107], "uv_size": [2, 17]},
								"east": {"uv": [0, 100], "uv_size": [8, 17]},
								"south": {"uv": [107, 100], "uv_size": [2, 17]},
								"west": {"uv": [8, 100], "uv_size": [8, 17]},
								"up": {"uv": [113, 67], "uv_size": [2, 8]},
								"down": {"uv": [73, 121], "uv_size": [2, -8]}
							}
						}
					]
				},
				{
					"name": "bone5",
					"parent": "group",
					"pivot": [0, 8, 0],
					"rotation": [0, 45, 0],
					"cubes": [
						{
							"origin": [-10, -0.5, -4],
							"size": [2.1, 17, 8],
							"uv": {
								"north": {"uv": [108, 29], "uv_size": [2, 17]},
								"east": {"uv": [16, 100], "uv_size": [8, 17]},
								"south": {"uv": [108, 49], "uv_size": [2, 17]},
								"west": {"uv": [24, 100], "uv_size": [8, 17]},
								"up": {"uv": [75, 113], "uv_size": [2, 8]},
								"down": {"uv": [113, 83], "uv_size": [2, -8]}
							}
						}
					]
				},
				{
					"name": "bone4",
					"parent": "group",
					"pivot": [0, 8, 0],
					"cubes": [
						{
							"origin": [-3, 1, -3],
							"size": [6, 14, 6],
							"uv": {
								"north": {"uv": [48, 64], "uv_size": [6, 14]},
								"east": {"uv": [32, 100], "uv_size": [6, 14]},
								"south": {"uv": [38, 100], "uv_size": [6, 14]},
								"west": {"uv": [102, 0], "uv_size": [6, 14]},
								"up": {"uv": [72, 54], "uv_size": [6, 6]},
								"down": {"uv": [72, 60], "uv_size": [6, -6]}
							}
						}
					]
				},
				{
					"name": "bone3",
					"parent": "group",
					"pivot": [0, 8, 0],
					"rotation": [0, -22.5, 0],
					"cubes": [
						{
							"origin": [-1.5, 2, -9],
							"size": [3, 12, 18],
							"uv": {
								"east": {"uv": [0, 52], "uv_size": [18, 12]},
								"west": {"uv": [52, 0], "uv_size": [18, 12]},
								"up": {"uv": [104, 67], "uv_size": [3, 18]},
								"down": {"uv": [104, 85], "uv_size": [3, -18]}
							}
						}
					]
				},
				{
					"name": "bone2",
					"parent": "group",
					"pivot": [0, 8, 0],
					"rotation": [0, 22.5, 0],
					"cubes": [
						{
							"origin": [-1.5, 2.1, -9],
							"size": [3, 11.8, 18],
							"uv": {
								"east": {"uv": [52, 12], "uv_size": [18, 12]},
								"west": {"uv": [18, 52], "uv_size": [18, 12]},
								"up": {"uv": [104, 103], "uv_size": [3, 18]},
								"down": {"uv": [104, 121], "uv_size": [3, -18]}
							}
						}
					]
				},
				{
					"name": "bone",
					"parent": "group",
					"pivot": [0, 8, 0],
					"rotation": [0, 22.5, 0],
					"cubes": [
						{
							"origin": [-9, 2.1, -1.5],
							"size": [18, 11.8, 3],
							"uv": {
								"north": {"uv": [52, 24], "uv_size": [18, 12]},
								"south": {"uv": [36, 52], "uv_size": [18, 12]},
								"up": {"uv": [104, 46], "uv_size": [18, 3]},
								"down": {"uv": [106, 17], "uv_size": [18, -3]}
							}
						}
					]
				}
			]
		}
	]
}