{
	"format_version": "1.12.0",
	"minecraft:geometry": [
		{
			"description": {
				"identifier": "geometry.wrench",
				"texture_width": 16,
				"texture_height": 16,
				"visible_bounds_width": 2,
				"visible_bounds_height": 2.5,
				"visible_bounds_offset": [0, 0.75, 0]
			},
			"bones": [
				{
					"name": "rightitem",
					"pivot": [0, 8, 0],
					"cubes": [
						{
							"origin": [-3, 7, -0.5],
							"size": [5, 1, 1],
							"pivot": [-1, 7, 0],
							"rotation": [0, -45, 0],
							"uv": {
								"north": {"uv": [2, 14], "uv_size": [8, 2]},
								"east": {"uv": [10, 14], "uv_size": [2, 2]},
								"south": {"uv": [2, 14], "uv_size": [8, 2]},
								"west": {"uv": [10, 14], "uv_size": [2, 2]},
								"up": {"uv": [10, 16], "uv_size": [-8, -2]},
								"down": {"uv": [10, 16], "uv_size": [-8, -2]}
							}
						},
						{
							"origin": [-1.5, 7, -2],
							"size": [2, 1, 4],
							"uv": {
								"north": {"uv": [10, 14], "uv_size": [2, 2]},
								"east": {"uv": [2, 14], "uv_size": [8, 2]},
								"south": {"uv": [10, 14], "uv_size": [2, 2]},
								"west": {"uv": [2, 14], "uv_size": [8, 2]},
								"up": {"uv": [10, 16], "uv_size": [-8, -2]},
								"down": {"uv": [10, 16], "uv_size": [-8, -2]}
							}
						},
						{
							"origin": [-1.5, 7, -2],
							"size": [2, 1, 4],
							"pivot": [-1, 7, 0],
							"rotation": [0, -45, 0],
							"uv": {
								"north": {"uv": [10, 14], "uv_size": [2, 2]},
								"east": {"uv": [2, 14], "uv_size": [8, 2]},
								"south": {"uv": [10, 14], "uv_size": [2, 2]},
								"west": {"uv": [2, 14], "uv_size": [8, 2]},
								"up": {"uv": [10, 16], "uv_size": [-8, -2]},
								"down": {"uv": [10, 16], "uv_size": [-8, -2]}
							}
						},
						{
							"origin": [-3, 7, -0.5],
							"size": [5, 1, 1],
							"uv": {
								"north": {"uv": [2, 14], "uv_size": [8, 2]},
								"east": {"uv": [10, 14], "uv_size": [2, 2]},
								"south": {"uv": [2, 14], "uv_size": [8, 2]},
								"west": {"uv": [10, 14], "uv_size": [2, 2]},
								"up": {"uv": [10, 16], "uv_size": [-8, -2]},
								"down": {"uv": [10, 16], "uv_size": [-8, -2]}
							}
						},
						{
							"origin": [-0.6, 0, -0.5],
							"size": [2, 7, 1],
							"uv": {
								"north": {"uv": [2, 0], "uv_size": [2, 14]},
								"east": {"uv": [2, 0], "uv_size": [2, 14]},
								"south": {"uv": [2, 0], "uv_size": [2, 14]},
								"west": {"uv": [2, 0], "uv_size": [2, 14]},
								"down": {"uv": [4, 14], "uv_size": [-2, -2]}
							}
						},
						{
							"origin": [-0.5, 8.5, -0.5],
							"size": [3, 6, 1],
							"uv": {
								"north": {"uv": [12, 0], "uv_size": [4, 12]},
								"east": {"uv": [14, 0], "uv_size": [2, 12]},
								"south": {"uv": [16, 0], "uv_size": [-4, 12]},
								"west": {"uv": [16, 0], "uv_size": [-2, 12]},
								"up": {"uv": [7, 8], "uv_size": [-2, -1]},
								"down": {"uv": [1, 1], "uv_size": [-1, -1]}
							}
						},
						{
							"origin": [-1.35355, 5, -0.85355],
							"size": [2, 7, 1],
							"pivot": [-0.5, 11, 0],
							"rotation": [0, 45, 0],
							"uv": {
								"north": {"uv": [0, 0], "uv_size": [2, 14]},
								"east": {"uv": [0, 2], "uv_size": [2, 14]},
								"south": {"uv": [0, 0], "uv_size": [2, 14]},
								"west": {"uv": [0, 2], "uv_size": [2, 14]},
								"up": {"uv": [1, 1], "uv_size": [-1, -1]},
								"down": {"uv": [1, 1], "uv_size": [-1, -1]}
							}
						},
						{
							"origin": [-3, 14, -1],
							"size": [5, 1, 2],
							"uv": {
								"north": {"uv": [4, 8], "uv_size": [8, 2]},
								"east": {"uv": [4, 0], "uv_size": [4, 2]},
								"south": {"uv": [12, 8], "uv_size": [-8, 2]},
								"west": {"uv": [4, 6], "uv_size": [4, 2]},
								"up": {"uv": [8, 10], "uv_size": [-3, -10]},
								"down": {"uv": [12, 8], "uv_size": [-4, -8]}
							}
						},
						{
							"origin": [-3, 12, -1],
							"size": [4, 1, 2],
							"uv": {
								"north": {"uv": [10, 8], "uv_size": [-6, 2]},
								"east": {"uv": [4, 0], "uv_size": [4, 2]},
								"south": {"uv": [4, 8], "uv_size": [6, 2]},
								"west": {"uv": [4, 6], "uv_size": [4, 2]},
								"up": {"uv": [12, 6], "uv_size": [-4, -6]},
								"down": {"uv": [8, 6], "uv_size": [-4, -6]}
							}
						},
						{
							"origin": [-2.4, 8, -1],
							"size": [5, 1, 2],
							"uv": {
								"north": {"uv": [4, 13], "uv_size": [4, 1]},
								"east": {"uv": [8, 10], "uv_size": [2, 1]},
								"south": {"uv": [8, 9], "uv_size": [4, 1]},
								"west": {"uv": [10, 10], "uv_size": [2, 1]},
								"up": {"uv": [4, 9], "uv_size": [4, 2]},
								"down": {"uv": [4, 13], "uv_size": [4, -2]}
							}
						},
						{
							"origin": [-1.5, 6, -1],
							"size": [3, 1, 2],
							"pivot": [-0.5, 11, 0],
							"rotation": [0, -45, 0],
							"uv": {
								"north": {"uv": [12, 12], "uv_size": [4, 2]},
								"east": {"uv": [12, 12], "uv_size": [4, 2]},
								"south": {"uv": [12, 12], "uv_size": [4, 2]},
								"west": {"uv": [12, 12], "uv_size": [4, 2]},
								"up": {"uv": [16, 16], "uv_size": [-4, -4]},
								"down": {"uv": [16, 16], "uv_size": [-4, -4]}
							}
						}
					]
				}
			]
		}
	]
}