{
    "format_version": "1.17.40",
    "minecraft:block": {
        "description": {
            "identifier": "rc:transmitter",
            "properties": {
               "rc:color": [
                 "pink_dye",
                 "white_dye",
                 "black_dye",
                 "orange_dye",
                 "red_dye",
                 "magenta_dye",
                 "blue_dye",
                 "gray_dye",
                 "yellow_dye",
                 "brown_dye",
                 "green_dye",
                 "purple_dye",
                 "lime_dye",
                 "light_blue_dye",
                 "light_gray_dye",
                 "cyan_dye"
               ],
               "rc:active_c": [0, 1]
            }
        },
        "components": {
           "minecraft:material_instances": {
          "*": {
             "texture": "redstone_link_withe",
					"render_method": "alpha_test",
            "ambient_occlusion": true
				}
		 	},
       "minecraft:rotation": [0, 0, 0],
              "minecraft:geometry": "geometry.transmitter",
            "minecraft:pick_collision": {
                "origin": [ -6, 0, -6 ],
                "size": [ 12, 8, 12 ]
            },
            "minecraft:part_visibility": {
               "rules": {
               "color": "q.block_property('rc:active_c') == 1"
               }
           },
            "minecraft:entity_collision": {
                  "origin": [ -6, 0, -6 ],
                  "size": [ 12, 3, 12 ]
              },
            "minecraft:destroy_time": 3,
	      	"minecraft:block_light_emission": 0.0,
            
            "minecraft:map_color": "#00c900",
            "minecraft:flammable": {
                "flame_odds": 0,
                "burn_odds": 0
            },
            "minecraft:ticking": {
               "looping": true,
               "range": [0.1, 0.1],
               "on_tick": {
                 "event": "active",
                 "condition": "q.block_property('rc:active_c') == 1"
               }
             },
             "minecraft:on_interact": {
               "event": "add_color"
             }
        },
        "events": {
           "active": {
              "sequence": [
                 {
                   "condition": "(q.block_property('rc:color') == 'white_dye')",
                  "run_command": {
                    "command": [
                      "execute unless block ~~~-1 redstone_wire 0 if block ~~~-1 redstone_wire run summon rc:redstone_link white ~~~",
                      "execute unless block ~~~1 redstone_wire 0 if block ~~~1 redstone_wire run summon rc:redstone_link white ~~~",
                      "execute unless block ~1 ~ ~ redstone_wire 0 if block ~1 ~ ~ redstone_wire run summon rc:redstone_link white ~~~",
                      "execute unless block ~-1 ~ ~ redstone_wire 0 if block ~-1 ~ ~ redstone_wire run summon rc:redstone_link white ~~~"
                    ]
                  }
                 },
                 {
                  "condition": "(q.block_property('rc:color') == 'black_dye')",
                 "run_command": {
                    "command": [
                      "execute unless block ~~~-1 redstone_wire 0 if block ~~~-1 redstone_wire run summon rc:redstone_link black ~~~",
                      "execute unless block ~~~1 redstone_wire 0 if block ~~~1 redstone_wire run summon rc:redstone_link black ~~~",
                      "execute unless block ~1 ~ ~ redstone_wire 0 if block ~1 ~ ~ redstone_wire run summon rc:redstone_link black ~~~",
                      "execute unless block ~-1 ~ ~ redstone_wire 0 if block ~-1 ~ ~ redstone_wire run summon rc:redstone_link black ~~~"
                    ]
                 }
                },
                {
                  "condition": "(q.block_property('rc:color') == 'red_dye')",
                 "run_command": {
                  "command": [
                    "execute unless block ~~~-1 redstone_wire 0 if block ~~~-1 redstone_wire run summon rc:redstone_link red ~~~",
                    "execute unless block ~~~1 redstone_wire 0 if block ~~~1 redstone_wire run summon rc:redstone_link red ~~~",
                    "execute unless block ~1 ~ ~ redstone_wire 0 if block ~1 ~ ~ redstone_wire run summon rc:redstone_link red ~~~",
                    "execute unless block ~-1 ~ ~ redstone_wire 0 if block ~-1 ~ ~ redstone_wire run summon rc:redstone_link red ~~~"
                  ]
                 }
                },
                {
                  "condition": "(q.block_property('rc:color') == 'blue_dye')",
                 "run_command": {
                  "command": [
                    "execute unless block ~~~-1 redstone_wire 0 if block ~~~-1 redstone_wire run summon rc:redstone_link blue ~~~",
                    "execute unless block ~~~1 redstone_wire 0 if block ~~~1 redstone_wire run summon rc:redstone_link blue ~~~",
                    "execute unless block ~1 ~ ~ redstone_wire 0 if block ~1 ~ ~ redstone_wire run summon rc:redstone_link blue ~~~",
                    "execute unless block ~-1 ~ ~ redstone_wire 0 if block ~-1 ~ ~ redstone_wire run summon rc:redstone_link blue ~~~"
                  ]
                 }
                },
                {
                  "condition": "(q.block_property('rc:color') == 'green_dye')",
                 "run_command": {
                  "command": [
                    "execute unless block ~~~-1 redstone_wire 0 if block ~~~-1 redstone_wire run summon rc:redstone_link green ~~~",
                    "execute unless block ~~~1 redstone_wire 0 if block ~~~1 redstone_wire run summon rc:redstone_link green ~~~",
                    "execute unless block ~1 ~ ~ redstone_wire 0 if block ~1 ~ ~ redstone_wire run summon rc:redstone_link green ~~~",
                    "execute unless block ~-1 ~ ~ redstone_wire 0 if block ~-1 ~ ~ redstone_wire run summon rc:redstone_link green ~~~"
                  ]
                 }
                },
                {
                  "condition": "(q.block_property('rc:color') == 'lime_dye')",
                 "run_command": {
                  "command": [
                    "execute unless block ~~~-1 redstone_wire 0 if block ~~~-1 redstone_wire run summon rc:redstone_link lime ~~~",
                    "execute unless block ~~~1 redstone_wire 0 if block ~~~1 redstone_wire run summon rc:redstone_link lime ~~~",
                    "execute unless block ~1 ~ ~ redstone_wire 0 if block ~1 ~ ~ redstone_wire run summon rc:redstone_link lime ~~~",
                    "execute unless block ~-1 ~ ~ redstone_wire 0 if block ~-1 ~ ~ redstone_wire run summon rc:redstone_link lime ~~~"
                  ]
                 }
                },
                {
                  "condition": "(q.block_property('rc:color') == 'orange_dye')",
                 "run_command": {
                  "command": [
                    "execute unless block ~~~-1 redstone_wire 0 if block ~~~-1 redstone_wire run summon rc:redstone_link orange ~~~",
                    "execute unless block ~~~1 redstone_wire 0 if block ~~~1 redstone_wire run summon rc:redstone_link orange ~~~",
                    "execute unless block ~1 ~ ~ redstone_wire 0 if block ~1 ~ ~ redstone_wire run summon rc:redstone_link orange ~~~",
                    "execute unless block ~-1 ~ ~ redstone_wire 0 if block ~-1 ~ ~ redstone_wire run summon rc:redstone_link orange ~~~"
                  ]
                 }
                },
                {
                  "condition": "(q.block_property('rc:color') == 'pink_dye')",
                 "run_command": {
                  "command": [
                    "execute unless block ~~~-1 redstone_wire 0 if block ~~~-1 redstone_wire run summon rc:redstone_link pink ~~~",
                    "execute unless block ~~~1 redstone_wire 0 if block ~~~1 redstone_wire run summon rc:redstone_link pink ~~~",
                    "execute unless block ~1 ~ ~ redstone_wire 0 if block ~1 ~ ~ redstone_wire run summon rc:redstone_link pink ~~~",
                    "execute unless block ~-1 ~ ~ redstone_wire 0 if block ~-1 ~ ~ redstone_wire run summon rc:redstone_link pink ~~~"
                  ]
                 }
                },
                {
                  "condition": "(q.block_property('rc:color') == 'magenta_dye')",
                 "run_command": {
                  "command": [
                    "execute unless block ~~~-1 redstone_wire 0 if block ~~~-1 redstone_wire run summon rc:redstone_link magenta ~~~",
                    "execute unless block ~~~1 redstone_wire 0 if block ~~~1 redstone_wire run summon rc:redstone_link magenta ~~~",
                    "execute unless block ~1 ~ ~ redstone_wire 0 if block ~1 ~ ~ redstone_wire run summon rc:redstone_link magenta ~~~",
                    "execute unless block ~-1 ~ ~ redstone_wire 0 if block ~-1 ~ ~ redstone_wire run summon rc:redstone_link magenta ~~~"
                  ]
                 }
                },
                {
                  "condition": "(q.block_property('rc:color') == 'purple_dye')",
                 "run_command": {
                  "command": [
                    "execute unless block ~~~-1 redstone_wire 0 if block ~~~-1 redstone_wire run summon rc:redstone_link purple ~~~",
                    "execute unless block ~~~1 redstone_wire 0 if block ~~~1 redstone_wire run summon rc:redstone_link purple ~~~",
                    "execute unless block ~1 ~ ~ redstone_wire 0 if block ~1 ~ ~ redstone_wire run summon rc:redstone_link purple ~~~",
                    "execute unless block ~-1 ~ ~ redstone_wire 0 if block ~-1 ~ ~ redstone_wire run summon rc:redstone_link purple ~~~"
                  ]
                 }
                },
                {
                  "condition": "(q.block_property('rc:color') == 'brown_dye')",
                 "run_command": {
                  "command": [
                    "execute unless block ~~~-1 redstone_wire 0 if block ~~~-1 redstone_wire run summon rc:redstone_link brown ~~~",
                    "execute unless block ~~~1 redstone_wire 0 if block ~~~1 redstone_wire run summon rc:redstone_link brown ~~~",
                    "execute unless block ~1 ~ ~ redstone_wire 0 if block ~1 ~ ~ redstone_wire run summon rc:redstone_link brown ~~~",
                    "execute unless block ~-1 ~ ~ redstone_wire 0 if block ~-1 ~ ~ redstone_wire run summon rc:redstone_link brown ~~~"
                  ]
                 }
                },
                {
                  "condition": "(q.block_property('rc:color') == 'yellow_dye')",
                 "run_command": {
                  "command": [
                    "execute unless block ~~~-1 redstone_wire 0 if block ~~~-1 redstone_wire run summon rc:redstone_link yellow ~~~",
                    "execute unless block ~~~1 redstone_wire 0 if block ~~~1 redstone_wire run summon rc:redstone_link yellow ~~~",
                    "execute unless block ~1 ~ ~ redstone_wire 0 if block ~1 ~ ~ redstone_wire run summon rc:redstone_link yellow ~~~",
                    "execute unless block ~-1 ~ ~ redstone_wire 0 if block ~-1 ~ ~ redstone_wire run summon rc:redstone_link yellow ~~~"
                  ]
                 }
                },
                {
                  "condition": "(q.block_property('rc:color') == 'cyan_dye')",
                 "run_command": {
                  "command": [
                    "execute unless block ~~~-1 redstone_wire 0 if block ~~~-1 redstone_wire run summon rc:redstone_link cyan ~~~",
                    "execute unless block ~~~1 redstone_wire 0 if block ~~~1 redstone_wire run summon rc:redstone_link cyan ~~~",
                    "execute unless block ~1 ~ ~ redstone_wire 0 if block ~1 ~ ~ redstone_wire run summon rc:redstone_link cyan ~~~",
                    "execute unless block ~-1 ~ ~ redstone_wire 0 if block ~-1 ~ ~ redstone_wire run summon rc:redstone_link cyan ~~~"
                  ]
                 }
                },
                {
                  "condition": "(q.block_property('rc:color') == 'gray_dye')",
                 "run_command": {
                  "command": [
                    "execute unless block ~~~-1 redstone_wire 0 if block ~~~-1 redstone_wire run summon rc:redstone_link gray ~~~",
                    "execute unless block ~~~1 redstone_wire 0 if block ~~~1 redstone_wire run summon rc:redstone_link gray ~~~",
                    "execute unless block ~1 ~ ~ redstone_wire 0 if block ~1 ~ ~ redstone_wire run summon rc:redstone_link gray ~~~",
                    "execute unless block ~-1 ~ ~ redstone_wire 0 if block ~-1 ~ ~ redstone_wire run summon rc:redstone_link gray ~~~"
                  ]
                 }
                },
                {
                  "condition": "(q.block_property('rc:color') == 'light_gray_dye')",
                 "run_command": {
                  "command": [
                    "execute unless block ~~~-1 redstone_wire 0 if block ~~~-1 redstone_wire run summon rc:redstone_link light_gray ~~~",
                    "execute unless block ~~~1 redstone_wire 0 if block ~~~1 redstone_wire run summon rc:redstone_link light_gray ~~~",
                    "execute unless block ~1 ~ ~ redstone_wire 0 if block ~1 ~ ~ redstone_wire run summon rc:redstone_link light_gray ~~~",
                    "execute unless block ~-1 ~ ~ redstone_wire 0 if block ~-1 ~ ~ redstone_wire run summon rc:redstone_link light_gray ~~~"
                  ]
                 }
                },
                {
                  "condition": "(q.block_property('rc:color') == 'light_blue_dye')",
                 "run_command": {
                  "command": [
                    "execute unless block ~~~-1 redstone_wire 0 if block ~~~-1 redstone_wire run summon rc:redstone_link light_blue ~~~",
                    "execute unless block ~~~1 redstone_wire 0 if block ~~~1 redstone_wire run summon rc:redstone_link light_blue ~~~",
                    "execute unless block ~1 ~ ~ redstone_wire 0 if block ~1 ~ ~ redstone_wire run summon rc:redstone_link light_blue ~~~",
                    "execute unless block ~-1 ~ ~ redstone_wire 0 if block ~-1 ~ ~ redstone_wire run summon rc:redstone_link light_blue ~~~"
                  ]
                 }
                }
              ]
           },
          "add_color": {
            "sequence": [
              {
                "condition": "!q.is_sneaking && q.is_item_name_any('slot.weapon.mainhand', 'minecraft:white_dye','minecraft:black_dye', 'minecraft:red_dye','minecraft:blue_dye','minecraft:green_dye', 'minecraft:lime_dye','minecraft:orange_dye', 'minecraft:pink_dye','minecraft:purple_dye', 'minecraft:brown_dye','minecraft:yellow_dye', 'minecraft:cyan_dye','minecraft:gray_dye', 'minecraft:light_gray_dye','minecraft:light_blue_dye','minecraft:magenta_dye')",
                 "set_block_property": {
                  "rc:color": "query.get_equipped_item_name('main_hand')",
                  "rc:active_c": 1
                 }
              },
              {
                "condition": "q.is_sneaking",
               "run_command": {
                  "command": ["setblock ~~~ rc:receiver"]
               }
              }
            ]
          }
       },
       "permutations": [
         {
           "condition": "(q.block_property('rc:color') == 'white_dye')",
           "components": {
               "minecraft:material_instances": {
          "*": {
             "texture": "redstone_link_withe",
					"render_method": "alpha_test",
           "ambient_occlusion": true
			         	}
		 	        }
           }
         },
          {
           "condition": "(q.block_property('rc:color') == 'black_dye')",
           "components": {
               "minecraft:material_instances": {
          "*": {
             "texture": "redstone_link_black",
					"render_method": "alpha_test",
           "ambient_occlusion": true
			         	}
		 	        }
             
           }
         },
         {
          "condition": "(q.block_property('rc:color') == 'orange_dye')",
          "components": {
              "minecraft:material_instances": {
         "*": {
            "texture": "redstone_link_orange",
         "render_method": "alpha_test",
          "ambient_occlusion": true
                }
              }
            
          }
        },
        {
          "condition": "(q.block_property('rc:color') == 'red_dye')",
          "components": {
              "minecraft:material_instances": {
         "*": {
            "texture": "redstone_link_red",
         "render_method": "alpha_test",
          "ambient_occlusion": true
                }
              }
            
          }
        },
        {
          "condition": "(q.block_property('rc:color') == 'blue_dye')",
          "components": {
              "minecraft:material_instances": {
         "*": {
            "texture": "redstone_link_blue",
         "render_method": "alpha_test",
          "ambient_occlusion": true
                }
              }
            
          }
        },
        {
          "condition": "(q.block_property('rc:color') == 'pink_dye')",
          "components": {
              "minecraft:material_instances": {
         "*": {
            "texture": "redstone_link_pink",
         "render_method": "alpha_test",
          "ambient_occlusion": true
                }
              }
            
          }
        },
        {
          "condition": "(q.block_property('rc:color') == 'magenta_dye')",
          "components": {
              "minecraft:material_instances": {
         "*": {
            "texture": "redstone_link_magenta",
         "render_method": "alpha_test",
          "ambient_occlusion": true
                }
              }
            
          }
        },
        {
          "condition": "(q.block_property('rc:color') == 'cyan_dye')",
          "components": {
              "minecraft:material_instances": {
         "*": {
            "texture": "redstone_link_cyan",
         "render_method": "alpha_test",
          "ambient_occlusion": true
                }
              }
            
          }
        },
        {
          "condition": "(q.block_property('rc:color') == 'gray_dye')",
          "components": {
              "minecraft:material_instances": {
         "*": {
            "texture": "redstone_link_gray",
         "render_method": "alpha_test",
          "ambient_occlusion": true
                }
              }
            
          }
        },
        {
          "condition": "(q.block_property('rc:color') == 'green_dye')",
          "components": {
              "minecraft:material_instances": {
         "*": {
            "texture": "redstone_link_green",
         "render_method": "alpha_test",
          "ambient_occlusion": true
                }
              }
            
          }
        },
        {
          "condition": "(q.block_property('rc:color') == 'lime_dye')",
          "components": {
              "minecraft:material_instances": {
         "*": {
            "texture": "redstone_link_lime",
         "render_method": "alpha_test",
          "ambient_occlusion": true
                }
              }
            
          }
        },
        {
          "condition": "(q.block_property('rc:color') == 'purple_dye')",
          "components": {
              "minecraft:material_instances": {
         "*": {
            "texture": "redstone_link_purple",
         "render_method": "alpha_test",
          "ambient_occlusion": true
                }
              }
            
          }
        },
        {
          "condition": "(q.block_property('rc:color') == 'brown_dye')",
          "components": {
              "minecraft:material_instances": {
         "*": {
            "texture": "redstone_link_brown",
         "render_method": "alpha_test",
          "ambient_occlusion": true
                }
              }
            
          }
        },
        {
          "condition": "(q.block_property('rc:color') == 'yellow_dye')",
          "components": {
              "minecraft:material_instances": {
         "*": {
            "texture": "redstone_link_yellow",
         "render_method": "alpha_test",
          "ambient_occlusion": true
                }
              }
            
          }
        },
        {
          "condition": "(q.block_property('rc:color') == 'light_blue_dye')",
          "components": {
              "minecraft:material_instances": {
         "*": {
            "texture": "redstone_link_light_blue",
         "render_method": "alpha_test",
          "ambient_occlusion": true
                }
              }
            
          }
        },
        {
          "condition": "(q.block_property('rc:color') == 'light_gray_dye')",
          "components": {
              "minecraft:material_instances": {
         "*": {
            "texture": "redstone_link_light_gray",
         "render_method": "alpha_test",
          "ambient_occlusion": true
                }
              }
            
          }
        }
       ]
    }
}