{
	"format_version": "1.8.0",
	"animations": {
		"animation.minecart.move": {
			"loop": true,
			"bones": {
				"bottom": {
					"position": ["variable.rail_offset.x / query.model_scale", "variable.rail_offset.y / query.model_scale", "variable.rail_offset.z / query.model_scale"],
					"rotation": ["variable.hurt > 0 ? -Math.sin(variable.hurt * 360 / (Math.pi * 2)) * variable.hurt * (((20 * 2 - query.structural_integrity) - query.frame_alpha) < 0 ? 0: (20 * 2 - query.structural_integrity) - query.frame_alpha) / 10 * query.hurt_direction : 0", 0, "-variable.rail_rotation.z"]
				}
			}
		},
		"animation.minecart.scale": {
			"loop": true,
			"animation_length": 10,
			"bones": {
				"bottom": {
					"scale": 0
				},
				"root": {
					"scale": {
						"0.0": [0, 0, 0.1],
						"3.0": [0.01, 0, 0.1]
					}
				}
			}
		}
	}
}