{
	"format_version": "1.8.0",
	"animations": {
		"animation.wheel": {
			"loop": true,
			"animation_length": 3,
			"bones": {
				"transmission": {
					"rotation": [0, 0, 0],
					"position": [0, 0, 0]
				},
				"wheel": {
					"rotation": {
						"0.0": [0, 0, 0],
						"3.0": [0, 0, 360]
					}
				},
				"bone": {
					"position": {
						"0.0": [-3, 0, 0],
						"1.3": [-0.1, 0, 0],
						"1.7": [0.2, 0, 0],
						"2.0": [-0.1, 0, 0],
						"3.0": [-3, 0, 0]
					}
				},
				"bone4": {
					"rotation": {
						"0.0": [0, 0, 0],
						"1.5": [0, 0, 45.5],
						"3.0": [0, 0, 0]
					},
					"position": {
						"0.0": [-3, -0.3, 0],
						"0.3": [-2.66, -1.86, 0],
						"1.5": [-1.3, -6.6, 0],
						"2.5": [-2.43, -2.6, 0],
						"3.0": [-3, -0.3, 0]
					}
				},
				"bone3": {
					"rotation": {
						"0.0": [0, 0, 10],
						"0.7": [0, 0, 5],
						"2.1": [0, 0, -3.97],
						"2.8": [0, 0, -2.5],
						"3.0": [0, 0, 5]
					},
					"position": {
						"0.0": [7, 0, 0],
						"1.2": [0.9, 0, 0],
						"1.3": [0.66, 0, 0],
						"1.8": [1.26, 0, 0],
						"3.0": [7, 0, 0]
					}
				},
				"bone2": {
					"position": {
						"0.0": [7, 0, 0],
						"1.3": [0.7, 0, 0],
						"1.8": [1.2, 0, 0],
						"3.0": [7, 0, 0]
					}
				}
			}
		}
	}
}