{
  "format_version": "1.17.0",
  "minecraft:block": {
    "description": {
      "identifier": "rc:shaft_we",
      "properties": {
        "rc:giro": [0, 1],
        "rc:west": [0, 1],
        "rc:east": [0, 1]
      }
    },
    "components": {
      "minecraft:rotation":[0,90,0],
      "minecraft:loot": "loot_tables/shaft.json",
      "minecraft:part_visibility": {
        "rules": {
          "eixo1": "query.block_property('rc:west') == 1",
          "eixo2": "query.block_property('rc:west') == 1",
          "eixo3": "query.block_property('rc:west') == 1",
          "eixo4": "query.block_property('rc:west') == 1",
          "eixo5": "query.block_property('rc:west') == 1",
          "eixo6": "query.block_property('rc:west') == 1",
          "eixo7": "query.block_property('rc:west') == 1",
          "eixo8": "query.block_property('rc:west') == 1",
          "eixo9": "query.block_property('rc:west') == 1",
          "shaft1": "query.block_property('rc:east') == 1",
          "shaft2": "query.block_property('rc:east') == 1",
          "shaft3": "query.block_property('rc:east') == 1",
          "shaft4": "query.block_property('rc:east') == 1",
          "shaft5": "query.block_property('rc:east') == 1",
          "shaft6": "query.block_property('rc:east') == 1",
          "shaft7": "query.block_property('rc:east') == 1",
          "shaft8": "query.block_property('rc:east') == 1",
          "shaft9": "query.block_property('rc:east') == 1"
        }
      },
      "minecraft:pick_collision": {
        "origin": [ -2, 6, -8],
        "size": [ 4, 4, 16 ]
    },
    "minecraft:entity_collision": {
        "origin": [ -2, 6, -8],
        "size": [ 4, 4, 16 ]
    },
      "minecraft:material_instances": {
        "*": {
          "texture": "shaft",
          "render_method": "alpha_test"
        }
      },
      "minecraft:geometry": "geometry.shaft",
      "minecraft:block_light_absorption": 0,
      "minecraft:destroy_time": 1,
      "minecraft:ticking": {
        "looping": true,
        "range": [0, 0],
        "on_tick": {
          "event": "conexao"
        }
      },
        "minecraft:random_ticking": {
          "on_tick": {
            "event": "reset2",
            "target": "self"
          }
        },
      "minecraft:on_player_placing": {
        "event": "reset",
        "target": "self"
      },
      "minecraft:on_player_destroyed": {
        "event": "reset",
        "target": "self"
      },
      "tag:shaft": {}
    },
    "events": {
"conexao": {
  "sequence": [
    {
      "condition": "!q.block_neighbor_has_any_tag(-1,0,0,'we_giro2')",
      "set_block_property": {
        "rc:giro": 0
      }
    },
    {
      "condition": "!q.block_neighbor_has_any_tag(1,0,0,'we_giro2')",
      "set_block_property": {
        "rc:giro": 0
      }
    },
  {
    "condition": "q.block_neighbor_has_any_tag(-1,0,0,'we_giro2')",
    "set_block_property": {
      "rc:giro": 1
    }
  },
  {
    "condition": "q.block_neighbor_has_any_tag(1,0,0,'we_giro2')",
    "set_block_property": {
      "rc:giro": 1
      }
    },


    
  {
    "condition": "!q.block_neighbor_has_any_tag(1,0,0,'belt_ns')",
    "set_block_property": {
      "rc:east": 0
    }
  },
  {
    "condition": "!q.block_neighbor_has_any_tag(-1,0,0,'belt_ns')",
    "set_block_property": {
      "rc:west": 0
    }
  },{
      "condition": "!q.block_neighbor_has_any_tag(1,0,0,'wheel')",
      "set_block_property": {
        "rc:east": 0
      }
    },
    {
      "condition": "!q.block_neighbor_has_any_tag(-1,0,0,'wheel')",
      "set_block_property": {
        "rc:west": 0
      }
    },
    {
      "condition": "q.block_neighbor_has_any_tag(1,0,0,'belt_ns')",
      "set_block_property": {
        "rc:east": 1
      }
    },
      {
        "condition": "q.block_neighbor_has_any_tag(-1,0,0,'belt_ns')",
        "set_block_property": {
          "rc:west": 1
          }
        },
  {
    "condition": "q.block_neighbor_has_any_tag(1,0,0,'wheel')",
    "set_block_property": {
      "rc:east": 1
    }
  },
    {
      "condition": "q.block_neighbor_has_any_tag(-1,0,0,'wheel')",
      "set_block_property": {
        "rc:west": 1
        }
      }
  ]
},
      "reset": {
"run_command":{
  "command":[
    "function reset2"
  ]
}
     },
      "reset2": {
"run_command":{
  "command":[
    "function reset"
  ]
}
     }
    },
    "permutations": [
{
  "condition": "query.block_property('rc:giro') == 1",
  "components": {
    "tag:we_giro2": {},
    "minecraft:material_instances": {
      "*": {
          "texture": "shaft_2",
          "render_method": "alpha_test"
          }
         }
        }
      }
    ]
  }
}
