{
    "format_version": "1.17.0",
    "minecraft:block": {
        "description": {
            "identifier": "rc:shaft",
            "properties": {
                "rc:lado": [ 0, 1, 2, 3, 4, 5 ],

        "rc:west": [0, 1],

        "rc:east": [0, 1]
            }
        },
        "components": {
            "minecraft:loot": "loot_tables/shaft.json",
            "minecraft:part_visibility": {

        "rules": {

          "eixo1": "query.block_property('rc:west') == 1",
          "eixo2": "query.block_property('rc:west') == 1",
          "eixo3": "query.block_property('rc:west') == 1",
          "eixo4": "query.block_property('rc:west') == 1",
          "eixo5": "query.block_property('rc:west') == 1",
          "eixo6": "query.block_property('rc:west') == 1",
          "eixo7": "query.block_property('rc:west') == 1",
          "eixo8": "query.block_property('rc:west') == 1",
          "eixo9": "query.block_property('rc:west') == 1",
          "shaft1": "query.block_property('rc:east') == 1",
          "shaft2": "query.block_property('rc:east') == 1",
          "shaft3": "query.block_property('rc:east') == 1",
          "shaft4": "query.block_property('rc:east') == 1",
          "shaft5": "query.block_property('rc:east') == 1",
          "shaft6": "query.block_property('rc:east') == 1",
          "shaft7": "query.block_property('rc:east') == 1",
          "shaft8": "query.block_property('rc:east') == 1",
          "shaft9": "query.block_property('rc:east') == 1"
        }
      },
            "minecraft:creative_category": {
        "group": "itemGroup.name.primary_machines",
        "category": "Construction"
      },
            "minecraft:material_instances": {
                "*": {
                    "texture": "shaft",
                    "render_method": "blend"
                }
            },
            "minecraft:geometry": "geometry.shaft",
            "minecraft:display_name": "Shaft",
            
            "minecraft:pick_collision": {
                "origin": [ -8, 0, -8 ],
                "size": [ 0, 0, 0 ]
            },
            "minecraft:entity_collision": {
                "origin": [ -8, 0, -8 ],
                "size": [ 0, 0, 0 ]
            },

            "minecraft:on_player_placing": {
                "event": "rc:plac"
            },
            "minecraft:ticking": {
                "looping": true,
                "range": [ 0, 0],
                "on_tick": {
                  "event": "energia",
                  "target": "self"
                    }
              },
            "minecraft:destroy_time": 2.0,
            "minecraft:friction": 0.6,
	      		"minecraft:block_light_absorption": 0.5,
            "minecraft:map_color": "#717171"
        },
        "events": {
    "ns": {
        "run_command": {
            "command": [
                "setblock ~~~ rc:shaft_ns"
                    
            ]
        }
    },
                "we": {
        "run_command": {
            "command": [
                "setblock ~ ~ ~ rc:shaft_we"
                    
            ]
        }
    },
                "ud": {
        "run_command": {
            "command": [
                "setblock ~ ~ ~ rc:shaft_ud"
                    
            ]
        }
    },
             "rc:plac": {
        "set_block_property": {
            "rc:lado": "(query.cardinal_block_face_placed_on)"
        }
    }
},
"permutations": [
    {
        "condition": "query.block_property('rc:lado') == 0",
        "components": {            "minecraft:ticking": {
            "looping": true,
            "range": [ 0, 0],
            "on_tick": {
              "event": "ud",
              "target": "self"
                }
          }
    }
        },
        {
            "condition": "query.block_property('rc:lado') == 1",
            "components": {            "minecraft:ticking": {
                "looping": true,
                "range": [ 0, 0],
                "on_tick": {
                  "event": "ud",
                  "target": "self"
                    }
              }
        }
            },
    {
        "condition": "query.block_property('rc:lado') == 2",
        "components": {            "minecraft:ticking": {
            "looping": true,
            "range": [ 0, 0],
            "on_tick": {
              "event": "ns",
              "target": "self"
                }
          }
    }
        },
    {
        "condition": "query.block_property('rc:lado') == 3",
        "components": {             "minecraft:ticking": {
            "looping": true,
            "range": [ 0, 0],
            "on_tick": {
              "event": "ns",
              "target": "self"
                }
          }
    }
    },
    {
        "condition": "query.block_property('rc:lado') == 4",
        "components": {             "minecraft:ticking": {
            "looping": true,
            "range": [ 0, 0],
            "on_tick": {
              "event": "we",
              "target": "self"
                }
          }
    }
        },
    {
        "condition": "query.block_property('rc:lado') == 5",
        "components": {             "minecraft:ticking": {
            "looping": true,
            "range": [ 0, 0],
            "on_tick": {
              "event": "we",
              "target": "self"
                }
          }
    }
        }
]
}
}