{
  "format_version": "1.16.100",
  "minecraft:entity": {
    "description": {
      "identifier": "rc:furnace_generator.container",
      "is_spawnable": false,
      "is_summonable": true,
      "is_experimental": false
    },
    "component_groups": {
      "furnace_generator": {
        "minecraft:inventory": {
          "inventory_size": 1,
          "container_type": "container",
          "can_be_siphoned_from": true
        }
      },
      "despawn": {
        "minecraft:transformation": {
          "into": "rc:air",
          "drop_inventory": true,
          "delay": {
            "value": 0
          }
        }
       },

      "neutronium_compressor": {
        "minecraft:inventory": {
          "inventory_size": 1,
          "container_type": "container",
          "can_be_siphoned_from": true
        }
      },
      "instant_despawn": {
        "minecraft:instant_despawn": {}
      }
    },
    "components": {
      "minecraft:type_family": {
        "family": ["furnace_generator", "inanimate"]
      },
      "minecraft:collision_box": {
        "width": 0.55,
        "height": 0.55
      },
      "minecraft:health": {
        "value": 1
      },
      "minecraft:fire_immune": {},
      "minecraft:damage_sensor": {
        "triggers": {
          "cause": "all",
          "deals_damage": false
        }
      },
      "minecraft:nameable": {},
      "minecraft:inventory": {
        "inventory_size": 999,
        "container_type": "container",
        "can_be_siphoned_from": true
      }
    },
    "events": {
      "event:on_break": {
        "run_command": {
          "command": "particle minecraft:basic_flame_particle ~~0.5~"
        }
      },
      "despawn": {
        "add": {
          "component_groups":["despawn"]
        }
      },
      "rc:furnace_generator": {
        "add": {
          "component_groups": [
            "furnace_generator"
          ]
        }
      }
    }
  }
}
