{
  "format_version": "1.8.0",
  "minecraft:entity": {
    "description": {
      "identifier": "rc:wheel_south",
      "is_spawnable": false,
      "is_summonable": true,
      "is_experimental": false
    },
	
	"component_groups": {
		"despawn": {
			"minecraft:transformation": {
			  "into": "rc:air",
			  "drop_inventory": true,
			  "delay": {
				"value": 0
			  }
			}
		   },
	  "minecraft:eclosion": {
	  "minecraft:loot": {
          "table": "loot_tables/nadles.json"
        },
              "minecraft:health": {
        "value": 999,
        "max": 999
      }
	  }
	},
	
	"components": {
	  "minecraft:damage_sensor": [
	    {
		  "cause": "any",
		  "deals_damage": false
		}
	  ],
	  "minecraft:timer": {
		"looping": false,
		"randomInterval": false,
		"time": 0.8,
		"time_down_event": {
		  "event": "minecraft:event_eclosion"
		}
	  },
	        "minecraft:health": {
        "value": 1000,
        "max": 1000
      },
	  "minecraft:collision_box": {
	    "height": 0,
	    "width": 0
	  }
	},
	
	"events": {
		"despawn": {
			"add": {
			  "component_groups":["despawn"]
			}
		  },
	  "minecraft:event_eclosion": {
	    "add": {
		  "component_groups": [
		    "minecraft:eclosion"
		  ]
		}
	  }
	}
  }
}