{
	"format_version": "1.12.0",
	"minecraft:geometry": [
		{
			"description": {
				"identifier": "geometry.adjustable_repeater",
				"texture_width": 32,
				"texture_height": 32,
				"visible_bounds_width": 2,
				"visible_bounds_height": 1.5,
				"visible_bounds_offset": [0, 0.25, 0]
			},
			"bones": [
				{
					"name": "bone",
					"pivot": [0, 0, 0],
					"cubes": [
						{
							"origin": [-3, 2.1, -3],
							"size": [6, 1, 6],
							"uv": {
								"north": {"uv": [16, 14], "uv_size": [6, 1]},
								"east": {"uv": [16, 15], "uv_size": [6, 1]},
								"south": {"uv": [16, 16], "uv_size": [6, 1]},
								"west": {"uv": [16, 17], "uv_size": [6, 1]},
								"up": {"uv": [16, 0], "uv_size": [6, 6]}
							}
						},
						{
							"origin": [-8, 0, -8],
							"size": [16, 2, 16],
							"uv": {
								"north": {"uv": [16, 6], "uv_size": [16, 2]},
								"east": {"uv": [16, 8], "uv_size": [16, 2]},
								"south": {"uv": [16, 10], "uv_size": [16, 2]},
								"west": {"uv": [16, 12], "uv_size": [16, 2]},
								"up": {"uv": [0, 16], "uv_size": [16, 16]},
								"down": {"uv": [0, 16], "uv_size": [16, -16]}
							}
						}
					]
				}
			]
		}
	]
}