{
	"format_version": "1.12.0",
	"minecraft:geometry": [
		{
			"description": {
				"identifier": "geometry.basin",
				"texture_width": 64,
				"texture_height": 64,
				"visible_bounds_width": 2,
				"visible_bounds_height": 2.5,
				"visible_bounds_offset": [0, 0.75, 0]
			},
			"bones": [
				{
					"name": "Basin",
					"pivot": [0, 8, 0],
					"cubes": [
						{
							"origin": [6, 2, -8],
							"size": [2, 14, 16],
							"uv": {
								"north": {"uv": [2, 42], "uv_size": [2, 14]},
								"east": {"uv": [0, 0], "uv_size": [16, 14]},
								"south": {"uv": [4, 42], "uv_size": [2, 14]},
								"west": {"uv": [0, 14], "uv_size": [16, 14]},
								"up": {"uv": [36, 38], "uv_size": [2, 16]},
								"down": {"uv": [38, 54], "uv_size": [2, -16]}
							}
						},
						{
							"origin": [-6, 0, -6],
							"size": [12, 2, 12],
							"uv": {
								"north": {"uv": [10, 42], "uv_size": [12, 2]},
								"east": {"uv": [22, 42], "uv_size": [12, 2]},
								"south": {"uv": [42, 38], "uv_size": [12, 2]},
								"west": {"uv": [42, 40], "uv_size": [12, 2]},
								"up": {"uv": [32, 14], "uv_size": [12, 12]},
								"down": {"uv": [36, 38], "uv_size": [12, -12]}
							}
						},
						{
							"origin": [-6, 2, -8],
							"size": [12, 14, 2],
							"uv": {
								"north": {"uv": [0, 28], "uv_size": [12, 14]},
								"south": {"uv": [12, 28], "uv_size": [12, 14]},
								"up": {"uv": [42, 42], "uv_size": [12, 2]},
								"down": {"uv": [44, 2], "uv_size": [12, -2]}
							}
						},
						{
							"origin": [-6, 2, 6],
							"size": [12, 14, 2],
							"uv": {
								"north": {"uv": [24, 28], "uv_size": [12, 14]},
								"south": {"uv": [32, 0], "uv_size": [12, 14]},
								"up": {"uv": [44, 2], "uv_size": [12, 2]},
								"down": {"uv": [44, 6], "uv_size": [12, -2]}
							}
						},
						{
							"origin": [-8, 2, -8],
							"size": [2, 14, 16],
							"uv": {
								"north": {"uv": [6, 42], "uv_size": [2, 14]},
								"east": {"uv": [16, 0], "uv_size": [16, 14]},
								"south": {"uv": [8, 42], "uv_size": [2, 14]},
								"west": {"uv": [16, 14], "uv_size": [16, 14]},
								"up": {"uv": [40, 38], "uv_size": [2, 16]},
								"down": {"uv": [0, 58], "uv_size": [2, -16]}
							}
						}
					]
				},
				{
					"name": "bone",
					"pivot": [0, 0, 0],
					"rotation": [33, -42.406, -24.03208],
					"cubes": [
						{
							"origin": [-4, 2, -2],
							"size": [5, 5, 5],
							"uv": {
								"north": {"uv": [42, 44], "uv_size": [16, 16]},
								"east": {"uv": [42, 44], "uv_size": [16, 16]},
								"south": {"uv": [42, 44], "uv_size": [16, 16]},
								"west": {"uv": [42, 44], "uv_size": [16, 16]},
								"up": {"uv": [58, 60], "uv_size": [-16, -16]},
								"down": {"uv": [58, 60], "uv_size": [-16, -16]}
							}
						}
					]
				},
				{
					"name": "bone2",
					"pivot": [0, 0, 0],
					"rotation": [-7.5, -30, 7.5],
					"cubes": [
						{
							"origin": [0, 3, 0],
							"size": [5, 1, 5],
							"uv": {
								"north": {"uv": [33, 57], "uv_size": [5, 1]},
								"east": {"uv": [35, 57], "uv_size": [5, 1]},
								"south": {"uv": [37, 57], "uv_size": [5, 1]},
								"west": {"uv": [36, 57], "uv_size": [5, 1]},
								"up": {"uv": [33, 64], "uv_size": [-9, -9]},
								"down": {"uv": [38, 60], "uv_size": [-5, -5]}
							}
						}
					]
				},
				{
					"name": "bone3",
					"pivot": [0, 0, 0],
					"rotation": [0, -37.5, 0],
					"cubes": [
						{
							"origin": [-2, 3, -7],
							"size": [5, 1, 5],
							"uv": {
								"north": {"uv": [33, 57], "uv_size": [5, 1]},
								"east": {"uv": [35, 57], "uv_size": [5, 1]},
								"south": {"uv": [37, 57], "uv_size": [5, 1]},
								"west": {"uv": [36, 57], "uv_size": [5, 1]},
								"up": {"uv": [60, 22], "uv_size": [-16, -16]},
								"down": {"uv": [38, 60], "uv_size": [-5, -5]}
							}
						}
					]
				},
				{
					"name": "bone4",
					"pivot": [0, 0, 0],
					"rotation": [-7.5, 160, 7.5],
					"cubes": [
						{
							"origin": [0, 2, -6],
							"size": [5, 1, 5],
							"uv": {
								"north": {"uv": [33, 57], "uv_size": [5, 1]},
								"east": {"uv": [35, 57], "uv_size": [5, 1]},
								"south": {"uv": [37, 57], "uv_size": [5, 1]},
								"west": {"uv": [36, 57], "uv_size": [5, 1]},
								"up": {"uv": [30, 56], "uv_size": [-12, -12]},
								"down": {"uv": [38, 60], "uv_size": [-5, -5]}
							}
						}
					]
				},
				{
					"name": "bone5",
					"pivot": [0, 0, 0],
					"rotation": [0, -15, 0],
					"cubes": [
						{
							"origin": [1, 2, -2],
							"size": [5, 1, 5],
							"uv": {
								"north": {"uv": [33, 57], "uv_size": [5, 1]},
								"east": {"uv": [35, 57], "uv_size": [5, 1]},
								"south": {"uv": [37, 57], "uv_size": [5, 1]},
								"west": {"uv": [36, 57], "uv_size": [5, 1]},
								"up": {"uv": [19, 64], "uv_size": [-9, -9]},
								"down": {"uv": [38, 60], "uv_size": [-5, -5]}
							}
						}
					]
				}
			]
		}
	]
}