{
	"format_version": "1.12.0",
	"minecraft:geometry": [
		{
			"description": {
				"identifier": "geometry.chute",
				"texture_width": 16,
				"texture_height": 16,
				"visible_bounds_width": 2,
				"visible_bounds_height": 2.5,
				"visible_bounds_offset": [0, 0.75, 0]
			},
			"bones": [
				{
					"name": "ChuteTop",
					"pivot": [-9, 16, -7],
					"cubes": [
						{
							"origin": [-5, 8, -7],
							"size": [10, 8, 2],
							"uv": {
								"north": {"uv": [9.5, 0], "uv_size": [5, 4]},
								"south": {"uv": [9.5, 0], "uv_size": [5, 4]},
								"up": {"uv": [6, 1], "uv_size": [-5, -1]},
								"down": {"uv": [6, 7], "uv_size": [-5, -1]}
							}
						},
						{
							"origin": [-5, 8, 5],
							"size": [10, 8, 2],
							"uv": {
								"north": {"uv": [9.5, 0], "uv_size": [5, 4]},
								"south": {"uv": [9.5, 0], "uv_size": [5, 4]},
								"up": {"uv": [6, 1], "uv_size": [-5, -1]},
								"down": {"uv": [6, 7], "uv_size": [-5, -1]}
							}
						},
						{
							"origin": [5, 8, -7],
							"size": [2, 8, 14],
							"uv": {
								"north": {"uv": [14.5, 0], "uv_size": [1, 4]},
								"east": {"uv": [8.5, 0], "uv_size": [7, 4]},
								"south": {"uv": [8.5, 0], "uv_size": [1, 4]},
								"west": {"uv": [8.5, 0], "uv_size": [7, 4]},
								"up": {"uv": [1, 7], "uv_size": [-1, -7]},
								"down": {"uv": [1, 7], "uv_size": [-1, -7]}
							}
						},
						{
							"origin": [-7, 8, -7],
							"size": [2, 8, 14],
							"uv": {
								"north": {"uv": [8.5, 0], "uv_size": [1, 4]},
								"east": {"uv": [8.5, 0], "uv_size": [7, 4]},
								"south": {"uv": [14.5, 0], "uv_size": [1, 4]},
								"west": {"uv": [8.5, 0], "uv_size": [7, 4]},
								"up": {"uv": [1, 7], "uv_size": [-1, -7]},
								"down": {"uv": [1, 7], "uv_size": [-1, -7]}
							}
						}
					]
				},
				{
					"name": "ChuteBase",
					"pivot": [-8, 8, -7],
					"cubes": [
						{
							"origin": [-6, 0, -6],
							"size": [1, 8, 12],
							"uv": {
								"north": {"uv": [9, 4], "uv_size": [0.5, 4]},
								"east": {"uv": [9, 4], "uv_size": [6, 4]},
								"south": {"uv": [14.5, 4], "uv_size": [0.5, 4]},
								"west": {"uv": [9, 4], "uv_size": [6, 4]},
								"down": {"uv": [15, 8], "uv_size": [-6, -0.5]}
							}
						},
						{
							"origin": [5, 0, -6],
							"size": [1, 8, 12],
							"uv": {
								"north": {"uv": [14.5, 4], "uv_size": [0.5, 4]},
								"east": {"uv": [9, 4], "uv_size": [6, 4]},
								"south": {"uv": [9, 4], "uv_size": [0.5, 4]},
								"west": {"uv": [9, 4], "uv_size": [6, 4]},
								"down": {"uv": [15, 8], "uv_size": [-6, -0.5]}
							}
						},
						{
							"origin": [-5, 0, 5],
							"size": [10, 8, 1],
							"uv": {
								"north": {"uv": [9.5, 4], "uv_size": [5, 4]},
								"south": {"uv": [9.5, 4], "uv_size": [5, 4]},
								"down": {"uv": [14.5, 8], "uv_size": [-5, -0.5]}
							}
						},
						{
							"origin": [-5, 0, -6],
							"size": [10, 8, 1],
							"uv": {
								"north": {"uv": [9.5, 4], "uv_size": [5, 4]},
								"south": {"uv": [9.5, 4], "uv_size": [5, 4]},
								"down": {"uv": [14.5, 8], "uv_size": [-5, -0.5]}
							}
						}
					]
				},
				{
					"name": "bone",
					"pivot": [0, 0, 0],
					"cubes": [
						{
							"origin": [-5, 13, -5],
							"size": [10, 1, 10],
							"uv": {
								"up": {"uv": [14.5, 14.5], "uv_size": [-5, -5]},
								"down": {"uv": [14.5, 14.5], "uv_size": [-5, -5]}
							}
						}
					]
				}
			]
		}
	]
}