{
	"format_version": "1.12.0",
	"minecraft:geometry": [
		{
			"description": {
				"identifier": "geometry.furnace_create",
				"texture_width": 64,
				"texture_height": 64,
				"visible_bounds_width": 3,
				"visible_bounds_height": 2.5,
				"visible_bounds_offset": [0, 0.75, 0]
			},
			"bones": [
				{
					"name": "bone",
					"pivot": [8, 0, -8],
					"cubes": [
						{
							"origin": [-8, 0, -8],
							"size": [16, 16, 16],
							"uv": {
								"north": {"uv": [17, 0], "uv_size": [16, 16]},
								"east": {"uv": [17, 16], "uv_size": [16, 16]},
								"south": {"uv": [17, 32], "uv_size": [16, 16]},
								"west": {"uv": [33, 0], "uv_size": [16, 16]},
								"up": {"uv": [33, 16], "uv_size": [16, 16]},
								"down": {"uv": [33, 48], "uv_size": [16, -16]}
							}
						},
						{
							"origin": [-8.5, 8.5, -8.5],
							"size": [17, 8, 17],
							"uv": {
								"north": {"uv": [0, 34], "uv_size": [17, 8]},
								"east": {"uv": [0, 42], "uv_size": [17, 8]},
								"south": {"uv": [17, 48], "uv_size": [17, 8]},
								"west": {"uv": [34, 48], "uv_size": [17, 8]},
								"up": {"uv": [0, 0], "uv_size": [17, 17]},
								"down": {"uv": [0, 34], "uv_size": [17, -17]}
							}
						}
					]
				}
			]
		}
	]
}