{
	"format_version": "1.12.0",
	"minecraft:geometry": [
		{
			"description": {
				"identifier": "geometry.depot",
				"texture_width": 64,
				"texture_height": 64,
				"visible_bounds_width": 2,
				"visible_bounds_height": 2.5,
				"visible_bounds_offset": [0, 0.75, 0]
			},
			"bones": [
				{
					"name": "bb_main",
					"pivot": [0, 0, 0],
					"cubes": [
						{
							"origin": [-4, 12.3, -4],
							"size": [8, 1, 8],
							"uv": {
								"north": {"uv": [7, 51], "uv_size": [6, 1]},
								"east": {"uv": [37, 29], "uv_size": [6, 1]},
								"south": {"uv": [35, 21], "uv_size": [6, 1]},
								"west": {"uv": [36, 27], "uv_size": [6, 1]},
								"up": {"uv": [32, 52], "uv_size": [-16, -16]},
								"down": {"uv": [32, 52], "uv_size": [-16, -16]}
							}
						}
					]
				},
				{
					"name": "bone",
					"pivot": [0, 0, 0],
					"cubes": [
						{
							"origin": [-8, 0, -8],
							"size": [16, 11, 16],
							"uv": {
								"north": {"uv": [16, 14], "uv_size": [16, 11]},
								"east": {"uv": [16, 25], "uv_size": [16, 11]},
								"south": {"uv": [30, 0], "uv_size": [16, 11]},
								"west": {"uv": [0, 32], "uv_size": [16, 11]},
								"up": {"uv": [0, 0], "uv_size": [16, 16]},
								"down": {"uv": [0, 32], "uv_size": [16, -16]}
							}
						},
						{
							"origin": [-7, 11, -7],
							"size": [14, 2, 14],
							"uv": {
								"north": {"uv": [30, 11], "uv_size": [14, 2]},
								"east": {"uv": [32, 13], "uv_size": [14, 2]},
								"south": {"uv": [32, 15], "uv_size": [14, 2]},
								"west": {"uv": [32, 17], "uv_size": [14, 2]},
								"up": {"uv": [16, 0], "uv_size": [14, 14]}
							}
						}
					]
				}
			]
		}
	]
}