{
	"format_version": "1.12.0",
	"minecraft:geometry": [
		{
			"description": {
				"identifier": "geometry.furnace_engine",
				"texture_width": 64,
				"texture_height": 64,
				"visible_bounds_width": 2,
				"visible_bounds_height": 2.5,
				"visible_bounds_offset": [0, 0.75, 0]
			},
			"bones": [
				{
					"name": "SteamCylinder",
					"pivot": [0, 8, 0],
					"rotation": [0, 90, 0],
					"cubes": [
						{
							"origin": [1, 0, -8],
							"size": [5, 16, 16],
							"uv": {
								"north": {"uv": [32, 28], "uv_size": [5, 16]},
								"east": {"uv": [0, 0], "uv_size": [16, 16]},
								"south": {"uv": [37, 28], "uv_size": [5, 16]},
								"west": {"uv": [0, 16], "uv_size": [16, 16]},
								"up": {"uv": [16, 42], "uv_size": [5, 16]},
								"down": {"uv": [21, 58], "uv_size": [5, -16]}
							}
						},
						{
							"origin": [-8, 1, -7],
							"size": [16, 14, 14],
							"uv": {
								"north": {"uv": [16, 0], "uv_size": [16, 14]},
								"east": {"uv": [32, 0], "uv_size": [14, 14]},
								"south": {"uv": [16, 14], "uv_size": [16, 14]},
								"west": {"uv": [32, 14], "uv_size": [14, 14]},
								"up": {"uv": [16, 28], "uv_size": [16, 14]},
								"down": {"uv": [0, 46], "uv_size": [16, -14]}
							}
						},
						{
							"origin": [-8, 0, 2.5],
							"size": [9, 4, 4],
							"uv": {
								"north": {"uv": [42, 36], "uv_size": [9, 4]},
								"south": {"uv": [42, 40], "uv_size": [9, 4]},
								"up": {"uv": [26, 44], "uv_size": [9, 4]},
								"down": {"uv": [35, 48], "uv_size": [9, -4]}
							}
						},
						{
							"origin": [-8, 0, -6.5],
							"size": [9, 4, 4],
							"uv": {
								"north": {"uv": [44, 44], "uv_size": [9, 4]},
								"south": {"uv": [0, 46], "uv_size": [9, 4]},
								"up": {"uv": [46, 0], "uv_size": [9, 4]},
								"down": {"uv": [46, 8], "uv_size": [9, -4]}
							}
						},
						{
							"origin": [5.9, 0.1, 2.5],
							"size": [3, 4, 4],
							"uv": {
								"north": {"uv": [28, 48], "uv_size": [3, 4]},
								"east": {"uv": [46, 8], "uv_size": [4, 4]},
								"south": {"uv": [31, 48], "uv_size": [3, 4]},
								"west": {"uv": [9, 46], "uv_size": [4, 4]},
								"up": {"uv": [34, 48], "uv_size": [3, 4]},
								"down": {"uv": [37, 52], "uv_size": [3, -4]}
							}
						},
						{
							"origin": [5.9, 0.1, -6.5],
							"size": [3, 4, 4],
							"uv": {
								"north": {"uv": [40, 48], "uv_size": [3, 4]},
								"east": {"uv": [46, 12], "uv_size": [4, 4]},
								"south": {"uv": [43, 48], "uv_size": [3, 4]},
								"west": {"uv": [46, 16], "uv_size": [4, 4]},
								"up": {"uv": [46, 48], "uv_size": [3, 4]},
								"down": {"uv": [49, 52], "uv_size": [3, -4]}
							}
						},
						{
							"origin": [7.8, 4, -4],
							"size": [2, 8, 8],
							"uv": {
								"north": {"uv": [13, 46], "uv_size": [2, 8]},
								"south": {"uv": [46, 20], "uv_size": [2, 8]},
								"west": {"uv": [42, 28], "uv_size": [8, 8]},
								"up": {"uv": [48, 20], "uv_size": [2, 8]},
								"down": {"uv": [26, 56], "uv_size": [2, -8]}
							}
						}
					]
				}
			]
		}
	]
}