{
	"format_version": "1.12.0",
	"minecraft:geometry": [
		{
			"description": {
				"identifier": "geometry.gearshift",
				"texture_width": 64,
				"texture_height": 64,
				"visible_bounds_width": 2,
				"visible_bounds_height": 2.5,
				"visible_bounds_offset": [0, 0.75, 0]
			},
			"bones": [
				{
					"name": "bone",
					"pivot": [0, 0, 0],
					"cubes": [
						{
							"origin": [-8, 0, -8],
							"size": [16, 2, 16],
							"uv": {
								"north": {"uv": [0, 44], "uv_size": [16, 2]},
								"east": {"uv": [16, 44], "uv_size": [16, 2]},
								"south": {"uv": [0, 46], "uv_size": [16, 2]},
								"west": {"uv": [16, 46], "uv_size": [16, 2]},
								"up": {"uv": [0, 0], "uv_size": [16, 16]},
								"down": {"uv": [0, 32], "uv_size": [16, -16]}
							}
						},
						{
							"origin": [-7, 2, -7],
							"size": [14, 12, 14],
							"uv": {
								"north": {"uv": [32, 24], "uv_size": [14, 12]},
								"south": {"uv": [32, 36], "uv_size": [14, 12]}
							}
						},
						{
							"origin": [-8, 14, -8],
							"size": [16, 2, 16],
							"uv": {
								"north": {"uv": [46, 24], "uv_size": [16, 2]},
								"east": {"uv": [46, 26], "uv_size": [16, 2]},
								"south": {"uv": [46, 28], "uv_size": [16, 2]},
								"west": {"uv": [46, 30], "uv_size": [16, 2]},
								"up": {"uv": [16, 0], "uv_size": [16, 16]},
								"down": {"uv": [16, 32], "uv_size": [16, -16]}
							}
						},
						{
							"origin": [6, 2, -8],
							"size": [2, 12, 16],
							"uv": {
								"north": {"uv": [46, 32], "uv_size": [2, 12]},
								"east": {"uv": [0, 32], "uv_size": [16, 12]},
								"south": {"uv": [46, 44], "uv_size": [2, 12]},
								"west": {"uv": [32, 0], "uv_size": [16, 12]}
							}
						},
						{
							"origin": [-8, 2, -8],
							"size": [2, 12, 16],
							"uv": {
								"north": {"uv": [0, 48], "uv_size": [2, 12]},
								"east": {"uv": [32, 12], "uv_size": [16, 12]},
								"south": {"uv": [48, 0], "uv_size": [2, 12]},
								"west": {"uv": [16, 32], "uv_size": [16, 12]}
							}
						}
					]
				}
			]
		}
	]
}