{
	"format_version": "1.12.0",
	"minecraft:geometry": [
		{
			"description": {
				"identifier": "geometry.hand_crank",
				"texture_width": 128,
				"texture_height": 128,
				"visible_bounds_width": 3,
				"visible_bounds_height": 2.5,
				"visible_bounds_offset": [0, 0.75, 0]
			},
			"bones": [
				{
					"name": "shaft_half",
					"pivot": [0, 8, 0],
					"cubes": [
						{
							"origin": [-3, 5, 5],
							"size": [6, 6, 3],
							"uv": {
								"north": {"uv": [16, 41], "uv_size": [6, 6]},
								"east": {"uv": [24, 47], "uv_size": [3, 6]},
								"south": {"uv": [22, 41], "uv_size": [6, 6]},
								"west": {"uv": [48, 36], "uv_size": [3, 6]},
								"up": {"uv": [27, 49], "uv_size": [6, 3]},
								"down": {"uv": [33, 52], "uv_size": [6, -3]}
							}
						},
						{
							"origin": [-6, 6, 4],
							"size": [16, 4, 3],
							"uv": {
								"north": {"uv": [0, 0], "uv_size": [16, 4]},
								"east": {"uv": [12, 42], "uv_size": [3, 4]},
								"south": {"uv": [0, 4], "uv_size": [16, 4]},
								"west": {"uv": [60, 54], "uv_size": [3, 4]},
								"up": {"uv": [32, 4], "uv_size": [16, 3]},
								"down": {"uv": [32, 10], "uv_size": [16, -3]}
							}
						},
						{
							"origin": [6, 7, 3],
							"size": [2, 2, 1],
							"uv": {
								"north": {"uv": [28, 41], "uv_size": [2, 2]},
								"east": {"uv": [15, 42], "uv_size": [1, 2]},
								"south": {"uv": [30, 41], "uv_size": [2, 2]},
								"west": {"uv": [15, 44], "uv_size": [1, 2]},
								"up": {"uv": [12, 46], "uv_size": [2, 1]},
								"down": {"uv": [14, 47], "uv_size": [2, -1]}
							}
						}
					]
				},
				{
					"name": "bone",
					"parent": "shaft_half",
					"pivot": [7, 8, 3],
					"rotation": [0, 0, 45],
					"cubes": [
						{
							"origin": [5.5, 6.5, -3],
							"size": [3, 3, 6],
							"uv": {
								"north": {"uv": [63, 32], "uv_size": [3, 3]},
								"east": {"uv": [39, 49], "uv_size": [6, 3]},
								"south": {"uv": [63, 35], "uv_size": [3, 3]},
								"west": {"uv": [45, 49], "uv_size": [6, 3]},
								"up": {"uv": [51, 36], "uv_size": [3, 6]},
								"down": {"uv": [51, 55], "uv_size": [3, -6]}
							}
						}
					]
				},
				{
					"name": "shaft_half2",
					"pivot": [0, 8, 0],
					"rotation": [0, 0, -40],
					"cubes": [
						{
							"origin": [-3, 5, 5],
							"size": [6, 6, 3],
							"uv": {
								"north": {"uv": [0, 42], "uv_size": [6, 6]},
								"east": {"uv": [27, 52], "uv_size": [3, 6]},
								"south": {"uv": [6, 42], "uv_size": [6, 6]},
								"west": {"uv": [30, 52], "uv_size": [3, 6]},
								"up": {"uv": [33, 52], "uv_size": [6, 3]},
								"down": {"uv": [39, 55], "uv_size": [6, -3]}
							}
						},
						{
							"origin": [-6, 6, 4],
							"size": [16, 4, 3],
							"uv": {
								"north": {"uv": [0, 8], "uv_size": [16, 4]},
								"east": {"uv": [60, 58], "uv_size": [3, 4]},
								"south": {"uv": [0, 12], "uv_size": [16, 4]},
								"west": {"uv": [27, 61], "uv_size": [3, 4]},
								"up": {"uv": [32, 10], "uv_size": [16, 3]},
								"down": {"uv": [32, 16], "uv_size": [16, -3]}
							}
						},
						{
							"origin": [6, 7, 3],
							"size": [2, 2, 1],
							"uv": {
								"north": {"uv": [63, 10], "uv_size": [2, 2]},
								"east": {"uv": [27, 47], "uv_size": [1, 2]},
								"south": {"uv": [65, 10], "uv_size": [2, 2]},
								"west": {"uv": [53, 65], "uv_size": [1, 2]},
								"up": {"uv": [48, 42], "uv_size": [2, 1]},
								"down": {"uv": [50, 43], "uv_size": [2, -1]}
							}
						}
					]
				},
				{
					"name": "bone2",
					"parent": "shaft_half2",
					"pivot": [7, 8, 3],
					"rotation": [0, 0, 45],
					"cubes": [
						{
							"origin": [5.5, 6.5, -3],
							"size": [3, 3, 6],
							"uv": {
								"north": {"uv": [63, 38], "uv_size": [3, 3]},
								"east": {"uv": [52, 42], "uv_size": [6, 3]},
								"south": {"uv": [63, 48], "uv_size": [3, 3]},
								"west": {"uv": [45, 52], "uv_size": [6, 3]},
								"up": {"uv": [12, 53], "uv_size": [3, 6]},
								"down": {"uv": [15, 59], "uv_size": [3, -6]}
							}
						}
					]
				},
				{
					"name": "shaft_half3",
					"pivot": [0, 8, 0],
					"rotation": [0, 0, -80],
					"cubes": [
						{
							"origin": [-3, 5, 5],
							"size": [6, 6, 3],
							"uv": {
								"north": {"uv": [28, 43], "uv_size": [6, 6]},
								"east": {"uv": [18, 53], "uv_size": [3, 6]},
								"south": {"uv": [34, 43], "uv_size": [6, 6]},
								"west": {"uv": [21, 53], "uv_size": [3, 6]},
								"up": {"uv": [52, 45], "uv_size": [6, 3]},
								"down": {"uv": [0, 57], "uv_size": [6, -3]}
							}
						},
						{
							"origin": [-6, 6, 4],
							"size": [16, 4, 3],
							"uv": {
								"north": {"uv": [0, 16], "uv_size": [16, 4]},
								"east": {"uv": [30, 61], "uv_size": [3, 4]},
								"south": {"uv": [16, 0], "uv_size": [16, 4]},
								"west": {"uv": [33, 61], "uv_size": [3, 4]},
								"up": {"uv": [16, 32], "uv_size": [16, 3]},
								"down": {"uv": [32, 19], "uv_size": [16, -3]}
							}
						},
						{
							"origin": [6, 7, 3],
							"size": [2, 2, 1],
							"uv": {
								"north": {"uv": [27, 65], "uv_size": [2, 2]},
								"east": {"uv": [66, 6], "uv_size": [1, 2]},
								"south": {"uv": [29, 65], "uv_size": [2, 2]},
								"west": {"uv": [8, 66], "uv_size": [1, 2]},
								"up": {"uv": [52, 48], "uv_size": [2, 1]},
								"down": {"uv": [64, 48], "uv_size": [2, -1]}
							}
						}
					]
				},
				{
					"name": "bone3",
					"parent": "shaft_half3",
					"pivot": [7, 8, 3],
					"rotation": [0, 0, 45],
					"cubes": [
						{
							"origin": [5.5, 6.5, -3],
							"size": [3, 3, 6],
							"uv": {
								"north": {"uv": [63, 51], "uv_size": [3, 3]},
								"east": {"uv": [54, 0], "uv_size": [6, 3]},
								"south": {"uv": [54, 63], "uv_size": [3, 3]},
								"west": {"uv": [54, 3], "uv_size": [6, 3]},
								"up": {"uv": [24, 53], "uv_size": [3, 6]},
								"down": {"uv": [6, 60], "uv_size": [3, -6]}
							}
						}
					]
				},
				{
					"name": "shaft_half4",
					"pivot": [0, 8, 0],
					"rotation": [0, 0, -120],
					"cubes": [
						{
							"origin": [-3, 5, 5],
							"size": [6, 6, 3],
							"uv": {
								"north": {"uv": [40, 43], "uv_size": [6, 6]},
								"east": {"uv": [54, 6], "uv_size": [3, 6]},
								"south": {"uv": [46, 43], "uv_size": [6, 6]},
								"west": {"uv": [9, 54], "uv_size": [3, 6]},
								"up": {"uv": [54, 12], "uv_size": [6, 3]},
								"down": {"uv": [54, 18], "uv_size": [6, -3]}
							}
						},
						{
							"origin": [-6, 6, 4],
							"size": [16, 4, 3],
							"uv": {
								"north": {"uv": [16, 4], "uv_size": [16, 4]},
								"east": {"uv": [36, 61], "uv_size": [3, 4]},
								"south": {"uv": [16, 8], "uv_size": [16, 4]},
								"west": {"uv": [39, 61], "uv_size": [3, 4]},
								"up": {"uv": [32, 19], "uv_size": [16, 3]},
								"down": {"uv": [32, 25], "uv_size": [16, -3]}
							}
						},
						{
							"origin": [6, 7, 3],
							"size": [2, 2, 1],
							"uv": {
								"north": {"uv": [31, 65], "uv_size": [2, 2]},
								"east": {"uv": [66, 8], "uv_size": [1, 2]},
								"south": {"uv": [33, 65], "uv_size": [2, 2]},
								"west": {"uv": [9, 66], "uv_size": [1, 2]},
								"up": {"uv": [10, 66], "uv_size": [2, 1]},
								"down": {"uv": [66, 13], "uv_size": [2, -1]}
							}
						}
					]
				},
				{
					"name": "bone4",
					"parent": "shaft_half4",
					"pivot": [7, 8, 3],
					"rotation": [0, 0, 45],
					"cubes": [
						{
							"origin": [5.5, 6.5, -3],
							"size": [3, 3, 6],
							"uv": {
								"north": {"uv": [63, 54], "uv_size": [3, 3]},
								"east": {"uv": [54, 18], "uv_size": [6, 3]},
								"south": {"uv": [57, 63], "uv_size": [3, 3]},
								"west": {"uv": [54, 21], "uv_size": [6, 3]},
								"up": {"uv": [54, 24], "uv_size": [3, 6]},
								"down": {"uv": [54, 36], "uv_size": [3, -6]}
							}
						}
					]
				},
				{
					"name": "shaft_half5",
					"pivot": [0, 8, 0],
					"rotation": [0, 0, -160],
					"cubes": [
						{
							"origin": [-3, 5, 5],
							"size": [6, 6, 3],
							"uv": {
								"north": {"uv": [12, 47], "uv_size": [6, 6]},
								"east": {"uv": [54, 36], "uv_size": [3, 6]},
								"south": {"uv": [18, 47], "uv_size": [6, 6]},
								"west": {"uv": [54, 48], "uv_size": [3, 6]},
								"up": {"uv": [54, 54], "uv_size": [6, 3]},
								"down": {"uv": [33, 58], "uv_size": [6, -3]}
							}
						},
						{
							"origin": [-6, 6, 4],
							"size": [16, 4, 3],
							"uv": {
								"north": {"uv": [16, 12], "uv_size": [16, 4]},
								"east": {"uv": [42, 61], "uv_size": [3, 4]},
								"south": {"uv": [16, 16], "uv_size": [16, 4]},
								"west": {"uv": [51, 61], "uv_size": [3, 4]},
								"up": {"uv": [32, 25], "uv_size": [16, 3]},
								"down": {"uv": [32, 31], "uv_size": [16, -3]}
							}
						},
						{
							"origin": [6, 7, 3],
							"size": [2, 2, 1],
							"uv": {
								"north": {"uv": [35, 65], "uv_size": [2, 2]},
								"east": {"uv": [66, 13], "uv_size": [1, 2]},
								"south": {"uv": [37, 65], "uv_size": [2, 2]},
								"west": {"uv": [66, 15], "uv_size": [1, 2]},
								"up": {"uv": [66, 17], "uv_size": [2, 1]},
								"down": {"uv": [18, 67], "uv_size": [2, -1]}
							}
						}
					]
				},
				{
					"name": "bone5",
					"parent": "shaft_half5",
					"pivot": [7, 8, 3],
					"rotation": [0, 0, 45],
					"cubes": [
						{
							"origin": [5.5, 6.5, -3],
							"size": [3, 3, 6],
							"uv": {
								"north": {"uv": [63, 57], "uv_size": [3, 3]},
								"east": {"uv": [39, 55], "uv_size": [6, 3]},
								"south": {"uv": [63, 60], "uv_size": [3, 3]},
								"west": {"uv": [45, 55], "uv_size": [6, 3]},
								"up": {"uv": [51, 55], "uv_size": [3, 6]},
								"down": {"uv": [0, 63], "uv_size": [3, -6]}
							}
						}
					]
				},
				{
					"name": "shaft_half6",
					"pivot": [0, 8, 0],
					"rotation": [0, 0, 160],
					"cubes": [
						{
							"origin": [-3, 5, 5],
							"size": [6, 6, 3],
							"uv": {
								"north": {"uv": [0, 48], "uv_size": [6, 6]},
								"east": {"uv": [3, 57], "uv_size": [3, 6]},
								"south": {"uv": [48, 0], "uv_size": [6, 6]},
								"west": {"uv": [57, 6], "uv_size": [3, 6]},
								"up": {"uv": [57, 24], "uv_size": [6, 3]},
								"down": {"uv": [57, 30], "uv_size": [6, -3]}
							}
						},
						{
							"origin": [-6, 6, 4],
							"size": [16, 4, 3],
							"uv": {
								"north": {"uv": [0, 20], "uv_size": [16, 4]},
								"east": {"uv": [18, 62], "uv_size": [3, 4]},
								"south": {"uv": [16, 20], "uv_size": [16, 4]},
								"west": {"uv": [21, 62], "uv_size": [3, 4]},
								"up": {"uv": [32, 31], "uv_size": [16, 3]},
								"down": {"uv": [32, 37], "uv_size": [16, -3]}
							}
						},
						{
							"origin": [6, 7, 3],
							"size": [2, 2, 1],
							"uv": {
								"north": {"uv": [39, 65], "uv_size": [2, 2]},
								"east": {"uv": [66, 18], "uv_size": [1, 2]},
								"south": {"uv": [41, 65], "uv_size": [2, 2]},
								"west": {"uv": [20, 66], "uv_size": [1, 2]},
								"up": {"uv": [66, 20], "uv_size": [2, 1]},
								"down": {"uv": [21, 67], "uv_size": [2, -1]}
							}
						}
					]
				},
				{
					"name": "bone6",
					"parent": "shaft_half6",
					"pivot": [7, 8, 3],
					"rotation": [0, 0, 45],
					"cubes": [
						{
							"origin": [5.5, 6.5, -3],
							"size": [3, 3, 6],
							"uv": {
								"north": {"uv": [63, 63], "uv_size": [3, 3]},
								"east": {"uv": [57, 30], "uv_size": [6, 3]},
								"south": {"uv": [64, 41], "uv_size": [3, 3]},
								"west": {"uv": [57, 33], "uv_size": [6, 3]},
								"up": {"uv": [57, 36], "uv_size": [3, 6]},
								"down": {"uv": [57, 54], "uv_size": [3, -6]}
							}
						}
					]
				},
				{
					"name": "shaft_half7",
					"pivot": [0, 8, 0],
					"rotation": [0, 0, 120],
					"cubes": [
						{
							"origin": [-3, 5, 5],
							"size": [6, 6, 3],
							"uv": {
								"north": {"uv": [6, 48], "uv_size": [6, 6]},
								"east": {"uv": [54, 57], "uv_size": [3, 6]},
								"south": {"uv": [48, 6], "uv_size": [6, 6]},
								"west": {"uv": [57, 57], "uv_size": [3, 6]},
								"up": {"uv": [27, 58], "uv_size": [6, 3]},
								"down": {"uv": [33, 61], "uv_size": [6, -3]}
							}
						},
						{
							"origin": [-6, 6, 4],
							"size": [16, 4, 3],
							"uv": {
								"north": {"uv": [0, 24], "uv_size": [16, 4]},
								"east": {"uv": [60, 62], "uv_size": [3, 4]},
								"south": {"uv": [16, 24], "uv_size": [16, 4]},
								"west": {"uv": [0, 63], "uv_size": [3, 4]},
								"up": {"uv": [16, 35], "uv_size": [16, 3]},
								"down": {"uv": [0, 39], "uv_size": [16, -3]}
							}
						},
						{
							"origin": [6, 7, 3],
							"size": [2, 2, 1],
							"uv": {
								"north": {"uv": [43, 65], "uv_size": [2, 2]},
								"east": {"uv": [66, 21], "uv_size": [1, 2]},
								"south": {"uv": [51, 65], "uv_size": [2, 2]},
								"west": {"uv": [23, 66], "uv_size": [1, 2]},
								"up": {"uv": [66, 23], "uv_size": [2, 1]},
								"down": {"uv": [66, 25], "uv_size": [2, -1]}
							}
						}
					]
				},
				{
					"name": "bone7",
					"parent": "shaft_half7",
					"pivot": [7, 8, 3],
					"rotation": [0, 0, 45],
					"cubes": [
						{
							"origin": [5.5, 6.5, -3],
							"size": [3, 3, 6],
							"uv": {
								"north": {"uv": [64, 44], "uv_size": [3, 3]},
								"east": {"uv": [39, 58], "uv_size": [6, 3]},
								"south": {"uv": [45, 64], "uv_size": [3, 3]},
								"west": {"uv": [58, 42], "uv_size": [6, 3]},
								"up": {"uv": [45, 58], "uv_size": [3, 6]},
								"down": {"uv": [48, 64], "uv_size": [3, -6]}
							}
						}
					]
				},
				{
					"name": "shaft_half8",
					"pivot": [0, 8, 0],
					"rotation": [0, 0, 80],
					"cubes": [
						{
							"origin": [-3, 5, 5],
							"size": [6, 6, 3],
							"uv": {
								"north": {"uv": [48, 12], "uv_size": [6, 6]},
								"east": {"uv": [12, 59], "uv_size": [3, 6]},
								"south": {"uv": [48, 18], "uv_size": [6, 6]},
								"west": {"uv": [15, 59], "uv_size": [3, 6]},
								"up": {"uv": [58, 45], "uv_size": [6, 3]},
								"down": {"uv": [18, 62], "uv_size": [6, -3]}
							}
						},
						{
							"origin": [-6, 6, 4],
							"size": [16, 4, 3],
							"uv": {
								"north": {"uv": [0, 28], "uv_size": [16, 4]},
								"east": {"uv": [3, 63], "uv_size": [3, 4]},
								"south": {"uv": [16, 28], "uv_size": [16, 4]},
								"west": {"uv": [63, 6], "uv_size": [3, 4]},
								"up": {"uv": [32, 37], "uv_size": [16, 3]},
								"down": {"uv": [16, 41], "uv_size": [16, -3]}
							}
						},
						{
							"origin": [6, 7, 3],
							"size": [2, 2, 1],
							"uv": {
								"north": {"uv": [66, 0], "uv_size": [2, 2]},
								"east": {"uv": [66, 25], "uv_size": [1, 2]},
								"south": {"uv": [66, 2], "uv_size": [2, 2]},
								"west": {"uv": [66, 27], "uv_size": [1, 2]},
								"up": {"uv": [66, 29], "uv_size": [2, 1]},
								"down": {"uv": [66, 31], "uv_size": [2, -1]}
							}
						}
					]
				},
				{
					"name": "bone8",
					"parent": "shaft_half8",
					"pivot": [7, 8, 3],
					"rotation": [0, 0, 45],
					"cubes": [
						{
							"origin": [5.5, 6.5, -3],
							"size": [3, 3, 6],
							"uv": {
								"north": {"uv": [48, 64], "uv_size": [3, 3]},
								"east": {"uv": [60, 0], "uv_size": [6, 3]},
								"south": {"uv": [12, 65], "uv_size": [3, 3]},
								"west": {"uv": [60, 3], "uv_size": [6, 3]},
								"up": {"uv": [24, 59], "uv_size": [3, 6]},
								"down": {"uv": [6, 66], "uv_size": [3, -6]}
							}
						}
					]
				},
				{
					"name": "shaft_half9",
					"pivot": [0, 8, 0],
					"rotation": [0, 0, 40],
					"cubes": [
						{
							"origin": [-3, 5, 5],
							"size": [6, 6, 3],
							"uv": {
								"north": {"uv": [48, 24], "uv_size": [6, 6]},
								"east": {"uv": [60, 6], "uv_size": [3, 6]},
								"south": {"uv": [48, 30], "uv_size": [6, 6]},
								"west": {"uv": [9, 60], "uv_size": [3, 6]},
								"up": {"uv": [60, 12], "uv_size": [6, 3]},
								"down": {"uv": [60, 18], "uv_size": [6, -3]}
							}
						},
						{
							"origin": [-6, 6, 4],
							"size": [16, 4, 3],
							"uv": {
								"north": {"uv": [0, 32], "uv_size": [16, 4]},
								"east": {"uv": [63, 24], "uv_size": [3, 4]},
								"south": {"uv": [32, 0], "uv_size": [16, 4]},
								"west": {"uv": [63, 28], "uv_size": [3, 4]},
								"up": {"uv": [0, 39], "uv_size": [16, 3]},
								"down": {"uv": [32, 43], "uv_size": [16, -3]}
							}
						},
						{
							"origin": [6, 7, 3],
							"size": [2, 2, 1],
							"uv": {
								"north": {"uv": [66, 4], "uv_size": [2, 2]},
								"east": {"uv": [66, 31], "uv_size": [1, 2]},
								"south": {"uv": [6, 66], "uv_size": [2, 2]},
								"west": {"uv": [66, 33], "uv_size": [1, 2]},
								"up": {"uv": [66, 35], "uv_size": [2, 1]},
								"down": {"uv": [66, 37], "uv_size": [2, -1]}
							}
						}
					]
				},
				{
					"name": "bone9",
					"parent": "shaft_half9",
					"pivot": [7, 8, 3],
					"rotation": [0, 0, 45],
					"cubes": [
						{
							"origin": [5.5, 6.5, -3],
							"size": [3, 3, 6],
							"uv": {
								"north": {"uv": [15, 65], "uv_size": [3, 3]},
								"east": {"uv": [60, 18], "uv_size": [6, 3]},
								"south": {"uv": [24, 65], "uv_size": [3, 3]},
								"west": {"uv": [60, 21], "uv_size": [6, 3]},
								"up": {"uv": [60, 36], "uv_size": [3, 6]},
								"down": {"uv": [60, 54], "uv_size": [3, -6]}
							}
						}
					]
				}
			]
		}
	]
}