{
	"format_version": "1.12.0",
	"minecraft:geometry": [
		{
			"description": {
				"identifier": "geometry.mechanical_mixer",
				"texture_width": 128,
				"texture_height": 128,
				"visible_bounds_width": 3,
				"visible_bounds_height": 4,
				"visible_bounds_offset": [0, 1, 0]
			},
			"bones": [
				{
					"name": "item",
					"pivot": [-8, 8, 8],
					"cubes": [
						{
							"origin": [-8, 4, 8],
							"size": [16, 4, 0],
							"uv": {
								"north": {"uv": [50, 26], "uv_size": [16, 4]},
								"south": {"uv": [52, 30], "uv_size": [16, 4]}
							}
						},
						{
							"origin": [-8, 4, -8],
							"size": [16, 4, 0],
							"uv": {
								"north": {"uv": [52, 34], "uv_size": [16, 4]},
								"south": {"uv": [52, 38], "uv_size": [16, 4]}
							}
						}
					]
				},
				{
					"name": "mixer_base",
					"parent": "item",
					"pivot": [-8, 8, 8]
				},
				{
					"name": "mixerbase",
					"parent": "mixer_base",
					"pivot": [-8, 8, 8],
					"cubes": [
						{
							"origin": [-8, 8, -8],
							"size": [16, 6, 16],
							"uv": {
								"north": {"uv": [0, 32], "uv_size": [16, 6]},
								"east": {"uv": [32, 0], "uv_size": [16, 6]},
								"south": {"uv": [32, 6], "uv_size": [16, 6]},
								"west": {"uv": [32, 12], "uv_size": [16, 6]},
								"up": {"uv": [0, 0], "uv_size": [16, 16]},
								"down": {"uv": [0, 32], "uv_size": [16, -16]}
							}
						},
						{
							"origin": [-8, 0, -8],
							"size": [16, 4, 16],
							"uv": {
								"north": {"uv": [52, 42], "uv_size": [16, 4]},
								"east": {"uv": [52, 46], "uv_size": [16, 4]},
								"south": {"uv": [52, 50], "uv_size": [16, 4]},
								"west": {"uv": [54, 0], "uv_size": [16, 4]},
								"up": {"uv": [16, 0], "uv_size": [16, 16]},
								"down": {"uv": [16, 32], "uv_size": [16, -16]}
							}
						},
						{
							"origin": [8, 4, -8],
							"size": [0, 4, 16],
							"uv": {
								"east": {"uv": [54, 4], "uv_size": [16, 4]},
								"west": {"uv": [54, 8], "uv_size": [16, 4]}
							}
						},
						{
							"origin": [-8, 4, -8],
							"size": [0, 4, 16],
							"uv": {
								"east": {"uv": [52, 54], "uv_size": [16, 4]},
								"west": {"uv": [56, 12], "uv_size": [16, 4]}
							}
						}
					]
				},
				{
					"name": "bone",
					"pivot": [0, 0, 0]
				},
				{
					"name": "mechanical_press_head",
					"parent": "bone",
					"pivot": [-8, 8, 8],
					"cubes": [
						{
							"origin": [-3, -2, -3],
							"size": [6, 2, 6],
							"uv": {
								"north": {"uv": [89, 75], "uv_size": [6, 2]},
								"east": {"uv": [91, 4], "uv_size": [6, 2]},
								"south": {"uv": [93, 16], "uv_size": [6, 2]},
								"west": {"uv": [93, 18], "uv_size": [6, 2]},
								"up": {"uv": [72, 10], "uv_size": [6, 6]},
								"down": {"uv": [74, 6], "uv_size": [6, -6]}
							}
						},
						{
							"origin": [-2, 0, -2],
							"size": [4, 10, 4],
							"uv": {
								"east": {"uv": [30, 45], "uv_size": [4, 10]},
								"west": {"uv": [68, 68], "uv_size": [4, 10]},
								"down": {"uv": [12, 42], "uv_size": [4, -4]}
							}
						},
						{
							"origin": [-3, 0, -3],
							"size": [6, 10, 1],
							"uv": {
								"north": {"uv": [6, 51], "uv_size": [6, 10]},
								"east": {"uv": [99, 34], "uv_size": [1, 10]},
								"south": {"uv": [56, 16], "uv_size": [6, 10]},
								"west": {"uv": [51, 99], "uv_size": [1, 10]},
								"down": {"uv": [80, 76], "uv_size": [6, -1]}
							}
						},
						{
							"origin": [-3, 0, 2],
							"size": [6, 10, 1],
							"uv": {
								"north": {"uv": [30, 57], "uv_size": [6, 10]},
								"east": {"uv": [52, 99], "uv_size": [1, 10]},
								"south": {"uv": [36, 57], "uv_size": [6, 10]},
								"west": {"uv": [53, 99], "uv_size": [1, 10]},
								"down": {"uv": [84, 69], "uv_size": [6, -1]}
							}
						},
						{
							"origin": [-2, 10, -2],
							"size": [4, 13, 4],
							"uv": {
								"east": {"uv": [18, 68], "uv_size": [4, 13]},
								"west": {"uv": [22, 68], "uv_size": [4, 13]},
								"up": {"uv": [68, 52], "uv_size": [4, 4]}
							}
						},
						{
							"origin": [-3, 10, 2],
							"size": [6, 13, 1],
							"uv": {
								"north": {"uv": [16, 32], "uv_size": [6, 13]},
								"east": {"uv": [71, 89], "uv_size": [1, 13]},
								"south": {"uv": [32, 18], "uv_size": [6, 13]},
								"west": {"uv": [82, 89], "uv_size": [1, 13]},
								"up": {"uv": [89, 77], "uv_size": [6, 1]}
							}
						},
						{
							"origin": [-3, 10, -3],
							"size": [6, 13, 1],
							"uv": {
								"north": {"uv": [22, 32], "uv_size": [6, 13]},
								"east": {"uv": [83, 89], "uv_size": [1, 13]},
								"south": {"uv": [28, 32], "uv_size": [6, 13]},
								"west": {"uv": [16, 90], "uv_size": [1, 13]},
								"up": {"uv": [97, 88], "uv_size": [6, 1]}
							}
						}
					]
				},
				{
					"name": "mixerhead",
					"parent": "bone",
					"pivot": [-8, 8, 8],
					"cubes": [
						{
							"origin": [-1, -13.5, -1],
							"size": [2, 12, 2],
							"pivot": [0, -2, 0],
							"rotation": [0, -22.5, 0],
							"uv": {
								"north": {"uv": [10, 71], "uv_size": [2, 12]},
								"east": {"uv": [4, 74], "uv_size": [2, 12]},
								"south": {"uv": [76, 64], "uv_size": [2, 12]},
								"west": {"uv": [72, 76], "uv_size": [2, 12]},
								"down": {"uv": [12, 44], "uv_size": [2, -2]}
							}
						},
						{
							"origin": [-5.5, -13, -1],
							"size": [11, 2, 2],
							"pivot": [0, -2, 0],
							"rotation": [0, -22.5, 0],
							"uv": {
								"north": {"uv": [74, 6], "uv_size": [11, 2]},
								"east": {"uv": [14, 42], "uv_size": [2, 2]},
								"south": {"uv": [74, 8], "uv_size": [11, 2]},
								"west": {"uv": [48, 13], "uv_size": [2, 2]},
								"up": {"uv": [78, 10], "uv_size": [11, 2]},
								"down": {"uv": [78, 14], "uv_size": [11, -2]}
							}
						},
						{
							"origin": [-1, -13, -5.5],
							"size": [2, 2, 11],
							"pivot": [0, -2, 0],
							"rotation": [0, -22.5, 0],
							"uv": {
								"north": {"uv": [48, 15], "uv_size": [2, 2]},
								"east": {"uv": [78, 14], "uv_size": [11, 2]},
								"south": {"uv": [30, 55], "uv_size": [2, 2]},
								"west": {"uv": [78, 76], "uv_size": [11, 2]},
								"up": {"uv": [70, 78], "uv_size": [2, 11]},
								"down": {"uv": [78, 89], "uv_size": [2, -11]}
							}
						},
						{
							"origin": [-5.5, -11, -1],
							"size": [2, 6, 2],
							"pivot": [0, -2, 0],
							"rotation": [0, -22.5, 0],
							"uv": {
								"north": {"uv": [91, 16], "uv_size": [2, 6]},
								"east": {"uv": [33, 91], "uv_size": [2, 6]},
								"south": {"uv": [35, 91], "uv_size": [2, 6]},
								"west": {"uv": [37, 91], "uv_size": [2, 6]}
							}
						},
						{
							"origin": [3.5, -11, -1],
							"size": [2, 6, 2],
							"pivot": [0, -2, 0],
							"rotation": [0, -22.5, 0],
							"uv": {
								"north": {"uv": [39, 91], "uv_size": [2, 6]},
								"east": {"uv": [41, 91], "uv_size": [2, 6]},
								"south": {"uv": [43, 91], "uv_size": [2, 6]},
								"west": {"uv": [45, 91], "uv_size": [2, 6]}
							}
						},
						{
							"origin": [-1, -11, -5.5],
							"size": [2, 6, 2],
							"pivot": [0, -2, 0],
							"rotation": [0, -22.5, 0],
							"uv": {
								"north": {"uv": [47, 91], "uv_size": [2, 6]},
								"east": {"uv": [49, 91], "uv_size": [2, 6]},
								"south": {"uv": [6, 92], "uv_size": [2, 6]},
								"west": {"uv": [8, 92], "uv_size": [2, 6]}
							}
						},
						{
							"origin": [-1, -11, 3.5],
							"size": [2, 6, 2],
							"pivot": [0, -2, 0],
							"rotation": [0, -22.5, 0],
							"uv": {
								"north": {"uv": [59, 92], "uv_size": [2, 6]},
								"east": {"uv": [61, 92], "uv_size": [2, 6]},
								"south": {"uv": [63, 92], "uv_size": [2, 6]},
								"west": {"uv": [65, 92], "uv_size": [2, 6]}
							}
						},
						{
							"origin": [-1, -5, -5.5],
							"size": [2, 2, 11],
							"pivot": [0, -2, 0],
							"rotation": [0, -22.5, 0],
							"uv": {
								"north": {"uv": [32, 55], "uv_size": [2, 2]},
								"east": {"uv": [80, 0], "uv_size": [11, 2]},
								"south": {"uv": [66, 26], "uv_size": [2, 2]},
								"west": {"uv": [80, 2], "uv_size": [11, 2]},
								"up": {"uv": [80, 64], "uv_size": [2, 11]},
								"down": {"uv": [80, 89], "uv_size": [2, -11]}
							}
						},
						{
							"origin": [-5.5, -5, -1],
							"size": [11, 2, 2],
							"pivot": [0, -2, 0],
							"rotation": [0, -22.5, 0],
							"uv": {
								"north": {"uv": [80, 4], "uv_size": [11, 2]},
								"east": {"uv": [66, 28], "uv_size": [2, 2]},
								"south": {"uv": [80, 16], "uv_size": [11, 2]},
								"west": {"uv": [68, 56], "uv_size": [2, 2]},
								"up": {"uv": [80, 18], "uv_size": [11, 2]},
								"down": {"uv": [80, 22], "uv_size": [11, -2]}
							}
						}
					]
				},
				{
					"name": "bone2",
					"pivot": [-8, 8, 8]
				},
				{
					"name": "mechanical_press_head2",
					"parent": "bone2",
					"pivot": [-8, 8, 8],
					"cubes": [
						{
							"origin": [-3, -4, -3],
							"size": [6, 2, 6],
							"uv": {
								"north": {"uv": [93, 20], "uv_size": [6, 2]},
								"east": {"uv": [93, 22], "uv_size": [6, 2]},
								"south": {"uv": [93, 24], "uv_size": [6, 2]},
								"west": {"uv": [93, 26], "uv_size": [6, 2]},
								"up": {"uv": [74, 16], "uv_size": [6, 6]},
								"down": {"uv": [76, 28], "uv_size": [6, -6]}
							}
						},
						{
							"origin": [-2, -2, -2],
							"size": [4, 10, 4],
							"uv": {
								"east": {"uv": [70, 0], "uv_size": [4, 10]},
								"west": {"uv": [6, 71], "uv_size": [4, 10]},
								"down": {"uv": [51, 93], "uv_size": [4, -4]}
							}
						},
						{
							"origin": [-3, -2, -3],
							"size": [6, 10, 1],
							"uv": {
								"north": {"uv": [42, 57], "uv_size": [6, 10]},
								"east": {"uv": [54, 99], "uv_size": [1, 10]},
								"south": {"uv": [12, 58], "uv_size": [6, 10]},
								"west": {"uv": [55, 99], "uv_size": [1, 10]},
								"down": {"uv": [97, 90], "uv_size": [6, -1]}
							}
						},
						{
							"origin": [-3, -2, 2],
							"size": [6, 10, 1],
							"uv": {
								"north": {"uv": [18, 58], "uv_size": [6, 10]},
								"east": {"uv": [56, 99], "uv_size": [1, 10]},
								"south": {"uv": [24, 58], "uv_size": [6, 10]},
								"west": {"uv": [57, 99], "uv_size": [1, 10]},
								"down": {"uv": [99, 45], "uv_size": [6, -1]}
							}
						},
						{
							"origin": [-2, 8, -2],
							"size": [4, 13, 4],
							"uv": {
								"east": {"uv": [26, 68], "uv_size": [4, 13]},
								"west": {"uv": [68, 26], "uv_size": [4, 13]},
								"up": {"uv": [55, 89], "uv_size": [4, 4]}
							}
						},
						{
							"origin": [-3, 8, 2],
							"size": [6, 13, 1],
							"uv": {
								"north": {"uv": [34, 31], "uv_size": [6, 13]},
								"east": {"uv": [17, 90], "uv_size": [1, 13]},
								"south": {"uv": [0, 38], "uv_size": [6, 13]},
								"west": {"uv": [18, 91], "uv_size": [1, 13]},
								"up": {"uv": [99, 45], "uv_size": [6, 1]}
							}
						},
						{
							"origin": [-3, 8, -3],
							"size": [6, 13, 1],
							"uv": {
								"north": {"uv": [6, 38], "uv_size": [6, 13]},
								"east": {"uv": [19, 91], "uv_size": [1, 13]},
								"south": {"uv": [38, 18], "uv_size": [6, 13]},
								"west": {"uv": [20, 91], "uv_size": [1, 13]},
								"up": {"uv": [99, 46], "uv_size": [6, 1]}
							}
						}
					]
				},
				{
					"name": "mixerhead2",
					"parent": "bone2",
					"pivot": [0, 8, 0],
					"rotation": [0, -20, 0],
					"cubes": [
						{
							"origin": [-1, -15.5, -1],
							"size": [2, 12, 2],
							"pivot": [0, 7, 0],
							"rotation": [0, -22.5, 0],
							"uv": {
								"north": {"uv": [74, 76], "uv_size": [2, 12]},
								"east": {"uv": [76, 76], "uv_size": [2, 12]},
								"south": {"uv": [30, 77], "uv_size": [2, 12]},
								"west": {"uv": [32, 77], "uv_size": [2, 12]},
								"down": {"uv": [70, 12], "uv_size": [2, -2]}
							}
						},
						{
							"origin": [-5.5, -15, -1],
							"size": [11, 2, 2],
							"pivot": [0, 7, 0],
							"rotation": [0, -22.5, 0],
							"uv": {
								"north": {"uv": [18, 81], "uv_size": [11, 2]},
								"east": {"uv": [70, 56], "uv_size": [2, 2]},
								"south": {"uv": [48, 81], "uv_size": [11, 2]},
								"west": {"uv": [74, 22], "uv_size": [2, 2]},
								"up": {"uv": [82, 22], "uv_size": [11, 2]},
								"down": {"uv": [82, 26], "uv_size": [11, -2]}
							}
						},
						{
							"origin": [-1, -15, -5.5],
							"size": [2, 2, 11],
							"pivot": [0, 7, 0],
							"rotation": [0, -22.5, 0],
							"uv": {
								"north": {"uv": [74, 24], "uv_size": [2, 2]},
								"east": {"uv": [82, 26], "uv_size": [11, 2]},
								"south": {"uv": [80, 99], "uv_size": [2, 2]},
								"west": {"uv": [82, 28], "uv_size": [11, 2]},
								"up": {"uv": [6, 81], "uv_size": [2, 11]},
								"down": {"uv": [8, 92], "uv_size": [2, -11]}
							}
						},
						{
							"origin": [-5.5, -13, -1],
							"size": [2, 6, 2],
							"pivot": [0, 7, 0],
							"rotation": [0, -22.5, 0],
							"uv": {
								"north": {"uv": [93, 28], "uv_size": [2, 6]},
								"east": {"uv": [93, 34], "uv_size": [2, 6]},
								"south": {"uv": [93, 40], "uv_size": [2, 6]},
								"west": {"uv": [93, 46], "uv_size": [2, 6]}
							}
						},
						{
							"origin": [3.5, -13, -1],
							"size": [2, 6, 2],
							"pivot": [0, 7, 0],
							"rotation": [0, -22.5, 0],
							"uv": {
								"north": {"uv": [51, 93], "uv_size": [2, 6]},
								"east": {"uv": [93, 52], "uv_size": [2, 6]},
								"south": {"uv": [53, 93], "uv_size": [2, 6]},
								"west": {"uv": [55, 93], "uv_size": [2, 6]}
							}
						},
						{
							"origin": [-1, -13, -5.5],
							"size": [2, 6, 2],
							"pivot": [0, 7, 0],
							"rotation": [0, -22.5, 0],
							"uv": {
								"north": {"uv": [57, 93], "uv_size": [2, 6]},
								"east": {"uv": [93, 68], "uv_size": [2, 6]},
								"south": {"uv": [78, 93], "uv_size": [2, 6]},
								"west": {"uv": [80, 93], "uv_size": [2, 6]}
							}
						},
						{
							"origin": [-1, -13, 3.5],
							"size": [2, 6, 2],
							"pivot": [0, 7, 0],
							"rotation": [0, -22.5, 0],
							"uv": {
								"north": {"uv": [84, 93], "uv_size": [2, 6]},
								"east": {"uv": [10, 94], "uv_size": [2, 6]},
								"south": {"uv": [12, 94], "uv_size": [2, 6]},
								"west": {"uv": [14, 94], "uv_size": [2, 6]}
							}
						},
						{
							"origin": [-1, -7, -5.5],
							"size": [2, 2, 11],
							"pivot": [0, 7, 0],
							"rotation": [0, -22.5, 0],
							"uv": {
								"north": {"uv": [84, 99], "uv_size": [2, 2]},
								"east": {"uv": [82, 30], "uv_size": [11, 2]},
								"south": {"uv": [100, 34], "uv_size": [2, 2]},
								"west": {"uv": [82, 32], "uv_size": [11, 2]},
								"up": {"uv": [59, 81], "uv_size": [2, 11]},
								"down": {"uv": [61, 92], "uv_size": [2, -11]}
							}
						},
						{
							"origin": [-5.5, -7, -1],
							"size": [11, 2, 2],
							"pivot": [0, 7, 0],
							"rotation": [0, -22.5, 0],
							"uv": {
								"north": {"uv": [82, 34], "uv_size": [11, 2]},
								"east": {"uv": [100, 36], "uv_size": [2, 2]},
								"south": {"uv": [82, 36], "uv_size": [11, 2]},
								"west": {"uv": [100, 38], "uv_size": [2, 2]},
								"up": {"uv": [82, 38], "uv_size": [11, 2]},
								"down": {"uv": [82, 42], "uv_size": [11, -2]}
							}
						}
					]
				},
				{
					"name": "bone3",
					"pivot": [0, 0, 0]
				},
				{
					"name": "mechanical_press_head3",
					"parent": "bone3",
					"pivot": [-8, 6, 8],
					"cubes": [
						{
							"origin": [-3, -6, -3],
							"size": [6, 2, 6],
							"uv": {
								"north": {"uv": [86, 94], "uv_size": [6, 2]},
								"east": {"uv": [94, 90], "uv_size": [6, 2]},
								"south": {"uv": [92, 94], "uv_size": [6, 2]},
								"west": {"uv": [94, 92], "uv_size": [6, 2]},
								"up": {"uv": [76, 28], "uv_size": [6, 6]},
								"down": {"uv": [76, 40], "uv_size": [6, -6]}
							}
						},
						{
							"origin": [-2, -4, -2],
							"size": [4, 10, 4],
							"uv": {
								"east": {"uv": [72, 26], "uv_size": [4, 10]},
								"west": {"uv": [72, 36], "uv_size": [4, 10]},
								"down": {"uv": [78, 93], "uv_size": [4, -4]}
							}
						},
						{
							"origin": [-3, -4, -3],
							"size": [6, 10, 1],
							"uv": {
								"north": {"uv": [48, 58], "uv_size": [6, 10]},
								"east": {"uv": [58, 99], "uv_size": [1, 10]},
								"south": {"uv": [54, 58], "uv_size": [6, 10]},
								"west": {"uv": [99, 58], "uv_size": [1, 10]},
								"down": {"uv": [99, 48], "uv_size": [6, -1]}
							}
						},
						{
							"origin": [-3, -4, 2],
							"size": [6, 10, 1],
							"uv": {
								"north": {"uv": [60, 58], "uv_size": [6, 10]},
								"east": {"uv": [99, 68], "uv_size": [1, 10]},
								"south": {"uv": [6, 61], "uv_size": [6, 10]},
								"west": {"uv": [72, 99], "uv_size": [1, 10]},
								"down": {"uv": [99, 49], "uv_size": [6, -1]}
							}
						},
						{
							"origin": [-2, 6, -2],
							"size": [4, 13, 4],
							"uv": {
								"east": {"uv": [68, 39], "uv_size": [4, 13]},
								"west": {"uv": [48, 68], "uv_size": [4, 13]},
								"up": {"uv": [12, 90], "uv_size": [4, 4]}
							}
						},
						{
							"origin": [-3, 6, 2],
							"size": [6, 13, 1],
							"uv": {
								"north": {"uv": [40, 31], "uv_size": [6, 13]},
								"east": {"uv": [21, 91], "uv_size": [1, 13]},
								"south": {"uv": [44, 18], "uv_size": [6, 13]},
								"west": {"uv": [22, 91], "uv_size": [1, 13]},
								"up": {"uv": [99, 49], "uv_size": [6, 1]}
							}
						},
						{
							"origin": [-3, 6, -3],
							"size": [6, 13, 1],
							"uv": {
								"north": {"uv": [34, 44], "uv_size": [6, 13]},
								"east": {"uv": [23, 91], "uv_size": [1, 13]},
								"south": {"uv": [40, 44], "uv_size": [6, 13]},
								"west": {"uv": [24, 91], "uv_size": [1, 13]},
								"up": {"uv": [99, 50], "uv_size": [6, 1]}
							}
						}
					]
				},
				{
					"name": "mixerhead3",
					"parent": "bone3",
					"pivot": [0, 6, 0],
					"rotation": [0, -40, 0],
					"cubes": [
						{
							"origin": [-1, -17.5, -1],
							"size": [2, 12, 2],
							"pivot": [0, 5, 0],
							"rotation": [0, -22.5, 0],
							"uv": {
								"north": {"uv": [34, 77], "uv_size": [2, 12]},
								"east": {"uv": [36, 77], "uv_size": [2, 12]},
								"south": {"uv": [38, 77], "uv_size": [2, 12]},
								"west": {"uv": [40, 77], "uv_size": [2, 12]},
								"down": {"uv": [100, 42], "uv_size": [2, -2]}
							}
						},
						{
							"origin": [-5.5, -17, -1],
							"size": [11, 2, 2],
							"pivot": [0, 5, 0],
							"rotation": [0, -22.5, 0],
							"uv": {
								"north": {"uv": [82, 42], "uv_size": [11, 2]},
								"east": {"uv": [100, 42], "uv_size": [2, 2]},
								"south": {"uv": [82, 44], "uv_size": [11, 2]},
								"west": {"uv": [100, 58], "uv_size": [2, 2]},
								"up": {"uv": [82, 46], "uv_size": [11, 2]},
								"down": {"uv": [82, 50], "uv_size": [11, -2]}
							}
						},
						{
							"origin": [-1, -17, -5.5],
							"size": [2, 2, 11],
							"pivot": [0, 5, 0],
							"rotation": [0, -22.5, 0],
							"uv": {
								"north": {"uv": [100, 60], "uv_size": [2, 2]},
								"east": {"uv": [82, 50], "uv_size": [11, 2]},
								"south": {"uv": [100, 62], "uv_size": [2, 2]},
								"west": {"uv": [82, 52], "uv_size": [11, 2]},
								"up": {"uv": [63, 81], "uv_size": [2, 11]},
								"down": {"uv": [65, 92], "uv_size": [2, -11]}
							}
						},
						{
							"origin": [-5.5, -15, -1],
							"size": [2, 6, 2],
							"pivot": [0, 5, 0],
							"rotation": [0, -22.5, 0],
							"uv": {
								"north": {"uv": [67, 94], "uv_size": [2, 6]},
								"east": {"uv": [69, 94], "uv_size": [2, 6]},
								"south": {"uv": [0, 95], "uv_size": [2, 6]},
								"west": {"uv": [2, 95], "uv_size": [2, 6]}
							}
						},
						{
							"origin": [3.5, -15, -1],
							"size": [2, 6, 2],
							"pivot": [0, 5, 0],
							"rotation": [0, -22.5, 0],
							"uv": {
								"north": {"uv": [95, 28], "uv_size": [2, 6]},
								"east": {"uv": [95, 34], "uv_size": [2, 6]},
								"south": {"uv": [95, 40], "uv_size": [2, 6]},
								"west": {"uv": [95, 46], "uv_size": [2, 6]}
							}
						},
						{
							"origin": [-1, -15, -5.5],
							"size": [2, 6, 2],
							"pivot": [0, 5, 0],
							"rotation": [0, -22.5, 0],
							"uv": {
								"north": {"uv": [95, 52], "uv_size": [2, 6]},
								"east": {"uv": [95, 58], "uv_size": [2, 6]},
								"south": {"uv": [95, 64], "uv_size": [2, 6]},
								"west": {"uv": [95, 70], "uv_size": [2, 6]}
							}
						},
						{
							"origin": [-1, -15, 3.5],
							"size": [2, 6, 2],
							"pivot": [0, 5, 0],
							"rotation": [0, -22.5, 0],
							"uv": {
								"north": {"uv": [95, 76], "uv_size": [2, 6]},
								"east": {"uv": [86, 96], "uv_size": [2, 6]},
								"south": {"uv": [88, 96], "uv_size": [2, 6]},
								"west": {"uv": [90, 96], "uv_size": [2, 6]}
							}
						},
						{
							"origin": [-1, -9, -5.5],
							"size": [2, 2, 11],
							"pivot": [0, 5, 0],
							"rotation": [0, -22.5, 0],
							"uv": {
								"north": {"uv": [100, 64], "uv_size": [2, 2]},
								"east": {"uv": [82, 54], "uv_size": [11, 2]},
								"south": {"uv": [100, 66], "uv_size": [2, 2]},
								"west": {"uv": [82, 56], "uv_size": [11, 2]},
								"up": {"uv": [82, 58], "uv_size": [2, 11]},
								"down": {"uv": [82, 89], "uv_size": [2, -11]}
							}
						},
						{
							"origin": [-5.5, -9, -1],
							"size": [11, 2, 2],
							"pivot": [0, 5, 0],
							"rotation": [0, -22.5, 0],
							"uv": {
								"north": {"uv": [82, 69], "uv_size": [11, 2]},
								"east": {"uv": [67, 100], "uv_size": [2, 2]},
								"south": {"uv": [82, 71], "uv_size": [11, 2]},
								"west": {"uv": [100, 68], "uv_size": [2, 2]},
								"up": {"uv": [82, 73], "uv_size": [11, 2]},
								"down": {"uv": [18, 85], "uv_size": [11, -2]}
							}
						}
					]
				},
				{
					"name": "bone4",
					"pivot": [0, 0, 0]
				},
				{
					"name": "mechanical_press_head4",
					"parent": "bone4",
					"pivot": [-8, 6, 8],
					"cubes": [
						{
							"origin": [-3, -8, -3],
							"size": [6, 2, 6],
							"uv": {
								"north": {"uv": [95, 0], "uv_size": [6, 2]},
								"east": {"uv": [95, 2], "uv_size": [6, 2]},
								"south": {"uv": [96, 6], "uv_size": [6, 2]},
								"west": {"uv": [96, 8], "uv_size": [6, 2]},
								"up": {"uv": [76, 40], "uv_size": [6, 6]},
								"down": {"uv": [76, 52], "uv_size": [6, -6]}
							}
						},
						{
							"origin": [-2, -6, -2],
							"size": [4, 10, 4],
							"uv": {
								"east": {"uv": [72, 46], "uv_size": [4, 10]},
								"west": {"uv": [72, 56], "uv_size": [4, 10]},
								"down": {"uv": [67, 94], "uv_size": [4, -4]}
							}
						},
						{
							"origin": [-3, -6, -3],
							"size": [6, 10, 1],
							"uv": {
								"north": {"uv": [62, 16], "uv_size": [6, 10]},
								"east": {"uv": [73, 99], "uv_size": [1, 10]},
								"south": {"uv": [0, 64], "uv_size": [6, 10]},
								"west": {"uv": [74, 99], "uv_size": [1, 10]},
								"down": {"uv": [99, 52], "uv_size": [6, -1]}
							}
						},
						{
							"origin": [-3, -6, 2],
							"size": [6, 10, 1],
							"uv": {
								"north": {"uv": [66, 58], "uv_size": [6, 10]},
								"east": {"uv": [75, 99], "uv_size": [1, 10]},
								"south": {"uv": [30, 67], "uv_size": [6, 10]},
								"west": {"uv": [76, 99], "uv_size": [1, 10]},
								"down": {"uv": [10, 101], "uv_size": [6, -1]}
							}
						},
						{
							"origin": [-2, 4, -2],
							"size": [4, 13, 4],
							"uv": {
								"east": {"uv": [52, 68], "uv_size": [4, 13]},
								"west": {"uv": [56, 68], "uv_size": [4, 13]},
								"up": {"uv": [86, 90], "uv_size": [4, 4]}
							}
						},
						{
							"origin": [-3, 4, 2],
							"size": [6, 13, 1],
							"uv": {
								"north": {"uv": [12, 45], "uv_size": [6, 13]},
								"east": {"uv": [25, 91], "uv_size": [1, 13]},
								"south": {"uv": [18, 45], "uv_size": [6, 13]},
								"west": {"uv": [26, 91], "uv_size": [1, 13]},
								"up": {"uv": [100, 10], "uv_size": [6, 1]}
							}
						},
						{
							"origin": [-3, 4, -3],
							"size": [6, 13, 1],
							"uv": {
								"north": {"uv": [24, 45], "uv_size": [6, 13]},
								"east": {"uv": [27, 91], "uv_size": [1, 13]},
								"south": {"uv": [46, 31], "uv_size": [6, 13]},
								"west": {"uv": [28, 91], "uv_size": [1, 13]},
								"up": {"uv": [100, 11], "uv_size": [6, 1]}
							}
						}
					]
				},
				{
					"name": "mixerhead4",
					"parent": "bone4",
					"pivot": [0, 6, 0],
					"rotation": [0, -60, 0],
					"cubes": [
						{
							"origin": [-1, -19.5, -1],
							"size": [2, 12, 2],
							"pivot": [0, 5, 0],
							"rotation": [0, -22.5, 0],
							"uv": {
								"north": {"uv": [42, 77], "uv_size": [2, 12]},
								"east": {"uv": [44, 77], "uv_size": [2, 12]},
								"south": {"uv": [46, 77], "uv_size": [2, 12]},
								"west": {"uv": [12, 78], "uv_size": [2, 12]},
								"down": {"uv": [69, 102], "uv_size": [2, -2]}
							}
						},
						{
							"origin": [-5.5, -19, -1],
							"size": [11, 2, 2],
							"pivot": [0, 5, 0],
							"rotation": [0, -22.5, 0],
							"uv": {
								"north": {"uv": [48, 83], "uv_size": [11, 2]},
								"east": {"uv": [100, 70], "uv_size": [2, 2]},
								"south": {"uv": [84, 58], "uv_size": [11, 2]},
								"west": {"uv": [100, 72], "uv_size": [2, 2]},
								"up": {"uv": [84, 60], "uv_size": [11, 2]},
								"down": {"uv": [84, 64], "uv_size": [11, -2]}
							}
						},
						{
							"origin": [-1, -19, -5.5],
							"size": [2, 2, 11],
							"pivot": [0, 5, 0],
							"rotation": [0, -22.5, 0],
							"uv": {
								"north": {"uv": [100, 74], "uv_size": [2, 2]},
								"east": {"uv": [84, 64], "uv_size": [11, 2]},
								"south": {"uv": [100, 76], "uv_size": [2, 2]},
								"west": {"uv": [84, 66], "uv_size": [11, 2]},
								"up": {"uv": [10, 83], "uv_size": [2, 11]},
								"down": {"uv": [0, 95], "uv_size": [2, -11]}
							}
						},
						{
							"origin": [-5.5, -17, -1],
							"size": [2, 6, 2],
							"pivot": [0, 5, 0],
							"rotation": [0, -22.5, 0],
							"uv": {
								"north": {"uv": [92, 96], "uv_size": [2, 6]},
								"east": {"uv": [94, 96], "uv_size": [2, 6]},
								"south": {"uv": [96, 96], "uv_size": [2, 6]},
								"west": {"uv": [4, 97], "uv_size": [2, 6]}
							}
						},
						{
							"origin": [3.5, -17, -1],
							"size": [2, 6, 2],
							"pivot": [0, 5, 0],
							"rotation": [0, -22.5, 0],
							"uv": {
								"north": {"uv": [97, 28], "uv_size": [2, 6]},
								"east": {"uv": [33, 97], "uv_size": [2, 6]},
								"south": {"uv": [97, 34], "uv_size": [2, 6]},
								"west": {"uv": [35, 97], "uv_size": [2, 6]}
							}
						},
						{
							"origin": [-1, -17, -5.5],
							"size": [2, 6, 2],
							"pivot": [0, 5, 0],
							"rotation": [0, -22.5, 0],
							"uv": {
								"north": {"uv": [37, 97], "uv_size": [2, 6]},
								"east": {"uv": [39, 97], "uv_size": [2, 6]},
								"south": {"uv": [97, 40], "uv_size": [2, 6]},
								"west": {"uv": [41, 97], "uv_size": [2, 6]}
							}
						},
						{
							"origin": [-1, -17, 3.5],
							"size": [2, 6, 2],
							"pivot": [0, 5, 0],
							"rotation": [0, -22.5, 0],
							"uv": {
								"north": {"uv": [43, 97], "uv_size": [2, 6]},
								"east": {"uv": [45, 97], "uv_size": [2, 6]},
								"south": {"uv": [97, 46], "uv_size": [2, 6]},
								"west": {"uv": [47, 97], "uv_size": [2, 6]}
							}
						},
						{
							"origin": [-1, -11, -5.5],
							"size": [2, 2, 11],
							"pivot": [0, 5, 0],
							"rotation": [0, -22.5, 0],
							"uv": {
								"north": {"uv": [100, 78], "uv_size": [2, 2]},
								"east": {"uv": [84, 78], "uv_size": [11, 2]},
								"south": {"uv": [100, 80], "uv_size": [2, 2]},
								"west": {"uv": [84, 80], "uv_size": [11, 2]},
								"up": {"uv": [2, 84], "uv_size": [2, 11]},
								"down": {"uv": [84, 93], "uv_size": [2, -11]}
							}
						},
						{
							"origin": [-5.5, -11, -1],
							"size": [11, 2, 2],
							"pivot": [0, 5, 0],
							"rotation": [0, -22.5, 0],
							"uv": {
								"north": {"uv": [85, 6], "uv_size": [11, 2]},
								"east": {"uv": [100, 82], "uv_size": [2, 2]},
								"south": {"uv": [85, 8], "uv_size": [11, 2]},
								"west": {"uv": [100, 84], "uv_size": [2, 2]},
								"up": {"uv": [18, 85], "uv_size": [11, 2]},
								"down": {"uv": [48, 87], "uv_size": [11, -2]}
							}
						}
					]
				},
				{
					"name": "bone5",
					"pivot": [0, 0, 0]
				},
				{
					"name": "mechanical_press_head5",
					"parent": "bone5",
					"pivot": [-8, 4, 8],
					"cubes": [
						{
							"origin": [-3, -10, -3],
							"size": [6, 2, 6],
							"uv": {
								"north": {"uv": [97, 4], "uv_size": [6, 2]},
								"east": {"uv": [97, 52], "uv_size": [6, 2]},
								"south": {"uv": [97, 54], "uv_size": [6, 2]},
								"west": {"uv": [97, 56], "uv_size": [6, 2]},
								"up": {"uv": [76, 52], "uv_size": [6, 6]},
								"down": {"uv": [76, 64], "uv_size": [6, -6]}
							}
						},
						{
							"origin": [-2, -8, -2],
							"size": [4, 10, 4],
							"uv": {
								"east": {"uv": [72, 66], "uv_size": [4, 10]},
								"west": {"uv": [0, 74], "uv_size": [4, 10]},
								"down": {"uv": [90, 94], "uv_size": [4, -4]}
							}
						},
						{
							"origin": [-3, -8, -3],
							"size": [6, 10, 1],
							"uv": {
								"north": {"uv": [36, 67], "uv_size": [6, 10]},
								"east": {"uv": [77, 99], "uv_size": [1, 10]},
								"south": {"uv": [42, 67], "uv_size": [6, 10]},
								"west": {"uv": [78, 99], "uv_size": [1, 10]},
								"down": {"uv": [100, 13], "uv_size": [6, -1]}
							}
						},
						{
							"origin": [-3, -8, 2],
							"size": [6, 10, 1],
							"uv": {
								"north": {"uv": [12, 68], "uv_size": [6, 10]},
								"east": {"uv": [99, 78], "uv_size": [1, 10]},
								"south": {"uv": [68, 16], "uv_size": [6, 10]},
								"west": {"uv": [79, 99], "uv_size": [1, 10]},
								"down": {"uv": [100, 14], "uv_size": [6, -1]}
							}
						},
						{
							"origin": [-2, 2, -2],
							"size": [4, 13, 4],
							"uv": {
								"east": {"uv": [60, 68], "uv_size": [4, 13]},
								"west": {"uv": [64, 68], "uv_size": [4, 13]},
								"up": {"uv": [91, 0], "uv_size": [4, 4]}
							}
						},
						{
							"origin": [-3, 2, 2],
							"size": [6, 13, 1],
							"uv": {
								"north": {"uv": [46, 44], "uv_size": [6, 13]},
								"east": {"uv": [29, 91], "uv_size": [1, 13]},
								"south": {"uv": [48, 0], "uv_size": [6, 13]},
								"west": {"uv": [30, 91], "uv_size": [1, 13]},
								"up": {"uv": [100, 14], "uv_size": [6, 1]}
							}
						},
						{
							"origin": [-3, 2, -3],
							"size": [6, 13, 1],
							"uv": {
								"north": {"uv": [50, 13], "uv_size": [6, 13]},
								"east": {"uv": [31, 91], "uv_size": [1, 13]},
								"south": {"uv": [0, 51], "uv_size": [6, 13]},
								"west": {"uv": [32, 91], "uv_size": [1, 13]},
								"up": {"uv": [100, 15], "uv_size": [6, 1]}
							}
						}
					]
				},
				{
					"name": "mixerhead5",
					"parent": "bone5",
					"pivot": [0, 6, 0],
					"rotation": [0, -80, 0],
					"cubes": [
						{
							"origin": [-1, -21.5, -1],
							"size": [2, 12, 2],
							"pivot": [0, 5, 0],
							"rotation": [0, -22.5, 0],
							"uv": {
								"north": {"uv": [14, 78], "uv_size": [2, 12]},
								"east": {"uv": [16, 78], "uv_size": [2, 12]},
								"south": {"uv": [78, 64], "uv_size": [2, 12]},
								"west": {"uv": [68, 78], "uv_size": [2, 12]},
								"down": {"uv": [100, 88], "uv_size": [2, -2]}
							}
						},
						{
							"origin": [-5.5, -21, -1],
							"size": [11, 2, 2],
							"pivot": [0, 5, 0],
							"rotation": [0, -22.5, 0],
							"uv": {
								"north": {"uv": [86, 82], "uv_size": [11, 2]},
								"east": {"uv": [100, 90], "uv_size": [2, 2]},
								"south": {"uv": [86, 84], "uv_size": [11, 2]},
								"west": {"uv": [100, 92], "uv_size": [2, 2]},
								"up": {"uv": [86, 86], "uv_size": [11, 2]},
								"down": {"uv": [18, 89], "uv_size": [11, -2]}
							}
						},
						{
							"origin": [-1, -21, -5.5],
							"size": [2, 2, 11],
							"pivot": [0, 5, 0],
							"rotation": [0, -22.5, 0],
							"uv": {
								"north": {"uv": [100, 94], "uv_size": [2, 2]},
								"east": {"uv": [48, 87], "uv_size": [11, 2]},
								"south": {"uv": [100, 96], "uv_size": [2, 2]},
								"west": {"uv": [86, 88], "uv_size": [11, 2]},
								"up": {"uv": [4, 86], "uv_size": [2, 11]},
								"down": {"uv": [72, 99], "uv_size": [2, -11]}
							}
						},
						{
							"origin": [-5.5, -19, -1],
							"size": [2, 6, 2],
							"pivot": [0, 5, 0],
							"rotation": [0, -22.5, 0],
							"uv": {
								"north": {"uv": [49, 97], "uv_size": [2, 6]},
								"east": {"uv": [97, 58], "uv_size": [2, 6]},
								"south": {"uv": [97, 64], "uv_size": [2, 6]},
								"west": {"uv": [97, 70], "uv_size": [2, 6]}
							}
						},
						{
							"origin": [3.5, -19, -1],
							"size": [2, 6, 2],
							"pivot": [0, 5, 0],
							"rotation": [0, -22.5, 0],
							"uv": {
								"north": {"uv": [97, 76], "uv_size": [2, 6]},
								"east": {"uv": [97, 82], "uv_size": [2, 6]},
								"south": {"uv": [6, 98], "uv_size": [2, 6]},
								"west": {"uv": [8, 98], "uv_size": [2, 6]}
							}
						},
						{
							"origin": [-1, -19, -5.5],
							"size": [2, 6, 2],
							"pivot": [0, 5, 0],
							"rotation": [0, -22.5, 0],
							"uv": {
								"north": {"uv": [59, 98], "uv_size": [2, 6]},
								"east": {"uv": [61, 98], "uv_size": [2, 6]},
								"south": {"uv": [63, 98], "uv_size": [2, 6]},
								"west": {"uv": [65, 98], "uv_size": [2, 6]}
							}
						},
						{
							"origin": [-1, -19, 3.5],
							"size": [2, 6, 2],
							"pivot": [0, 5, 0],
							"rotation": [0, -22.5, 0],
							"uv": {
								"north": {"uv": [98, 94], "uv_size": [2, 6]},
								"east": {"uv": [99, 16], "uv_size": [2, 6]},
								"south": {"uv": [99, 22], "uv_size": [2, 6]},
								"west": {"uv": [99, 28], "uv_size": [2, 6]}
							}
						},
						{
							"origin": [-1, -13, -5.5],
							"size": [2, 2, 11],
							"pivot": [0, 5, 0],
							"rotation": [0, -22.5, 0],
							"uv": {
								"north": {"uv": [98, 100], "uv_size": [2, 2]},
								"east": {"uv": [89, 10], "uv_size": [11, 2]},
								"south": {"uv": [100, 98], "uv_size": [2, 2]},
								"west": {"uv": [89, 12], "uv_size": [11, 2]},
								"up": {"uv": [74, 88], "uv_size": [2, 11]},
								"down": {"uv": [76, 99], "uv_size": [2, -11]}
							}
						},
						{
							"origin": [-5.5, -13, -1],
							"size": [11, 2, 2],
							"pivot": [0, 5, 0],
							"rotation": [0, -22.5, 0],
							"uv": {
								"north": {"uv": [89, 14], "uv_size": [11, 2]},
								"east": {"uv": [100, 100], "uv_size": [2, 2]},
								"south": {"uv": [18, 89], "uv_size": [11, 2]},
								"west": {"uv": [0, 101], "uv_size": [2, 2]},
								"up": {"uv": [29, 89], "uv_size": [11, 2]},
								"down": {"uv": [40, 91], "uv_size": [11, -2]}
							}
						}
					]
				}
			]
		}
	]
}