{
	"format_version": "1.12.0",
	"minecraft:geometry": [
		{
			"description": {
				"identifier": "geometry.mechanical_press",
				"texture_width": 128,
				"texture_height": 128,
				"visible_bounds_width": 2,
				"visible_bounds_height": 4,
				"visible_bounds_offset": [0, 1, 0]
			},
			"bones": [
				{
					"name": "bone",
					"pivot": [0, 0, 0],
					"cubes": [
						{
							"origin": [-8, 14, -8],
							"size": [16, 2, 16],
							"uv": {
								"north": {"uv": [98, 36], "uv_size": [16, 2]},
								"east": {"uv": [100, 98], "uv_size": [16, 2]},
								"south": {"uv": [102, 0], "uv_size": [16, 2]},
								"west": {"uv": [102, 2], "uv_size": [16, 2]},
								"up": {"uv": [0, 0], "uv_size": [16, 16]},
								"down": {"uv": [0, 32], "uv_size": [16, -16]}
							}
						},
						{
							"origin": [-6, 4, -7],
							"size": [12, 10, 14],
							"uv": {
								"north": {"uv": [32, 14], "uv_size": [12, 10]},
								"south": {"uv": [32, 24], "uv_size": [12, 10]},
								"down": {"uv": [32, 14], "uv_size": [12, -14]}
							}
						},
						{
							"origin": [-8, 2, -8],
							"size": [2, 12, 16],
							"uv": {
								"north": {"uv": [58, 67], "uv_size": [2, 12]},
								"east": {"uv": [16, 0], "uv_size": [16, 12]},
								"south": {"uv": [72, 101], "uv_size": [2, 12]},
								"west": {"uv": [16, 12], "uv_size": [16, 12]},
								"down": {"uv": [4, 113], "uv_size": [2, -16]}
							}
						},
						{
							"origin": [6, 2, -8],
							"size": [2, 12, 16],
							"uv": {
								"north": {"uv": [74, 101], "uv_size": [2, 12]},
								"east": {"uv": [16, 24], "uv_size": [16, 12]},
								"south": {"uv": [76, 101], "uv_size": [2, 12]},
								"west": {"uv": [0, 32], "uv_size": [16, 12]},
								"down": {"uv": [70, 117], "uv_size": [2, -16]}
							}
						}
					]
				},
				{
					"name": "group",
					"pivot": [0, 0, 0],
					"cubes": [
						{
							"origin": [-2, 4, -2],
							"size": [4, 10, 4],
							"uv": {
								"east": {"uv": [88, 0], "uv_size": [4, 10]},
								"west": {"uv": [90, 56], "uv_size": [4, 10]}
							}
						},
						{
							"origin": [-2, 14, -2],
							"size": [4, 13, 4],
							"uv": {
								"east": {"uv": [54, 80], "uv_size": [4, 13]},
								"west": {"uv": [18, 87], "uv_size": [4, 13]},
								"up": {"uv": [26, 36], "uv_size": [4, 4]}
							}
						},
						{
							"origin": [-3, 4, -3],
							"size": [6, 10, 1],
							"uv": {
								"north": {"uv": [54, 20], "uv_size": [6, 10]},
								"east": {"uv": [60, 20], "uv_size": [1, 10]},
								"south": {"uv": [76, 0], "uv_size": [6, 10]},
								"west": {"uv": [61, 20], "uv_size": [1, 10]}
							}
						},
						{
							"origin": [-3, 4, 2],
							"size": [6, 10, 1],
							"uv": {
								"north": {"uv": [0, 77], "uv_size": [6, 10]},
								"east": {"uv": [102, 17], "uv_size": [1, 10]},
								"south": {"uv": [12, 77], "uv_size": [6, 10]},
								"west": {"uv": [103, 17], "uv_size": [1, 10]}
							}
						},
						{
							"origin": [-3, 14, 2],
							"size": [6, 13, 1],
							"uv": {
								"north": {"uv": [30, 54], "uv_size": [6, 13]},
								"east": {"uv": [102, 4], "uv_size": [1, 13]},
								"south": {"uv": [36, 54], "uv_size": [6, 13]},
								"west": {"uv": [6, 102], "uv_size": [1, 13]},
								"up": {"uv": [10, 44], "uv_size": [6, 1]}
							}
						},
						{
							"origin": [-3, 14, -3],
							"size": [6, 13, 1],
							"uv": {
								"north": {"uv": [42, 54], "uv_size": [6, 13]},
								"east": {"uv": [7, 102], "uv_size": [1, 13]},
								"south": {"uv": [48, 54], "uv_size": [6, 13]},
								"west": {"uv": [8, 102], "uv_size": [1, 13]},
								"up": {"uv": [10, 45], "uv_size": [6, 1]}
							}
						},
						{
							"origin": [-5, 0, -5],
							"size": [10, 4, 10],
							"uv": {
								"north": {"uv": [90, 66], "uv_size": [10, 4]},
								"east": {"uv": [90, 70], "uv_size": [10, 4]},
								"south": {"uv": [90, 74], "uv_size": [10, 4]},
								"west": {"uv": [90, 78], "uv_size": [10, 4]},
								"up": {"uv": [32, 34], "uv_size": [10, 10]},
								"down": {"uv": [16, 46], "uv_size": [10, -10]}
							}
						}
					]
				},
				{
					"name": "group2",
					"pivot": [0, -3, 0],
					"cubes": [
						{
							"origin": [-2, 1, -2],
							"size": [4, 10, 4],
							"uv": {
								"east": {"uv": [82, 90], "uv_size": [4, 10]},
								"west": {"uv": [90, 82], "uv_size": [4, 10]}
							}
						},
						{
							"origin": [-2, 11, -2],
							"size": [4, 13, 4],
							"uv": {
								"east": {"uv": [70, 88], "uv_size": [4, 13]},
								"west": {"uv": [74, 88], "uv_size": [4, 13]},
								"up": {"uv": [26, 40], "uv_size": [4, 4]}
							}
						},
						{
							"origin": [-3, 1, -3],
							"size": [6, 10, 1],
							"uv": {
								"north": {"uv": [18, 77], "uv_size": [6, 10]},
								"east": {"uv": [39, 103], "uv_size": [1, 10]},
								"south": {"uv": [78, 39], "uv_size": [6, 10]},
								"west": {"uv": [40, 103], "uv_size": [1, 10]}
							}
						},
						{
							"origin": [-3, 1, 2],
							"size": [6, 10, 1],
							"uv": {
								"north": {"uv": [78, 49], "uv_size": [6, 10]},
								"east": {"uv": [41, 103], "uv_size": [1, 10]},
								"south": {"uv": [78, 59], "uv_size": [6, 10]},
								"west": {"uv": [42, 103], "uv_size": [1, 10]}
							}
						},
						{
							"origin": [-3, 11, 2],
							"size": [6, 13, 1],
							"uv": {
								"north": {"uv": [54, 54], "uv_size": [6, 13]},
								"east": {"uv": [9, 102], "uv_size": [1, 13]},
								"south": {"uv": [10, 56], "uv_size": [6, 13]},
								"west": {"uv": [58, 102], "uv_size": [1, 13]},
								"up": {"uv": [102, 27], "uv_size": [6, 1]}
							}
						},
						{
							"origin": [-3, 11, -3],
							"size": [6, 13, 1],
							"uv": {
								"north": {"uv": [56, 40], "uv_size": [6, 13]},
								"east": {"uv": [59, 102], "uv_size": [1, 13]},
								"south": {"uv": [60, 53], "uv_size": [6, 13]},
								"west": {"uv": [60, 102], "uv_size": [1, 13]},
								"up": {"uv": [104, 24], "uv_size": [6, 1]}
							}
						},
						{
							"origin": [-5, -3, -5],
							"size": [10, 4, 10],
							"uv": {
								"north": {"uv": [92, 0], "uv_size": [10, 4]},
								"east": {"uv": [92, 4], "uv_size": [10, 4]},
								"south": {"uv": [92, 8], "uv_size": [10, 4]},
								"west": {"uv": [92, 12], "uv_size": [10, 4]},
								"up": {"uv": [42, 34], "uv_size": [10, 10]},
								"down": {"uv": [0, 54], "uv_size": [10, -10]}
							}
						}
					]
				},
				{
					"name": "group3",
					"pivot": [0, -3, 0],
					"cubes": [
						{
							"origin": [-2, -2, -2],
							"size": [4, 10, 4],
							"uv": {
								"east": {"uv": [86, 90], "uv_size": [4, 10]},
								"west": {"uv": [6, 92], "uv_size": [4, 10]}
							}
						},
						{
							"origin": [-2, 8, -2],
							"size": [4, 13, 4],
							"uv": {
								"east": {"uv": [58, 89], "uv_size": [4, 13]},
								"west": {"uv": [78, 89], "uv_size": [4, 13]},
								"up": {"uv": [44, 30], "uv_size": [4, 4]}
							}
						},
						{
							"origin": [-3, -2, -3],
							"size": [6, 10, 1],
							"uv": {
								"north": {"uv": [78, 69], "uv_size": [6, 10]},
								"east": {"uv": [43, 103], "uv_size": [1, 10]},
								"south": {"uv": [72, 78], "uv_size": [6, 10]},
								"west": {"uv": [44, 103], "uv_size": [1, 10]}
							}
						},
						{
							"origin": [-3, -2, 2],
							"size": [6, 10, 1],
							"uv": {
								"north": {"uv": [58, 79], "uv_size": [6, 10]},
								"east": {"uv": [45, 103], "uv_size": [1, 10]},
								"south": {"uv": [78, 79], "uv_size": [6, 10]},
								"west": {"uv": [46, 103], "uv_size": [1, 10]}
							}
						},
						{
							"origin": [-3, 8, 2],
							"size": [6, 13, 1],
							"uv": {
								"north": {"uv": [62, 20], "uv_size": [6, 13]},
								"east": {"uv": [61, 102], "uv_size": [1, 13]},
								"south": {"uv": [62, 33], "uv_size": [6, 13]},
								"west": {"uv": [78, 102], "uv_size": [1, 13]},
								"up": {"uv": [104, 25], "uv_size": [6, 1]}
							}
						},
						{
							"origin": [-3, 8, -3],
							"size": [6, 13, 1],
							"uv": {
								"north": {"uv": [0, 64], "uv_size": [6, 13]},
								"east": {"uv": [79, 102], "uv_size": [1, 13]},
								"south": {"uv": [64, 0], "uv_size": [6, 13]},
								"west": {"uv": [80, 102], "uv_size": [1, 13]},
								"up": {"uv": [104, 26], "uv_size": [6, 1]}
							}
						},
						{
							"origin": [-5, -6, -5],
							"size": [10, 4, 10],
							"uv": {
								"north": {"uv": [92, 16], "uv_size": [10, 4]},
								"east": {"uv": [92, 20], "uv_size": [10, 4]},
								"south": {"uv": [92, 24], "uv_size": [10, 4]},
								"west": {"uv": [90, 92], "uv_size": [10, 4]},
								"up": {"uv": [44, 0], "uv_size": [10, 10]},
								"down": {"uv": [44, 20], "uv_size": [10, -10]}
							}
						}
					]
				},
				{
					"name": "group4",
					"pivot": [0, -3, 0],
					"cubes": [
						{
							"origin": [-2, -5, -2],
							"size": [4, 10, 4],
							"uv": {
								"east": {"uv": [54, 93], "uv_size": [4, 10]},
								"west": {"uv": [94, 28], "uv_size": [4, 10]}
							}
						},
						{
							"origin": [-2, 5, -2],
							"size": [4, 13, 4],
							"uv": {
								"east": {"uv": [22, 90], "uv_size": [4, 13]},
								"west": {"uv": [26, 90], "uv_size": [4, 13]},
								"up": {"uv": [20, 46], "uv_size": [4, 4]}
							}
						},
						{
							"origin": [-3, -5, -3],
							"size": [6, 10, 1],
							"uv": {
								"north": {"uv": [80, 10], "uv_size": [6, 10]},
								"east": {"uv": [47, 103], "uv_size": [1, 10]},
								"south": {"uv": [80, 20], "uv_size": [6, 10]},
								"west": {"uv": [48, 103], "uv_size": [1, 10]}
							}
						},
						{
							"origin": [-3, -5, 2],
							"size": [6, 10, 1],
							"uv": {
								"north": {"uv": [24, 80], "uv_size": [6, 10]},
								"east": {"uv": [49, 103], "uv_size": [1, 10]},
								"south": {"uv": [30, 80], "uv_size": [6, 10]},
								"west": {"uv": [50, 103], "uv_size": [1, 10]}
							}
						},
						{
							"origin": [-3, 5, 2],
							"size": [6, 13, 1],
							"uv": {
								"north": {"uv": [16, 64], "uv_size": [6, 13]},
								"east": {"uv": [81, 102], "uv_size": [1, 13]},
								"south": {"uv": [22, 64], "uv_size": [6, 13]},
								"west": {"uv": [102, 100], "uv_size": [1, 13]},
								"up": {"uv": [104, 48], "uv_size": [6, 1]}
							}
						},
						{
							"origin": [-3, 5, -3],
							"size": [6, 13, 1],
							"uv": {
								"north": {"uv": [66, 46], "uv_size": [6, 13]},
								"east": {"uv": [103, 4], "uv_size": [1, 13]},
								"south": {"uv": [66, 59], "uv_size": [6, 13]},
								"west": {"uv": [22, 103], "uv_size": [1, 13]},
								"up": {"uv": [104, 49], "uv_size": [6, 1]}
							}
						},
						{
							"origin": [-5, -9, -5],
							"size": [10, 4, 10],
							"uv": {
								"north": {"uv": [94, 38], "uv_size": [10, 4]},
								"east": {"uv": [94, 42], "uv_size": [10, 4]},
								"south": {"uv": [94, 46], "uv_size": [10, 4]},
								"west": {"uv": [94, 50], "uv_size": [10, 4]},
								"up": {"uv": [44, 20], "uv_size": [10, 10]},
								"down": {"uv": [26, 54], "uv_size": [10, -10]}
							}
						}
					]
				},
				{
					"name": "group5",
					"pivot": [0, -3, 0],
					"cubes": [
						{
							"origin": [-2, -8, -2],
							"size": [4, 10, 4],
							"uv": {
								"east": {"uv": [94, 54], "uv_size": [4, 10]},
								"west": {"uv": [94, 82], "uv_size": [4, 10]}
							}
						},
						{
							"origin": [-2, 2, -2],
							"size": [4, 13, 4],
							"uv": {
								"east": {"uv": [30, 90], "uv_size": [4, 13]},
								"west": {"uv": [90, 30], "uv_size": [4, 13]},
								"up": {"uv": [48, 30], "uv_size": [4, 4]}
							}
						},
						{
							"origin": [-3, -8, -3],
							"size": [6, 10, 1],
							"uv": {
								"north": {"uv": [36, 80], "uv_size": [6, 10]},
								"east": {"uv": [51, 103], "uv_size": [1, 10]},
								"south": {"uv": [42, 80], "uv_size": [6, 10]},
								"west": {"uv": [52, 103], "uv_size": [1, 10]}
							}
						},
						{
							"origin": [-3, -8, 2],
							"size": [6, 10, 1],
							"uv": {
								"north": {"uv": [48, 80], "uv_size": [6, 10]},
								"east": {"uv": [53, 103], "uv_size": [1, 10]},
								"south": {"uv": [82, 0], "uv_size": [6, 10]},
								"west": {"uv": [54, 103], "uv_size": [1, 10]}
							}
						},
						{
							"origin": [-3, 2, 2],
							"size": [6, 13, 1],
							"uv": {
								"north": {"uv": [60, 66], "uv_size": [6, 13]},
								"east": {"uv": [23, 103], "uv_size": [1, 13]},
								"south": {"uv": [28, 67], "uv_size": [6, 13]},
								"west": {"uv": [24, 103], "uv_size": [1, 13]},
								"up": {"uv": [104, 50], "uv_size": [6, 1]}
							}
						},
						{
							"origin": [-3, 2, -3],
							"size": [6, 13, 1],
							"uv": {
								"north": {"uv": [34, 67], "uv_size": [6, 13]},
								"east": {"uv": [25, 103], "uv_size": [1, 13]},
								"south": {"uv": [40, 67], "uv_size": [6, 13]},
								"west": {"uv": [26, 103], "uv_size": [1, 13]},
								"up": {"uv": [104, 51], "uv_size": [6, 1]}
							}
						},
						{
							"origin": [-5, -12, -5],
							"size": [10, 4, 10],
							"uv": {
								"north": {"uv": [90, 96], "uv_size": [10, 4]},
								"east": {"uv": [98, 28], "uv_size": [10, 4]},
								"south": {"uv": [98, 32], "uv_size": [10, 4]},
								"west": {"uv": [98, 54], "uv_size": [10, 4]},
								"up": {"uv": [36, 44], "uv_size": [10, 10]},
								"down": {"uv": [10, 56], "uv_size": [10, -10]}
							}
						}
					]
				},
				{
					"name": "group6",
					"pivot": [0, -6, 0],
					"cubes": [
						{
							"origin": [-2, -11, -2],
							"size": [4, 10, 4],
							"uv": {
								"east": {"uv": [62, 95], "uv_size": [4, 10]},
								"west": {"uv": [66, 95], "uv_size": [4, 10]}
							}
						},
						{
							"origin": [-2, -1, -2],
							"size": [4, 13, 4],
							"uv": {
								"east": {"uv": [34, 90], "uv_size": [4, 13]},
								"west": {"uv": [38, 90], "uv_size": [4, 13]},
								"up": {"uv": [20, 50], "uv_size": [4, 4]}
							}
						},
						{
							"origin": [-3, -11, -3],
							"size": [6, 10, 1],
							"uv": {
								"north": {"uv": [6, 82], "uv_size": [6, 10]},
								"east": {"uv": [55, 103], "uv_size": [1, 10]},
								"south": {"uv": [84, 30], "uv_size": [6, 10]},
								"west": {"uv": [56, 103], "uv_size": [1, 10]}
							}
						},
						{
							"origin": [-3, -11, 2],
							"size": [6, 10, 1],
							"uv": {
								"north": {"uv": [84, 40], "uv_size": [6, 10]},
								"east": {"uv": [57, 103], "uv_size": [1, 10]},
								"south": {"uv": [84, 50], "uv_size": [6, 10]},
								"west": {"uv": [103, 100], "uv_size": [1, 10]}
							}
						},
						{
							"origin": [-3, -1, 2],
							"size": [6, 13, 1],
							"uv": {
								"north": {"uv": [46, 67], "uv_size": [6, 13]},
								"east": {"uv": [27, 103], "uv_size": [1, 13]},
								"south": {"uv": [52, 67], "uv_size": [6, 13]},
								"west": {"uv": [28, 103], "uv_size": [1, 13]},
								"up": {"uv": [104, 52], "uv_size": [6, 1]}
							}
						},
						{
							"origin": [-3, -1, -3],
							"size": [6, 13, 1],
							"uv": {
								"north": {"uv": [68, 13], "uv_size": [6, 13]},
								"east": {"uv": [29, 103], "uv_size": [1, 13]},
								"south": {"uv": [68, 26], "uv_size": [6, 13]},
								"west": {"uv": [30, 103], "uv_size": [1, 13]},
								"up": {"uv": [104, 53], "uv_size": [6, 1]}
							}
						},
						{
							"origin": [-5, -15, -5],
							"size": [10, 4, 10],
							"uv": {
								"north": {"uv": [98, 58], "uv_size": [10, 4]},
								"east": {"uv": [98, 62], "uv_size": [10, 4]},
								"south": {"uv": [98, 82], "uv_size": [10, 4]},
								"west": {"uv": [98, 86], "uv_size": [10, 4]},
								"up": {"uv": [46, 44], "uv_size": [10, 10]},
								"down": {"uv": [52, 40], "uv_size": [10, -10]}
							}
						}
					]
				},
				{
					"name": "group7",
					"pivot": [0, -6, 0],
					"cubes": [
						{
							"origin": [-2, -14, -2],
							"size": [4, 10, 4],
							"uv": {
								"east": {"uv": [0, 97], "uv_size": [4, 10]},
								"west": {"uv": [10, 97], "uv_size": [4, 10]}
							}
						},
						{
							"origin": [-2, -4, -2],
							"size": [4, 13, 4],
							"uv": {
								"east": {"uv": [42, 90], "uv_size": [4, 13]},
								"west": {"uv": [90, 43], "uv_size": [4, 13]},
								"up": {"uv": [52, 40], "uv_size": [4, 4]}
							}
						},
						{
							"origin": [-3, -14, -3],
							"size": [6, 10, 1],
							"uv": {
								"north": {"uv": [84, 60], "uv_size": [6, 10]},
								"east": {"uv": [104, 4], "uv_size": [1, 10]},
								"south": {"uv": [84, 70], "uv_size": [6, 10]},
								"west": {"uv": [104, 14], "uv_size": [1, 10]}
							}
						},
						{
							"origin": [-3, -14, 2],
							"size": [6, 10, 1],
							"uv": {
								"north": {"uv": [84, 80], "uv_size": [6, 10]},
								"east": {"uv": [104, 38], "uv_size": [1, 10]},
								"south": {"uv": [64, 85], "uv_size": [6, 10]},
								"west": {"uv": [82, 104], "uv_size": [1, 10]}
							}
						},
						{
							"origin": [-3, -4, 2],
							"size": [6, 13, 1],
							"uv": {
								"north": {"uv": [6, 69], "uv_size": [6, 13]},
								"east": {"uv": [31, 103], "uv_size": [1, 13]},
								"south": {"uv": [70, 0], "uv_size": [6, 13]},
								"west": {"uv": [32, 103], "uv_size": [1, 13]},
								"up": {"uv": [87, 104], "uv_size": [6, 1]}
							}
						},
						{
							"origin": [-3, -4, -3],
							"size": [6, 13, 1],
							"uv": {
								"north": {"uv": [72, 39], "uv_size": [6, 13]},
								"east": {"uv": [33, 103], "uv_size": [1, 13]},
								"south": {"uv": [72, 52], "uv_size": [6, 13]},
								"west": {"uv": [34, 103], "uv_size": [1, 13]},
								"up": {"uv": [93, 104], "uv_size": [6, 1]}
							}
						},
						{
							"origin": [-5, -18, -5],
							"size": [10, 4, 10],
							"uv": {
								"north": {"uv": [100, 66], "uv_size": [10, 4]},
								"east": {"uv": [100, 70], "uv_size": [10, 4]},
								"south": {"uv": [100, 74], "uv_size": [10, 4]},
								"west": {"uv": [100, 78], "uv_size": [10, 4]},
								"up": {"uv": [0, 54], "uv_size": [10, 10]},
								"down": {"uv": [54, 10], "uv_size": [10, -10]}
							}
						}
					]
				},
				{
					"name": "group8",
					"pivot": [0, -6, 0],
					"cubes": [
						{
							"origin": [-2, -15, -2],
							"size": [4, 10, 4],
							"uv": {
								"east": {"uv": [14, 97], "uv_size": [4, 10]},
								"west": {"uv": [18, 100], "uv_size": [4, 10]}
							}
						},
						{
							"origin": [-2, -5, -2],
							"size": [4, 13, 4],
							"uv": {
								"east": {"uv": [46, 90], "uv_size": [4, 13]},
								"west": {"uv": [50, 90], "uv_size": [4, 13]},
								"up": {"uv": [16, 56], "uv_size": [4, 4]}
							}
						},
						{
							"origin": [-3, -15, -3],
							"size": [6, 10, 1],
							"uv": {
								"north": {"uv": [86, 10], "uv_size": [6, 10]},
								"east": {"uv": [83, 104], "uv_size": [1, 10]},
								"south": {"uv": [86, 20], "uv_size": [6, 10]},
								"west": {"uv": [84, 104], "uv_size": [1, 10]}
							}
						},
						{
							"origin": [-3, -15, 2],
							"size": [6, 10, 1],
							"uv": {
								"north": {"uv": [0, 87], "uv_size": [6, 10]},
								"east": {"uv": [85, 104], "uv_size": [1, 10]},
								"south": {"uv": [12, 87], "uv_size": [6, 10]},
								"west": {"uv": [86, 104], "uv_size": [1, 10]}
							}
						},
						{
							"origin": [-3, -5, 2],
							"size": [6, 13, 1],
							"uv": {
								"north": {"uv": [72, 65], "uv_size": [6, 13]},
								"east": {"uv": [35, 103], "uv_size": [1, 13]},
								"south": {"uv": [66, 72], "uv_size": [6, 13]},
								"west": {"uv": [36, 103], "uv_size": [1, 13]},
								"up": {"uv": [104, 100], "uv_size": [6, 1]}
							}
						},
						{
							"origin": [-3, -5, -3],
							"size": [6, 13, 1],
							"uv": {
								"north": {"uv": [74, 13], "uv_size": [6, 13]},
								"east": {"uv": [37, 103], "uv_size": [1, 13]},
								"south": {"uv": [74, 26], "uv_size": [6, 13]},
								"west": {"uv": [38, 103], "uv_size": [1, 13]},
								"up": {"uv": [104, 101], "uv_size": [6, 1]}
							}
						},
						{
							"origin": [-5, -19, -5],
							"size": [10, 4, 10],
							"uv": {
								"north": {"uv": [82, 100], "uv_size": [10, 4]},
								"east": {"uv": [100, 90], "uv_size": [10, 4]},
								"south": {"uv": [92, 100], "uv_size": [10, 4]},
								"west": {"uv": [100, 94], "uv_size": [10, 4]},
								"up": {"uv": [54, 10], "uv_size": [10, 10]},
								"down": {"uv": [20, 64], "uv_size": [10, -10]}
							}
						}
					]
				}
			]
		}
	]
}