{
	"format_version": "1.12.0",
	"minecraft:geometry": [
		{
			"description": {
				"identifier": "geometry.mechanical_belt",
				"texture_width": 16,
				"texture_height": 16,
				"visible_bounds_width": 3,
				"visible_bounds_height": 2.5,
				"visible_bounds_offset": [0, 0.75, 0]
			},
			"bones": [
				{
					"name": "show_north",
					"pivot": [0, 0, 0],
					"cubes": [
						{
							"origin": [-7, 12, -8],
							"size": [14, 1, 1],
							"uv": {
								"north": {"uv": [0.5, 0], "uv_size": [7, 0.5]},
								"east": {"uv": [0, 0], "uv_size": [0, 0]},
								"south": {"uv": [0, 0], "uv_size": [14, 1]},
								"west": {"uv": [0, 0], "uv_size": [0, 0]},
								"up": {"uv": [7.5, 0.5], "uv_size": [-7, -0.5]},
								"down": {"uv": [14, 1], "uv_size": [-14, -1]}
							}
						},
						{
							"origin": [-7, 4.01, -7.99],
							"size": [14, 1, 1],
							"uv": {
								"north": {"uv": [0.5, 8], "uv_size": [7, 0.5]},
								"east": {"uv": [0, 0], "uv_size": [0, 0]},
								"south": {"uv": [0, 0], "uv_size": [14, 1]},
								"west": {"uv": [0, 0], "uv_size": [0, 0]},
								"up": {"uv": [7.5, 7], "uv_size": [-7, -1]},
								"down": {"uv": [14, 1], "uv_size": [-14, -1]}
							}
						},
						{
							"origin": [-7.01, 10.99, -7.99],
							"size": [14, 1, 1],
							"uv": {
								"north": {"uv": [0.5, 11.5], "uv_size": [7, 0.5]},
								"east": {"uv": [0, 0], "uv_size": [0, 0]},
								"south": {"uv": [0, 0], "uv_size": [14, 1]},
								"west": {"uv": [1, 1], "uv_size": [0, 0]},
								"up": {"uv": [14, 1], "uv_size": [-14, -1]},
								"down": {"uv": [7.5, 11], "uv_size": [-7, -0.5]}
							}
						},
						{
							"origin": [-7.01, 3, -8],
							"size": [14, 1, 1],
							"uv": {
								"north": {"uv": [0.5, 10.5], "uv_size": [7, 0.5]},
								"east": {"uv": [0, 0], "uv_size": [0, 0]},
								"south": {"uv": [0, 0], "uv_size": [14, 1]},
								"west": {"uv": [0, 0], "uv_size": [0, 0]},
								"up": {"uv": [14, 1], "uv_size": [-14, -1]},
								"down": {"uv": [7.5, 12.5], "uv_size": [-7, -0.5]}
							}
						}
					]
				},
				{
					"name": "show_south",
					"pivot": [0, 0, 0],
					"cubes": [
						{
							"origin": [-7, 12, 7],
							"size": [14, 1, 1],
							"uv": {
								"north": {"uv": [0, 0], "uv_size": [14, 1]},
								"east": {"uv": [0, 0], "uv_size": [0, 0]},
								"south": {"uv": [0.5, 7.5], "uv_size": [7, 0.5]},
								"west": {"uv": [0, 0], "uv_size": [0, 0]},
								"up": {"uv": [7.5, 8], "uv_size": [-7, -0.5]},
								"down": {"uv": [14, 1], "uv_size": [-14, -1]}
							}
						},
						{
							"origin": [-7, 4.01, 6.99],
							"size": [14, 1, 1],
							"uv": {
								"north": {"uv": [0, 0], "uv_size": [14, 1]},
								"east": {"uv": [0, 0], "uv_size": [0, 0]},
								"south": {"uv": [0.5, 11.5], "uv_size": [7, 0.5]},
								"west": {"uv": [0, 0], "uv_size": [0, 0]},
								"up": {"uv": [7.5, 11.5], "uv_size": [-7, -0.5]},
								"down": {"uv": [14, 1], "uv_size": [-14, -1]}
							}
						},
						{
							"origin": [-7.01, 10.99, 6.99],
							"size": [14, 1, 1],
							"uv": {
								"north": {"uv": [0, 0], "uv_size": [14, 1]},
								"east": {"uv": [0, 0], "uv_size": [0, 0]},
								"south": {"uv": [0.5, 8], "uv_size": [7, 0.5]},
								"west": {"uv": [1, 1], "uv_size": [0, 0]},
								"up": {"uv": [14, 1], "uv_size": [-14, -1]},
								"down": {"uv": [7.5, 9], "uv_size": [-7, -0.5]}
							}
						},
						{
							"origin": [-7.01, 3, 7],
							"size": [14, 1, 1],
							"uv": {
								"north": {"uv": [0, 0], "uv_size": [14, 1]},
								"east": {"uv": [0, 0], "uv_size": [0, 0]},
								"south": {"uv": [0.5, 12], "uv_size": [7, 0.5]},
								"west": {"uv": [0, 0], "uv_size": [0, 0]},
								"up": {"uv": [14, 1], "uv_size": [-14, -1]},
								"down": {"uv": [7.5, 12.5], "uv_size": [-7, -0.5]}
							}
						}
					]
				},
				{
					"name": "hide_north",
					"pivot": [0, 0, 0],
					"cubes": [
						{
							"origin": [-7, 4, -8.01],
							"size": [14, 8, 2],
							"uv": {
								"north": {"uv": [0.5, 7.5], "uv_size": [7, -4]},
								"east": {"uv": [1, 4], "uv_size": [-1, -4]},
								"south": {"uv": [0.5, 6], "uv_size": [7, 4]},
								"west": {"uv": [0, 4], "uv_size": [1, -4]},
								"up": {"uv": [7.5, 0.5], "uv_size": [-7, -0.5]},
								"down": {"uv": [7.5, 12.5], "uv_size": [-7, -0.5]}
							}
						}
					]
				},
				{
					"name": "hide_south",
					"pivot": [0, 0, 0],
					"cubes": [
						{
							"origin": [-7, 4, 6.01],
							"size": [14, 8, 2],
							"uv": {
								"north": {"uv": [0.5, 4.5], "uv_size": [7, 4]},
								"east": {"uv": [0, 0], "uv_size": [1, 4]},
								"south": {"uv": [0.5, 8], "uv_size": [7, 4]},
								"west": {"uv": [1, 0], "uv_size": [-1, 4]},
								"up": {"uv": [7.5, 8], "uv_size": [-7, -0.5]},
								"down": {"uv": [7.5, 12.5], "uv_size": [-7, -0.5]}
							}
						}
					]
				},
				{
					"name": "bone",
					"pivot": [0, 0, 0],
					"cubes": [
						{
							"origin": [-7, 11, -7],
							"size": [14, 2, 14],
							"uv": {
								"north": {"uv": [0.5, 0], "uv_size": [7, 0.5]},
								"east": {"uv": [8, 0], "uv_size": [7, 1]},
								"south": {"uv": [0.5, 7.5], "uv_size": [7, 0.5]},
								"west": {"uv": [15, 0], "uv_size": [-7, 1]},
								"up": {"uv": [7.5, 7.5], "uv_size": [-7, -7]},
								"down": {"uv": [7.5, 7], "uv_size": [-7, -7]}
							}
						},
						{
							"origin": [-7, 3, -7],
							"size": [14, 2, 14],
							"uv": {
								"north": {"uv": [0.5, 12], "uv_size": [7, 0.5]},
								"east": {"uv": [15, 1], "uv_size": [-7, -1]},
								"south": {"uv": [0.5, 12], "uv_size": [7, 0.5]},
								"west": {"uv": [8, 1], "uv_size": [7, -1]},
								"up": {"uv": [7.5, 0], "uv_size": [-7, 7]},
								"down": {"uv": [7.5, 12], "uv_size": [-7, -7]}
							}
						}
					]
				}
			]
		}
	]
}