{
	"format_version": "1.12.0",
	"minecraft:geometry": [
		{
			"description": {
				"identifier": "geometry.mechanical_piston",
				"texture_width": 64,
				"texture_height": 64,
				"visible_bounds_width": 32,
				"visible_bounds_height": 14,
				"visible_bounds_offset": [0, 5, 0]
			},
			"bones": [
				{
					"name": "cu",
					"pivot": [0, 8, -8],
					"rotation": [-90, 0, 180],
					"cubes": [
						{
							"origin": [-8, 8, -16],
							"size": [16, 2, 16],
							"uv": {
								"north": {"uv": [32, 30], "uv_size": [16, 2]},
								"east": {"uv": [32, 32], "uv_size": [16, 2]},
								"south": {"uv": [48, 34], "uv_size": [16, 2]},
								"west": {"uv": [32, 34], "uv_size": [16, 2]},
								"up": {"uv": [0, 48], "uv_size": [16, 16]},
								"down": {"uv": [0, 64], "uv_size": [16, -16]}
							}
						},
						{
							"origin": [-6, 10, -15],
							"size": [12, 10, 14],
							"uv": {
								"north": {"uv": [32, 10], "uv_size": [12, 10]},
								"south": {"uv": [32, 20], "uv_size": [12, 10]},
								"up": {"uv": [32, 50], "uv_size": [12, 14]}
							}
						},
						{
							"origin": [6, 10, -16],
							"size": [2, 10, 16],
							"uv": {
								"north": {"uv": [14, 38], "uv_size": [2, 10]},
								"east": {"uv": [0, 38], "uv_size": [16, 10]},
								"south": {"uv": [0, 38], "uv_size": [2, 10]},
								"west": {"uv": [0, 38], "uv_size": [16, 10]},
								"up": {"uv": [16, 48], "uv_size": [2, 16]}
							}
						},
						{
							"origin": [-8, 10, -16],
							"size": [2, 10, 16],
							"uv": {
								"north": {"uv": [16, 38], "uv_size": [-2, 10]},
								"east": {"uv": [0, 38], "uv_size": [16, 10]},
								"south": {"uv": [14, 38], "uv_size": [2, 10]},
								"west": {"uv": [0, 38], "uv_size": [16, 10]},
								"up": {"uv": [18, 48], "uv_size": [-2, 16]}
							}
						},
						{
							"origin": [-2, 19.9, -10],
							"size": [4, 4, 4],
							"uv": {
								"north": {"uv": [28, 10], "uv_size": [4, 4]},
								"east": {"uv": [20, 58], "uv_size": [4, 4]},
								"south": {"uv": [24, 58], "uv_size": [4, 4]},
								"west": {"uv": [20, 58], "uv_size": [4, 4]},
								"up": {"uv": [24, 58], "uv_size": [4, 4]}
							}
						}
					]
				},
				{
					"name": "cu2",
					"parent": "cu",
					"pivot": [0, 16, -8],
					"cubes": [
						{
							"origin": [-8, 20.01, -16],
							"size": [16, 4, 16],
							"uv": {
								"north": {"uv": [44, 16], "uv_size": [16, 4]},
								"east": {"uv": [44, 16], "uv_size": [16, 4]},
								"south": {"uv": [44, 20], "uv_size": [16, -4]},
								"west": {"uv": [44, 16], "uv_size": [16, 4]},
								"up": {"uv": [16, 32], "uv_size": [-16, -16]},
								"down": {"uv": [16, 32], "uv_size": [-16, -16]}
							}
						}
					]
				},
				{
					"name": "bb_main",
					"pivot": [0, 24, 120],
					"rotation": [90, 180, -180],
					"cubes": [
						{
							"origin": [-2, 120, 134],
							"size": [4, 16, 4],
							"uv": {
								"north": {"uv": [16, 16], "uv_size": [4, 16]},
								"east": {"uv": [20, 16], "uv_size": [4, 16]},
								"south": {"uv": [24, 16], "uv_size": [4, 16]},
								"west": {"uv": [28, 16], "uv_size": [4, 16]}
							}
						},
						{
							"origin": [-2, 104, 134],
							"size": [4, 16, 4],
							"uv": {
								"north": {"uv": [16, 16], "uv_size": [4, 16]},
								"east": {"uv": [20, 16], "uv_size": [4, 16]},
								"south": {"uv": [24, 16], "uv_size": [4, 16]},
								"west": {"uv": [28, 16], "uv_size": [4, 16]}
							}
						},
						{
							"origin": [-2, 88, 134],
							"size": [4, 16, 4],
							"uv": {
								"north": {"uv": [16, 16], "uv_size": [4, 16]},
								"east": {"uv": [20, 16], "uv_size": [4, 16]},
								"south": {"uv": [24, 16], "uv_size": [4, 16]},
								"west": {"uv": [28, 16], "uv_size": [4, 16]}
							}
						},
						{
							"origin": [-2, 72, 134],
							"size": [4, 16, 4],
							"uv": {
								"north": {"uv": [16, 16], "uv_size": [4, 16]},
								"east": {"uv": [20, 16], "uv_size": [4, 16]},
								"south": {"uv": [24, 16], "uv_size": [4, 16]},
								"west": {"uv": [28, 16], "uv_size": [4, 16]}
							}
						},
						{
							"origin": [-2, 56, 134],
							"size": [4, 16, 4],
							"uv": {
								"north": {"uv": [16, 16], "uv_size": [4, 16]},
								"east": {"uv": [20, 16], "uv_size": [4, 16]},
								"south": {"uv": [24, 16], "uv_size": [4, 16]},
								"west": {"uv": [28, 16], "uv_size": [4, 16]}
							}
						},
						{
							"origin": [-2, 40, 134],
							"size": [4, 16, 4],
							"uv": {
								"north": {"uv": [16, 16], "uv_size": [4, 16]},
								"east": {"uv": [20, 16], "uv_size": [4, 16]},
								"south": {"uv": [24, 16], "uv_size": [4, 16]},
								"west": {"uv": [28, 16], "uv_size": [4, 16]}
							}
						},
						{
							"origin": [-2, 24, 134],
							"size": [4, 16, 4],
							"uv": {
								"north": {"uv": [16, 16], "uv_size": [4, 16]},
								"east": {"uv": [20, 16], "uv_size": [4, 16]},
								"south": {"uv": [24, 16], "uv_size": [4, 16]},
								"west": {"uv": [28, 16], "uv_size": [4, 16]}
							}
						},
						{
							"origin": [-2, 8, 134],
							"size": [4, 16, 4],
							"uv": {
								"north": {"uv": [16, 16], "uv_size": [4, 16]},
								"east": {"uv": [20, 16], "uv_size": [4, 16]},
								"south": {"uv": [24, 16], "uv_size": [4, 16]},
								"west": {"uv": [28, 16], "uv_size": [4, 16]}
							}
						},
						{
							"origin": [-2, -8, 134],
							"size": [4, 16, 4],
							"uv": {
								"north": {"uv": [16, 16], "uv_size": [4, 16]},
								"east": {"uv": [20, 16], "uv_size": [4, 16]},
								"south": {"uv": [24, 16], "uv_size": [4, 16]},
								"west": {"uv": [28, 16], "uv_size": [4, 16]}
							}
						},
						{
							"origin": [-2, -24, 134],
							"size": [4, 16, 4],
							"uv": {
								"north": {"uv": [16, 16], "uv_size": [4, 16]},
								"east": {"uv": [20, 16], "uv_size": [4, 16]},
								"south": {"uv": [24, 16], "uv_size": [4, 16]},
								"west": {"uv": [28, 16], "uv_size": [4, 16]}
							}
						},
						{
							"origin": [-2, -40, 134],
							"size": [4, 16, 4],
							"uv": {
								"north": {"uv": [16, 16], "uv_size": [4, 16]},
								"east": {"uv": [20, 16], "uv_size": [4, 16]},
								"south": {"uv": [24, 16], "uv_size": [4, 16]},
								"west": {"uv": [28, 16], "uv_size": [4, 16]}
							}
						},
						{
							"origin": [-2, -72, 134],
							"size": [4, 16, 4],
							"uv": {
								"north": {"uv": [16, 16], "uv_size": [4, 16]},
								"east": {"uv": [20, 16], "uv_size": [4, 16]},
								"south": {"uv": [24, 16], "uv_size": [4, 16]},
								"west": {"uv": [28, 16], "uv_size": [4, 16]}
							}
						},
						{
							"origin": [-2, -56, 134],
							"size": [4, 16, 4],
							"uv": {
								"north": {"uv": [16, 16], "uv_size": [4, 16]},
								"east": {"uv": [20, 16], "uv_size": [4, 16]},
								"south": {"uv": [24, 16], "uv_size": [4, 16]},
								"west": {"uv": [28, 16], "uv_size": [4, 16]}
							}
						},
						{
							"origin": [-2, -88, 134],
							"size": [4, 16, 4],
							"uv": {
								"north": {"uv": [16, 16], "uv_size": [4, 16]},
								"east": {"uv": [20, 16], "uv_size": [4, 16]},
								"south": {"uv": [24, 16], "uv_size": [4, 16]},
								"west": {"uv": [28, 16], "uv_size": [4, 16]}
							}
						}
					]
				},
				{
					"name": "bone2",
					"parent": "bb_main",
					"pivot": [0, 96, 96]
				},
				{
					"name": "bone3",
					"parent": "bb_main",
					"pivot": [0, 96, 96]
				},
				{
					"name": "bone4",
					"parent": "bb_main",
					"pivot": [0, 96, 96]
				},
				{
					"name": "bone5",
					"parent": "bb_main",
					"pivot": [0, 128, 96]
				},
				{
					"name": "bone6",
					"parent": "bb_main",
					"pivot": [0, 96, 96]
				},
				{
					"name": "bone7",
					"parent": "bb_main",
					"pivot": [0, 64, 96]
				},
				{
					"name": "bone8",
					"parent": "bb_main",
					"pivot": [0, 128, 96]
				},
				{
					"name": "bone9",
					"parent": "bb_main",
					"pivot": [0, 96, 96]
				},
				{
					"name": "bone10",
					"parent": "bb_main",
					"pivot": [0, 64, 96]
				},
				{
					"name": "bone11",
					"parent": "bb_main",
					"pivot": [0, 128, 96]
				},
				{
					"name": "bone12",
					"parent": "bb_main",
					"pivot": [0, 96, 96]
				},
				{
					"name": "bone13",
					"parent": "bb_main",
					"pivot": [0, 64, 96]
				},
				{
					"name": "bone14",
					"parent": "bb_main",
					"pivot": [0, 112, 96]
				},
				{
					"name": "bone15",
					"parent": "bb_main",
					"pivot": [0, 80, 96]
				},
				{
					"name": "penis",
					"parent": "bb_main",
					"pivot": [0, 164, 136],
					"rotation": [0, 0, -180],
					"cubes": [
						{
							"origin": [-2, 176, 134],
							"size": [4, 16, 4],
							"uv": {
								"north": {"uv": [16, 16], "uv_size": [4, 16]},
								"east": {"uv": [20, 16], "uv_size": [4, 16]},
								"south": {"uv": [24, 16], "uv_size": [4, 16]},
								"west": {"uv": [28, 16], "uv_size": [4, 16]}
							}
						},
						{
							"origin": [-8, 176, 128],
							"size": [16, 4, 16],
							"uv": {
								"north": {"uv": [16, 0], "uv_size": [16, 4]},
								"east": {"uv": [16, 4], "uv_size": [16, 4]},
								"south": {"uv": [16, 8], "uv_size": [16, 4]},
								"west": {"uv": [16, 12], "uv_size": [16, 4]},
								"up": {"uv": [0, 0], "uv_size": [16, 16]},
								"down": {"uv": [0, 32], "uv_size": [16, -16]}
							}
						}
					]
				},
				{
					"name": "bb_main2",
					"pivot": [0, 24, 104],
					"rotation": [90, 180, -180],
					"cubes": [
						{
							"origin": [-2, 120, 118],
							"size": [4, 16, 4],
							"uv": {
								"north": {"uv": [16, 16], "uv_size": [4, 16]},
								"east": {"uv": [20, 16], "uv_size": [4, 16]},
								"south": {"uv": [24, 16], "uv_size": [4, 16]},
								"west": {"uv": [28, 16], "uv_size": [4, 16]}
							}
						},
						{
							"origin": [-2, 104, 118],
							"size": [4, 16, 4],
							"uv": {
								"north": {"uv": [16, 16], "uv_size": [4, 16]},
								"east": {"uv": [20, 16], "uv_size": [4, 16]},
								"south": {"uv": [24, 16], "uv_size": [4, 16]},
								"west": {"uv": [28, 16], "uv_size": [4, 16]}
							}
						},
						{
							"origin": [-2, 88, 118],
							"size": [4, 16, 4],
							"uv": {
								"north": {"uv": [16, 16], "uv_size": [4, 16]},
								"east": {"uv": [20, 16], "uv_size": [4, 16]},
								"south": {"uv": [24, 16], "uv_size": [4, 16]},
								"west": {"uv": [28, 16], "uv_size": [4, 16]}
							}
						},
						{
							"origin": [-2, 72, 118],
							"size": [4, 16, 4],
							"uv": {
								"north": {"uv": [16, 16], "uv_size": [4, 16]},
								"east": {"uv": [20, 16], "uv_size": [4, 16]},
								"south": {"uv": [24, 16], "uv_size": [4, 16]},
								"west": {"uv": [28, 16], "uv_size": [4, 16]}
							}
						},
						{
							"origin": [-2, 56, 118],
							"size": [4, 16, 4],
							"uv": {
								"north": {"uv": [16, 16], "uv_size": [4, 16]},
								"east": {"uv": [20, 16], "uv_size": [4, 16]},
								"south": {"uv": [24, 16], "uv_size": [4, 16]},
								"west": {"uv": [28, 16], "uv_size": [4, 16]}
							}
						},
						{
							"origin": [-2, 40, 118],
							"size": [4, 16, 4],
							"uv": {
								"north": {"uv": [16, 16], "uv_size": [4, 16]},
								"east": {"uv": [20, 16], "uv_size": [4, 16]},
								"south": {"uv": [24, 16], "uv_size": [4, 16]},
								"west": {"uv": [28, 16], "uv_size": [4, 16]}
							}
						},
						{
							"origin": [-2, 24, 118],
							"size": [4, 16, 4],
							"uv": {
								"north": {"uv": [16, 16], "uv_size": [4, 16]},
								"east": {"uv": [20, 16], "uv_size": [4, 16]},
								"south": {"uv": [24, 16], "uv_size": [4, 16]},
								"west": {"uv": [28, 16], "uv_size": [4, 16]}
							}
						},
						{
							"origin": [-2, 8, 118],
							"size": [4, 16, 4],
							"uv": {
								"north": {"uv": [16, 16], "uv_size": [4, 16]},
								"east": {"uv": [20, 16], "uv_size": [4, 16]},
								"south": {"uv": [24, 16], "uv_size": [4, 16]},
								"west": {"uv": [28, 16], "uv_size": [4, 16]}
							}
						},
						{
							"origin": [-2, -24, 118],
							"size": [4, 16, 4],
							"uv": {
								"north": {"uv": [16, 16], "uv_size": [4, 16]},
								"east": {"uv": [20, 16], "uv_size": [4, 16]},
								"south": {"uv": [24, 16], "uv_size": [4, 16]},
								"west": {"uv": [28, 16], "uv_size": [4, 16]}
							}
						},
						{
							"origin": [-2, -8, 118],
							"size": [4, 16, 4],
							"uv": {
								"north": {"uv": [16, 16], "uv_size": [4, 16]},
								"east": {"uv": [20, 16], "uv_size": [4, 16]},
								"south": {"uv": [24, 16], "uv_size": [4, 16]},
								"west": {"uv": [28, 16], "uv_size": [4, 16]}
							}
						},
						{
							"origin": [-2, -40, 118],
							"size": [4, 16, 4],
							"uv": {
								"north": {"uv": [16, 16], "uv_size": [4, 16]},
								"east": {"uv": [20, 16], "uv_size": [4, 16]},
								"south": {"uv": [24, 16], "uv_size": [4, 16]},
								"west": {"uv": [28, 16], "uv_size": [4, 16]}
							}
						},
						{
							"origin": [-2, -56, 118],
							"size": [4, 16, 4],
							"uv": {
								"north": {"uv": [16, 16], "uv_size": [4, 16]},
								"east": {"uv": [20, 16], "uv_size": [4, 16]},
								"south": {"uv": [24, 16], "uv_size": [4, 16]},
								"west": {"uv": [28, 16], "uv_size": [4, 16]}
							}
						},
						{
							"origin": [-2, -72, 118],
							"size": [4, 16, 4],
							"uv": {
								"north": {"uv": [16, 16], "uv_size": [4, 16]},
								"east": {"uv": [20, 16], "uv_size": [4, 16]},
								"south": {"uv": [24, 16], "uv_size": [4, 16]},
								"west": {"uv": [28, 16], "uv_size": [4, 16]}
							}
						}
					]
				},
				{
					"name": "bone16",
					"parent": "bb_main2",
					"pivot": [0, 96, 80]
				},
				{
					"name": "bone17",
					"parent": "bb_main2",
					"pivot": [0, 96, 80]
				},
				{
					"name": "bone18",
					"parent": "bb_main2",
					"pivot": [0, 96, 80]
				},
				{
					"name": "bone19",
					"parent": "bb_main2",
					"pivot": [0, 128, 80]
				},
				{
					"name": "bone20",
					"parent": "bb_main2",
					"pivot": [0, 96, 80]
				},
				{
					"name": "bone21",
					"parent": "bb_main2",
					"pivot": [0, 64, 80]
				},
				{
					"name": "bone22",
					"parent": "bb_main2",
					"pivot": [0, 128, 80]
				},
				{
					"name": "bone23",
					"parent": "bb_main2",
					"pivot": [0, 96, 80]
				},
				{
					"name": "bone25",
					"parent": "bb_main2",
					"pivot": [0, 128, 80]
				},
				{
					"name": "bone24",
					"parent": "bb_main2",
					"pivot": [0, 64, 80]
				},
				{
					"name": "bone26",
					"parent": "bb_main2",
					"pivot": [0, 96, 80]
				},
				{
					"name": "bone27",
					"parent": "bb_main2",
					"pivot": [0, 64, 80]
				},
				{
					"name": "penis2",
					"parent": "bb_main2",
					"pivot": [0, 164, 120],
					"rotation": [0, 0, -180],
					"cubes": [
						{
							"origin": [-8, 176, 112],
							"size": [16, 4, 16],
							"uv": {
								"north": {"uv": [16, 0], "uv_size": [16, 4]},
								"east": {"uv": [16, 4], "uv_size": [16, 4]},
								"south": {"uv": [16, 8], "uv_size": [16, 4]},
								"west": {"uv": [16, 12], "uv_size": [16, 4]},
								"up": {"uv": [0, 0], "uv_size": [16, 16]},
								"down": {"uv": [0, 32], "uv_size": [16, -16]}
							}
						},
						{
							"origin": [-2, 176, 118],
							"size": [4, 16, 4],
							"uv": {
								"north": {"uv": [16, 16], "uv_size": [4, 16]},
								"east": {"uv": [20, 16], "uv_size": [4, 16]},
								"south": {"uv": [24, 16], "uv_size": [4, 16]},
								"west": {"uv": [28, 16], "uv_size": [4, 16]}
							}
						}
					]
				},
				{
					"name": "bone28",
					"parent": "bb_main2",
					"pivot": [0, 112, 80]
				},
				{
					"name": "bb_main3",
					"pivot": [0, 24, 88],
					"rotation": [90, 180, -180],
					"cubes": [
						{
							"origin": [-2, 120, 102],
							"size": [4, 16, 4],
							"uv": {
								"north": {"uv": [16, 16], "uv_size": [4, 16]},
								"east": {"uv": [20, 16], "uv_size": [4, 16]},
								"south": {"uv": [24, 16], "uv_size": [4, 16]},
								"west": {"uv": [28, 16], "uv_size": [4, 16]}
							}
						},
						{
							"origin": [-2, 104, 102],
							"size": [4, 16, 4],
							"uv": {
								"north": {"uv": [16, 16], "uv_size": [4, 16]},
								"east": {"uv": [20, 16], "uv_size": [4, 16]},
								"south": {"uv": [24, 16], "uv_size": [4, 16]},
								"west": {"uv": [28, 16], "uv_size": [4, 16]}
							}
						},
						{
							"origin": [-2, 88, 102],
							"size": [4, 16, 4],
							"uv": {
								"north": {"uv": [16, 16], "uv_size": [4, 16]},
								"east": {"uv": [20, 16], "uv_size": [4, 16]},
								"south": {"uv": [24, 16], "uv_size": [4, 16]},
								"west": {"uv": [28, 16], "uv_size": [4, 16]}
							}
						},
						{
							"origin": [-2, 72, 102],
							"size": [4, 16, 4],
							"uv": {
								"north": {"uv": [16, 16], "uv_size": [4, 16]},
								"east": {"uv": [20, 16], "uv_size": [4, 16]},
								"south": {"uv": [24, 16], "uv_size": [4, 16]},
								"west": {"uv": [28, 16], "uv_size": [4, 16]}
							}
						},
						{
							"origin": [-2, 56, 102],
							"size": [4, 16, 4],
							"uv": {
								"north": {"uv": [16, 16], "uv_size": [4, 16]},
								"east": {"uv": [20, 16], "uv_size": [4, 16]},
								"south": {"uv": [24, 16], "uv_size": [4, 16]},
								"west": {"uv": [28, 16], "uv_size": [4, 16]}
							}
						},
						{
							"origin": [-2, 40, 102],
							"size": [4, 16, 4],
							"uv": {
								"north": {"uv": [16, 16], "uv_size": [4, 16]},
								"east": {"uv": [20, 16], "uv_size": [4, 16]},
								"south": {"uv": [24, 16], "uv_size": [4, 16]},
								"west": {"uv": [28, 16], "uv_size": [4, 16]}
							}
						},
						{
							"origin": [-2, 24, 102],
							"size": [4, 16, 4],
							"uv": {
								"north": {"uv": [16, 16], "uv_size": [4, 16]},
								"east": {"uv": [20, 16], "uv_size": [4, 16]},
								"south": {"uv": [24, 16], "uv_size": [4, 16]},
								"west": {"uv": [28, 16], "uv_size": [4, 16]}
							}
						},
						{
							"origin": [-2, 8, 102],
							"size": [4, 16, 4],
							"uv": {
								"north": {"uv": [16, 16], "uv_size": [4, 16]},
								"east": {"uv": [20, 16], "uv_size": [4, 16]},
								"south": {"uv": [24, 16], "uv_size": [4, 16]},
								"west": {"uv": [28, 16], "uv_size": [4, 16]}
							}
						},
						{
							"origin": [-2, -8, 102],
							"size": [4, 16, 4],
							"uv": {
								"north": {"uv": [16, 16], "uv_size": [4, 16]},
								"east": {"uv": [20, 16], "uv_size": [4, 16]},
								"south": {"uv": [24, 16], "uv_size": [4, 16]},
								"west": {"uv": [28, 16], "uv_size": [4, 16]}
							}
						},
						{
							"origin": [-2, -24, 102],
							"size": [4, 16, 4],
							"uv": {
								"north": {"uv": [16, 16], "uv_size": [4, 16]},
								"east": {"uv": [20, 16], "uv_size": [4, 16]},
								"south": {"uv": [24, 16], "uv_size": [4, 16]},
								"west": {"uv": [28, 16], "uv_size": [4, 16]}
							}
						},
						{
							"origin": [-2, -40, 102],
							"size": [4, 16, 4],
							"uv": {
								"north": {"uv": [16, 16], "uv_size": [4, 16]},
								"east": {"uv": [20, 16], "uv_size": [4, 16]},
								"south": {"uv": [24, 16], "uv_size": [4, 16]},
								"west": {"uv": [28, 16], "uv_size": [4, 16]}
							}
						},
						{
							"origin": [-2, -56, 102],
							"size": [4, 16, 4],
							"uv": {
								"north": {"uv": [16, 16], "uv_size": [4, 16]},
								"east": {"uv": [20, 16], "uv_size": [4, 16]},
								"south": {"uv": [24, 16], "uv_size": [4, 16]},
								"west": {"uv": [28, 16], "uv_size": [4, 16]}
							}
						}
					]
				},
				{
					"name": "bone31",
					"parent": "bb_main3",
					"pivot": [0, 96, 64]
				},
				{
					"name": "bone32",
					"parent": "bb_main3",
					"pivot": [0, 96, 64]
				},
				{
					"name": "bone33",
					"parent": "bb_main3",
					"pivot": [0, 96, 64]
				},
				{
					"name": "bone34",
					"parent": "bb_main3",
					"pivot": [0, 128, 64]
				},
				{
					"name": "bone35",
					"parent": "bb_main3",
					"pivot": [0, 96, 64]
				},
				{
					"name": "bone36",
					"parent": "bb_main3",
					"pivot": [0, 64, 64]
				},
				{
					"name": "bone37",
					"parent": "bb_main3",
					"pivot": [0, 128, 64]
				},
				{
					"name": "bone38",
					"parent": "bb_main3",
					"pivot": [0, 96, 64]
				},
				{
					"name": "bone39",
					"parent": "bb_main3",
					"pivot": [0, 64, 64]
				},
				{
					"name": "bone40",
					"parent": "bb_main3",
					"pivot": [0, 128, 64]
				},
				{
					"name": "bone41",
					"parent": "bb_main3",
					"pivot": [0, 96, 64]
				},
				{
					"name": "bone42",
					"parent": "bb_main3",
					"pivot": [0, 64, 64]
				},
				{
					"name": "penis3",
					"parent": "bb_main3",
					"pivot": [0, 164, 104],
					"rotation": [0, 0, -180],
					"cubes": [
						{
							"origin": [-8, 176, 96],
							"size": [16, 4, 16],
							"uv": {
								"north": {"uv": [16, 0], "uv_size": [16, 4]},
								"east": {"uv": [16, 4], "uv_size": [16, 4]},
								"south": {"uv": [16, 8], "uv_size": [16, 4]},
								"west": {"uv": [16, 12], "uv_size": [16, 4]},
								"up": {"uv": [0, 0], "uv_size": [16, 16]},
								"down": {"uv": [0, 32], "uv_size": [16, -16]}
							}
						},
						{
							"origin": [-2, 176, 102],
							"size": [4, 16, 4],
							"uv": {
								"north": {"uv": [16, 16], "uv_size": [4, 16]},
								"east": {"uv": [20, 16], "uv_size": [4, 16]},
								"south": {"uv": [24, 16], "uv_size": [4, 16]},
								"west": {"uv": [28, 16], "uv_size": [4, 16]}
							}
						}
					]
				},
				{
					"name": "bb_main4",
					"pivot": [0, 24, 72],
					"rotation": [90, 180, -180],
					"cubes": [
						{
							"origin": [-2, 120, 86],
							"size": [4, 16, 4],
							"uv": {
								"north": {"uv": [16, 16], "uv_size": [4, 16]},
								"east": {"uv": [20, 16], "uv_size": [4, 16]},
								"south": {"uv": [24, 16], "uv_size": [4, 16]},
								"west": {"uv": [28, 16], "uv_size": [4, 16]}
							}
						},
						{
							"origin": [-2, 104, 86],
							"size": [4, 16, 4],
							"uv": {
								"north": {"uv": [16, 16], "uv_size": [4, 16]},
								"east": {"uv": [20, 16], "uv_size": [4, 16]},
								"south": {"uv": [24, 16], "uv_size": [4, 16]},
								"west": {"uv": [28, 16], "uv_size": [4, 16]}
							}
						},
						{
							"origin": [-2, 88, 86],
							"size": [4, 16, 4],
							"uv": {
								"north": {"uv": [16, 16], "uv_size": [4, 16]},
								"east": {"uv": [20, 16], "uv_size": [4, 16]},
								"south": {"uv": [24, 16], "uv_size": [4, 16]},
								"west": {"uv": [28, 16], "uv_size": [4, 16]}
							}
						},
						{
							"origin": [-2, 72, 86],
							"size": [4, 16, 4],
							"uv": {
								"north": {"uv": [16, 16], "uv_size": [4, 16]},
								"east": {"uv": [20, 16], "uv_size": [4, 16]},
								"south": {"uv": [24, 16], "uv_size": [4, 16]},
								"west": {"uv": [28, 16], "uv_size": [4, 16]}
							}
						},
						{
							"origin": [-2, 56, 86],
							"size": [4, 16, 4],
							"uv": {
								"north": {"uv": [16, 16], "uv_size": [4, 16]},
								"east": {"uv": [20, 16], "uv_size": [4, 16]},
								"south": {"uv": [24, 16], "uv_size": [4, 16]},
								"west": {"uv": [28, 16], "uv_size": [4, 16]}
							}
						},
						{
							"origin": [-2, 40, 86],
							"size": [4, 16, 4],
							"uv": {
								"north": {"uv": [16, 16], "uv_size": [4, 16]},
								"east": {"uv": [20, 16], "uv_size": [4, 16]},
								"south": {"uv": [24, 16], "uv_size": [4, 16]},
								"west": {"uv": [28, 16], "uv_size": [4, 16]}
							}
						},
						{
							"origin": [-2, 24, 86],
							"size": [4, 16, 4],
							"uv": {
								"north": {"uv": [16, 16], "uv_size": [4, 16]},
								"east": {"uv": [20, 16], "uv_size": [4, 16]},
								"south": {"uv": [24, 16], "uv_size": [4, 16]},
								"west": {"uv": [28, 16], "uv_size": [4, 16]}
							}
						},
						{
							"origin": [-2, 8, 86],
							"size": [4, 16, 4],
							"uv": {
								"north": {"uv": [16, 16], "uv_size": [4, 16]},
								"east": {"uv": [20, 16], "uv_size": [4, 16]},
								"south": {"uv": [24, 16], "uv_size": [4, 16]},
								"west": {"uv": [28, 16], "uv_size": [4, 16]}
							}
						},
						{
							"origin": [-2, -8, 86],
							"size": [4, 16, 4],
							"uv": {
								"north": {"uv": [16, 16], "uv_size": [4, 16]},
								"east": {"uv": [20, 16], "uv_size": [4, 16]},
								"south": {"uv": [24, 16], "uv_size": [4, 16]},
								"west": {"uv": [28, 16], "uv_size": [4, 16]}
							}
						},
						{
							"origin": [-2, -24, 86],
							"size": [4, 16, 4],
							"uv": {
								"north": {"uv": [16, 16], "uv_size": [4, 16]},
								"east": {"uv": [20, 16], "uv_size": [4, 16]},
								"south": {"uv": [24, 16], "uv_size": [4, 16]},
								"west": {"uv": [28, 16], "uv_size": [4, 16]}
							}
						},
						{
							"origin": [-2, -40, 86],
							"size": [4, 16, 4],
							"uv": {
								"north": {"uv": [16, 16], "uv_size": [4, 16]},
								"east": {"uv": [20, 16], "uv_size": [4, 16]},
								"south": {"uv": [24, 16], "uv_size": [4, 16]},
								"west": {"uv": [28, 16], "uv_size": [4, 16]}
							}
						}
					]
				},
				{
					"name": "bone43",
					"parent": "bb_main4",
					"pivot": [0, 96, 48]
				},
				{
					"name": "bone45",
					"parent": "bb_main4",
					"pivot": [0, 96, 48]
				},
				{
					"name": "bone46",
					"parent": "bb_main4",
					"pivot": [0, 96, 48]
				},
				{
					"name": "bone47",
					"parent": "bb_main4",
					"pivot": [0, 128, 48]
				},
				{
					"name": "bone48",
					"parent": "bb_main4",
					"pivot": [0, 96, 48]
				},
				{
					"name": "bone49",
					"parent": "bb_main4",
					"pivot": [0, 64, 48]
				},
				{
					"name": "bone50",
					"parent": "bb_main4",
					"pivot": [0, 128, 48]
				},
				{
					"name": "bone51",
					"parent": "bb_main4",
					"pivot": [0, 96, 48]
				},
				{
					"name": "bone52",
					"parent": "bb_main4",
					"pivot": [0, 64, 48]
				},
				{
					"name": "bone53",
					"parent": "bb_main4",
					"pivot": [0, 128, 48]
				},
				{
					"name": "bone54",
					"parent": "bb_main4",
					"pivot": [0, 96, 48]
				},
				{
					"name": "penis4",
					"parent": "bb_main4",
					"pivot": [0, 164, 88],
					"rotation": [0, 0, -180],
					"cubes": [
						{
							"origin": [-8, 176, 80],
							"size": [16, 4, 16],
							"uv": {
								"north": {"uv": [16, 0], "uv_size": [16, 4]},
								"east": {"uv": [16, 4], "uv_size": [16, 4]},
								"south": {"uv": [16, 8], "uv_size": [16, 4]},
								"west": {"uv": [16, 12], "uv_size": [16, 4]},
								"up": {"uv": [0, 0], "uv_size": [16, 16]},
								"down": {"uv": [0, 32], "uv_size": [16, -16]}
							}
						},
						{
							"origin": [-2, 176, 86],
							"size": [4, 16, 4],
							"uv": {
								"north": {"uv": [16, 16], "uv_size": [4, 16]},
								"east": {"uv": [20, 16], "uv_size": [4, 16]},
								"south": {"uv": [24, 16], "uv_size": [4, 16]},
								"west": {"uv": [28, 16], "uv_size": [4, 16]}
							}
						}
					]
				},
				{
					"name": "bb_main5",
					"pivot": [0, 24, 56],
					"rotation": [90, 180, -180],
					"cubes": [
						{
							"origin": [-2, 120, 70],
							"size": [4, 16, 4],
							"uv": {
								"north": {"uv": [16, 16], "uv_size": [4, 16]},
								"east": {"uv": [20, 16], "uv_size": [4, 16]},
								"south": {"uv": [24, 16], "uv_size": [4, 16]},
								"west": {"uv": [28, 16], "uv_size": [4, 16]}
							}
						},
						{
							"origin": [-2, 104, 70],
							"size": [4, 16, 4],
							"uv": {
								"north": {"uv": [16, 16], "uv_size": [4, 16]},
								"east": {"uv": [20, 16], "uv_size": [4, 16]},
								"south": {"uv": [24, 16], "uv_size": [4, 16]},
								"west": {"uv": [28, 16], "uv_size": [4, 16]}
							}
						},
						{
							"origin": [-2, 88, 70],
							"size": [4, 16, 4],
							"uv": {
								"north": {"uv": [16, 16], "uv_size": [4, 16]},
								"east": {"uv": [20, 16], "uv_size": [4, 16]},
								"south": {"uv": [24, 16], "uv_size": [4, 16]},
								"west": {"uv": [28, 16], "uv_size": [4, 16]}
							}
						},
						{
							"origin": [-2, 72, 70],
							"size": [4, 16, 4],
							"uv": {
								"north": {"uv": [16, 16], "uv_size": [4, 16]},
								"east": {"uv": [20, 16], "uv_size": [4, 16]},
								"south": {"uv": [24, 16], "uv_size": [4, 16]},
								"west": {"uv": [28, 16], "uv_size": [4, 16]}
							}
						},
						{
							"origin": [-2, 56, 70],
							"size": [4, 16, 4],
							"uv": {
								"north": {"uv": [16, 16], "uv_size": [4, 16]},
								"east": {"uv": [20, 16], "uv_size": [4, 16]},
								"south": {"uv": [24, 16], "uv_size": [4, 16]},
								"west": {"uv": [28, 16], "uv_size": [4, 16]}
							}
						},
						{
							"origin": [-2, 40, 70],
							"size": [4, 16, 4],
							"uv": {
								"north": {"uv": [16, 16], "uv_size": [4, 16]},
								"east": {"uv": [20, 16], "uv_size": [4, 16]},
								"south": {"uv": [24, 16], "uv_size": [4, 16]},
								"west": {"uv": [28, 16], "uv_size": [4, 16]}
							}
						},
						{
							"origin": [-2, 24, 70],
							"size": [4, 16, 4],
							"uv": {
								"north": {"uv": [16, 16], "uv_size": [4, 16]},
								"east": {"uv": [20, 16], "uv_size": [4, 16]},
								"south": {"uv": [24, 16], "uv_size": [4, 16]},
								"west": {"uv": [28, 16], "uv_size": [4, 16]}
							}
						},
						{
							"origin": [-2, 8, 70],
							"size": [4, 16, 4],
							"uv": {
								"north": {"uv": [16, 16], "uv_size": [4, 16]},
								"east": {"uv": [20, 16], "uv_size": [4, 16]},
								"south": {"uv": [24, 16], "uv_size": [4, 16]},
								"west": {"uv": [28, 16], "uv_size": [4, 16]}
							}
						},
						{
							"origin": [-2, -8, 70],
							"size": [4, 16, 4],
							"uv": {
								"north": {"uv": [16, 16], "uv_size": [4, 16]},
								"east": {"uv": [20, 16], "uv_size": [4, 16]},
								"south": {"uv": [24, 16], "uv_size": [4, 16]},
								"west": {"uv": [28, 16], "uv_size": [4, 16]}
							}
						},
						{
							"origin": [-2, -24, 70],
							"size": [4, 16, 4],
							"uv": {
								"north": {"uv": [16, 16], "uv_size": [4, 16]},
								"east": {"uv": [20, 16], "uv_size": [4, 16]},
								"south": {"uv": [24, 16], "uv_size": [4, 16]},
								"west": {"uv": [28, 16], "uv_size": [4, 16]}
							}
						}
					]
				},
				{
					"name": "bone55",
					"parent": "bb_main5",
					"pivot": [0, 96, 32]
				},
				{
					"name": "bone57",
					"parent": "bb_main5",
					"pivot": [0, 96, 32]
				},
				{
					"name": "bone58",
					"parent": "bb_main5",
					"pivot": [0, 96, 32]
				},
				{
					"name": "bone59",
					"parent": "bb_main5",
					"pivot": [0, 128, 32]
				},
				{
					"name": "bone60",
					"parent": "bb_main5",
					"pivot": [0, 96, 32]
				},
				{
					"name": "bone61",
					"parent": "bb_main5",
					"pivot": [0, 64, 32]
				},
				{
					"name": "bone62",
					"parent": "bb_main5",
					"pivot": [0, 128, 32]
				},
				{
					"name": "bone63",
					"parent": "bb_main5",
					"pivot": [0, 96, 32]
				},
				{
					"name": "bone64",
					"parent": "bb_main5",
					"pivot": [0, 64, 32]
				},
				{
					"name": "bone65",
					"parent": "bb_main5",
					"pivot": [0, 128, 32]
				},
				{
					"name": "penis5",
					"parent": "bb_main5",
					"pivot": [0, 164, 72],
					"rotation": [0, 0, -180],
					"cubes": [
						{
							"origin": [-8, 176, 64],
							"size": [16, 4, 16],
							"uv": {
								"north": {"uv": [16, 0], "uv_size": [16, 4]},
								"east": {"uv": [16, 4], "uv_size": [16, 4]},
								"south": {"uv": [16, 8], "uv_size": [16, 4]},
								"west": {"uv": [16, 12], "uv_size": [16, 4]},
								"up": {"uv": [0, 0], "uv_size": [16, 16]},
								"down": {"uv": [0, 32], "uv_size": [16, -16]}
							}
						},
						{
							"origin": [-2, 176, 70],
							"size": [4, 16, 4],
							"uv": {
								"north": {"uv": [16, 16], "uv_size": [4, 16]},
								"east": {"uv": [20, 16], "uv_size": [4, 16]},
								"south": {"uv": [24, 16], "uv_size": [4, 16]},
								"west": {"uv": [28, 16], "uv_size": [4, 16]}
							}
						}
					]
				},
				{
					"name": "bb_main6",
					"pivot": [0, 24, 40],
					"rotation": [90, 180, -180],
					"cubes": [
						{
							"origin": [-2, 120, 54],
							"size": [4, 16, 4],
							"uv": {
								"north": {"uv": [16, 16], "uv_size": [4, 16]},
								"east": {"uv": [20, 16], "uv_size": [4, 16]},
								"south": {"uv": [24, 16], "uv_size": [4, 16]},
								"west": {"uv": [28, 16], "uv_size": [4, 16]}
							}
						},
						{
							"origin": [-2, 104, 54],
							"size": [4, 16, 4],
							"uv": {
								"north": {"uv": [16, 16], "uv_size": [4, 16]},
								"east": {"uv": [20, 16], "uv_size": [4, 16]},
								"south": {"uv": [24, 16], "uv_size": [4, 16]},
								"west": {"uv": [28, 16], "uv_size": [4, 16]}
							}
						},
						{
							"origin": [-2, 88, 54],
							"size": [4, 16, 4],
							"uv": {
								"north": {"uv": [16, 16], "uv_size": [4, 16]},
								"east": {"uv": [20, 16], "uv_size": [4, 16]},
								"south": {"uv": [24, 16], "uv_size": [4, 16]},
								"west": {"uv": [28, 16], "uv_size": [4, 16]}
							}
						},
						{
							"origin": [-2, 72, 54],
							"size": [4, 16, 4],
							"uv": {
								"north": {"uv": [16, 16], "uv_size": [4, 16]},
								"east": {"uv": [20, 16], "uv_size": [4, 16]},
								"south": {"uv": [24, 16], "uv_size": [4, 16]},
								"west": {"uv": [28, 16], "uv_size": [4, 16]}
							}
						},
						{
							"origin": [-2, 56, 54],
							"size": [4, 16, 4],
							"uv": {
								"north": {"uv": [16, 16], "uv_size": [4, 16]},
								"east": {"uv": [20, 16], "uv_size": [4, 16]},
								"south": {"uv": [24, 16], "uv_size": [4, 16]},
								"west": {"uv": [28, 16], "uv_size": [4, 16]}
							}
						},
						{
							"origin": [-2, 40, 54],
							"size": [4, 16, 4],
							"uv": {
								"north": {"uv": [16, 16], "uv_size": [4, 16]},
								"east": {"uv": [20, 16], "uv_size": [4, 16]},
								"south": {"uv": [24, 16], "uv_size": [4, 16]},
								"west": {"uv": [28, 16], "uv_size": [4, 16]}
							}
						},
						{
							"origin": [-2, 24, 54],
							"size": [4, 16, 4],
							"uv": {
								"north": {"uv": [16, 16], "uv_size": [4, 16]},
								"east": {"uv": [20, 16], "uv_size": [4, 16]},
								"south": {"uv": [24, 16], "uv_size": [4, 16]},
								"west": {"uv": [28, 16], "uv_size": [4, 16]}
							}
						},
						{
							"origin": [-2, 8, 54],
							"size": [4, 16, 4],
							"uv": {
								"north": {"uv": [16, 16], "uv_size": [4, 16]},
								"east": {"uv": [20, 16], "uv_size": [4, 16]},
								"south": {"uv": [24, 16], "uv_size": [4, 16]},
								"west": {"uv": [28, 16], "uv_size": [4, 16]}
							}
						},
						{
							"origin": [-2, -8, 54],
							"size": [4, 16, 4],
							"uv": {
								"north": {"uv": [16, 16], "uv_size": [4, 16]},
								"east": {"uv": [20, 16], "uv_size": [4, 16]},
								"south": {"uv": [24, 16], "uv_size": [4, 16]},
								"west": {"uv": [28, 16], "uv_size": [4, 16]}
							}
						}
					]
				},
				{
					"name": "bone66",
					"parent": "bb_main6",
					"pivot": [0, 96, 16]
				},
				{
					"name": "bone68",
					"parent": "bb_main6",
					"pivot": [0, 96, 16]
				},
				{
					"name": "bone69",
					"parent": "bb_main6",
					"pivot": [0, 96, 16]
				},
				{
					"name": "bone70",
					"parent": "bb_main6",
					"pivot": [0, 128, 16]
				},
				{
					"name": "bone71",
					"parent": "bb_main6",
					"pivot": [0, 96, 16]
				},
				{
					"name": "bone72",
					"parent": "bb_main6",
					"pivot": [0, 64, 16]
				},
				{
					"name": "bone73",
					"parent": "bb_main6",
					"pivot": [0, 128, 16]
				},
				{
					"name": "bone74",
					"parent": "bb_main6",
					"pivot": [0, 96, 16]
				},
				{
					"name": "bone75",
					"parent": "bb_main6",
					"pivot": [0, 64, 16]
				},
				{
					"name": "penis6",
					"parent": "bb_main6",
					"pivot": [0, 164, 56],
					"rotation": [0, 0, -180],
					"cubes": [
						{
							"origin": [-8, 176, 48],
							"size": [16, 4, 16],
							"uv": {
								"north": {"uv": [16, 0], "uv_size": [16, 4]},
								"east": {"uv": [16, 4], "uv_size": [16, 4]},
								"south": {"uv": [16, 8], "uv_size": [16, 4]},
								"west": {"uv": [16, 12], "uv_size": [16, 4]},
								"up": {"uv": [0, 0], "uv_size": [16, 16]},
								"down": {"uv": [0, 32], "uv_size": [16, -16]}
							}
						},
						{
							"origin": [-2, 176, 54],
							"size": [4, 16, 4],
							"uv": {
								"north": {"uv": [16, 16], "uv_size": [4, 16]},
								"east": {"uv": [20, 16], "uv_size": [4, 16]},
								"south": {"uv": [24, 16], "uv_size": [4, 16]},
								"west": {"uv": [28, 16], "uv_size": [4, 16]}
							}
						}
					]
				},
				{
					"name": "bb_main7",
					"pivot": [0, 24, 24],
					"rotation": [90, 180, -180],
					"cubes": [
						{
							"origin": [-2, 120, 38],
							"size": [4, 16, 4],
							"uv": {
								"north": {"uv": [16, 16], "uv_size": [4, 16]},
								"east": {"uv": [20, 16], "uv_size": [4, 16]},
								"south": {"uv": [24, 16], "uv_size": [4, 16]},
								"west": {"uv": [28, 16], "uv_size": [4, 16]}
							}
						},
						{
							"origin": [-2, 104, 38],
							"size": [4, 16, 4],
							"uv": {
								"north": {"uv": [16, 16], "uv_size": [4, 16]},
								"east": {"uv": [20, 16], "uv_size": [4, 16]},
								"south": {"uv": [24, 16], "uv_size": [4, 16]},
								"west": {"uv": [28, 16], "uv_size": [4, 16]}
							}
						},
						{
							"origin": [-2, 88, 38],
							"size": [4, 16, 4],
							"uv": {
								"north": {"uv": [16, 16], "uv_size": [4, 16]},
								"east": {"uv": [20, 16], "uv_size": [4, 16]},
								"south": {"uv": [24, 16], "uv_size": [4, 16]},
								"west": {"uv": [28, 16], "uv_size": [4, 16]}
							}
						},
						{
							"origin": [-2, 72, 38],
							"size": [4, 16, 4],
							"uv": {
								"north": {"uv": [16, 16], "uv_size": [4, 16]},
								"east": {"uv": [20, 16], "uv_size": [4, 16]},
								"south": {"uv": [24, 16], "uv_size": [4, 16]},
								"west": {"uv": [28, 16], "uv_size": [4, 16]}
							}
						},
						{
							"origin": [-2, 56, 38],
							"size": [4, 16, 4],
							"uv": {
								"north": {"uv": [16, 16], "uv_size": [4, 16]},
								"east": {"uv": [20, 16], "uv_size": [4, 16]},
								"south": {"uv": [24, 16], "uv_size": [4, 16]},
								"west": {"uv": [28, 16], "uv_size": [4, 16]}
							}
						},
						{
							"origin": [-2, 40, 38],
							"size": [4, 16, 4],
							"uv": {
								"north": {"uv": [16, 16], "uv_size": [4, 16]},
								"east": {"uv": [20, 16], "uv_size": [4, 16]},
								"south": {"uv": [24, 16], "uv_size": [4, 16]},
								"west": {"uv": [28, 16], "uv_size": [4, 16]}
							}
						},
						{
							"origin": [-2, 24, 38],
							"size": [4, 16, 4],
							"uv": {
								"north": {"uv": [16, 16], "uv_size": [4, 16]},
								"east": {"uv": [20, 16], "uv_size": [4, 16]},
								"south": {"uv": [24, 16], "uv_size": [4, 16]},
								"west": {"uv": [28, 16], "uv_size": [4, 16]}
							}
						},
						{
							"origin": [-2, 8, 38],
							"size": [4, 16, 4],
							"uv": {
								"north": {"uv": [16, 16], "uv_size": [4, 16]},
								"east": {"uv": [20, 16], "uv_size": [4, 16]},
								"south": {"uv": [24, 16], "uv_size": [4, 16]},
								"west": {"uv": [28, 16], "uv_size": [4, 16]}
							}
						}
					]
				},
				{
					"name": "bone76",
					"parent": "bb_main7",
					"pivot": [0, 96, 0]
				},
				{
					"name": "bone78",
					"parent": "bb_main7",
					"pivot": [0, 96, 0]
				},
				{
					"name": "bone79",
					"parent": "bb_main7",
					"pivot": [0, 96, 0]
				},
				{
					"name": "bone80",
					"parent": "bb_main7",
					"pivot": [0, 128, 0]
				},
				{
					"name": "bone81",
					"parent": "bb_main7",
					"pivot": [0, 96, 0]
				},
				{
					"name": "bone82",
					"parent": "bb_main7",
					"pivot": [0, 64, 0]
				},
				{
					"name": "bone83",
					"parent": "bb_main7",
					"pivot": [0, 128, 0]
				},
				{
					"name": "bone84",
					"parent": "bb_main7",
					"pivot": [0, 96, 0]
				},
				{
					"name": "penis7",
					"parent": "bb_main7",
					"pivot": [0, 164, 40],
					"rotation": [0, 0, -180],
					"cubes": [
						{
							"origin": [-8, 176, 32],
							"size": [16, 4, 16],
							"uv": {
								"north": {"uv": [16, 0], "uv_size": [16, 4]},
								"east": {"uv": [16, 4], "uv_size": [16, 4]},
								"south": {"uv": [16, 8], "uv_size": [16, 4]},
								"west": {"uv": [16, 12], "uv_size": [16, 4]},
								"up": {"uv": [0, 0], "uv_size": [16, 16]},
								"down": {"uv": [0, 32], "uv_size": [16, -16]}
							}
						},
						{
							"origin": [-2, 176, 38],
							"size": [4, 16, 4],
							"uv": {
								"north": {"uv": [16, 16], "uv_size": [4, 16]},
								"east": {"uv": [20, 16], "uv_size": [4, 16]},
								"south": {"uv": [24, 16], "uv_size": [4, 16]},
								"west": {"uv": [28, 16], "uv_size": [4, 16]}
							}
						}
					]
				},
				{
					"name": "bb_main8",
					"pivot": [0, 24, 8],
					"rotation": [90, 180, -180],
					"cubes": [
						{
							"origin": [-2, 120, 22],
							"size": [4, 16, 4],
							"uv": {
								"north": {"uv": [16, 16], "uv_size": [4, 16]},
								"east": {"uv": [20, 16], "uv_size": [4, 16]},
								"south": {"uv": [24, 16], "uv_size": [4, 16]},
								"west": {"uv": [28, 16], "uv_size": [4, 16]}
							}
						},
						{
							"origin": [-2, 104, 22],
							"size": [4, 16, 4],
							"uv": {
								"north": {"uv": [16, 16], "uv_size": [4, 16]},
								"east": {"uv": [20, 16], "uv_size": [4, 16]},
								"south": {"uv": [24, 16], "uv_size": [4, 16]},
								"west": {"uv": [28, 16], "uv_size": [4, 16]}
							}
						},
						{
							"origin": [-2, 88, 22],
							"size": [4, 16, 4],
							"uv": {
								"north": {"uv": [16, 16], "uv_size": [4, 16]},
								"east": {"uv": [20, 16], "uv_size": [4, 16]},
								"south": {"uv": [24, 16], "uv_size": [4, 16]},
								"west": {"uv": [28, 16], "uv_size": [4, 16]}
							}
						},
						{
							"origin": [-2, 72, 22],
							"size": [4, 16, 4],
							"uv": {
								"north": {"uv": [16, 16], "uv_size": [4, 16]},
								"east": {"uv": [20, 16], "uv_size": [4, 16]},
								"south": {"uv": [24, 16], "uv_size": [4, 16]},
								"west": {"uv": [28, 16], "uv_size": [4, 16]}
							}
						},
						{
							"origin": [-2, 56, 22],
							"size": [4, 16, 4],
							"uv": {
								"north": {"uv": [16, 16], "uv_size": [4, 16]},
								"east": {"uv": [20, 16], "uv_size": [4, 16]},
								"south": {"uv": [24, 16], "uv_size": [4, 16]},
								"west": {"uv": [28, 16], "uv_size": [4, 16]}
							}
						},
						{
							"origin": [-2, 40, 22],
							"size": [4, 16, 4],
							"uv": {
								"north": {"uv": [16, 16], "uv_size": [4, 16]},
								"east": {"uv": [20, 16], "uv_size": [4, 16]},
								"south": {"uv": [24, 16], "uv_size": [4, 16]},
								"west": {"uv": [28, 16], "uv_size": [4, 16]}
							}
						},
						{
							"origin": [-2, 24, 22],
							"size": [4, 16, 4],
							"uv": {
								"north": {"uv": [16, 16], "uv_size": [4, 16]},
								"east": {"uv": [20, 16], "uv_size": [4, 16]},
								"south": {"uv": [24, 16], "uv_size": [4, 16]},
								"west": {"uv": [28, 16], "uv_size": [4, 16]}
							}
						}
					]
				},
				{
					"name": "bone85",
					"parent": "bb_main8",
					"pivot": [0, 96, -16]
				},
				{
					"name": "bone87",
					"parent": "bb_main8",
					"pivot": [0, 96, -16]
				},
				{
					"name": "bone88",
					"parent": "bb_main8",
					"pivot": [0, 96, -16]
				},
				{
					"name": "bone89",
					"parent": "bb_main8",
					"pivot": [0, 128, -16]
				},
				{
					"name": "bone90",
					"parent": "bb_main8",
					"pivot": [0, 96, -16]
				},
				{
					"name": "bone91",
					"parent": "bb_main8",
					"pivot": [0, 64, -16]
				},
				{
					"name": "bone92",
					"parent": "bb_main8",
					"pivot": [0, 128, -16]
				},
				{
					"name": "penis8",
					"parent": "bb_main8",
					"pivot": [0, 164, 24],
					"rotation": [0, 0, -180],
					"cubes": [
						{
							"origin": [-8, 176, 16],
							"size": [16, 4, 16],
							"uv": {
								"north": {"uv": [16, 0], "uv_size": [16, 4]},
								"east": {"uv": [16, 4], "uv_size": [16, 4]},
								"south": {"uv": [16, 8], "uv_size": [16, 4]},
								"west": {"uv": [16, 12], "uv_size": [16, 4]},
								"up": {"uv": [0, 0], "uv_size": [16, 16]},
								"down": {"uv": [0, 32], "uv_size": [16, -16]}
							}
						},
						{
							"origin": [-2, 176, 22],
							"size": [4, 16, 4],
							"uv": {
								"north": {"uv": [16, 16], "uv_size": [4, 16]},
								"east": {"uv": [20, 16], "uv_size": [4, 16]},
								"south": {"uv": [24, 16], "uv_size": [4, 16]},
								"west": {"uv": [28, 16], "uv_size": [4, 16]}
							}
						}
					]
				},
				{
					"name": "bb_main9",
					"pivot": [0, 24, -8],
					"rotation": [90, 180, -180],
					"cubes": [
						{
							"origin": [-2, 120, 6],
							"size": [4, 16, 4],
							"uv": {
								"north": {"uv": [16, 16], "uv_size": [4, 16]},
								"east": {"uv": [20, 16], "uv_size": [4, 16]},
								"south": {"uv": [24, 16], "uv_size": [4, 16]},
								"west": {"uv": [28, 16], "uv_size": [4, 16]}
							}
						},
						{
							"origin": [-2, 104, 6],
							"size": [4, 16, 4],
							"uv": {
								"north": {"uv": [16, 16], "uv_size": [4, 16]},
								"east": {"uv": [20, 16], "uv_size": [4, 16]},
								"south": {"uv": [24, 16], "uv_size": [4, 16]},
								"west": {"uv": [28, 16], "uv_size": [4, 16]}
							}
						},
						{
							"origin": [-2, 88, 6],
							"size": [4, 16, 4],
							"uv": {
								"north": {"uv": [16, 16], "uv_size": [4, 16]},
								"east": {"uv": [20, 16], "uv_size": [4, 16]},
								"south": {"uv": [24, 16], "uv_size": [4, 16]},
								"west": {"uv": [28, 16], "uv_size": [4, 16]}
							}
						},
						{
							"origin": [-2, 72, 6],
							"size": [4, 16, 4],
							"uv": {
								"north": {"uv": [16, 16], "uv_size": [4, 16]},
								"east": {"uv": [20, 16], "uv_size": [4, 16]},
								"south": {"uv": [24, 16], "uv_size": [4, 16]},
								"west": {"uv": [28, 16], "uv_size": [4, 16]}
							}
						},
						{
							"origin": [-2, 56, 6],
							"size": [4, 16, 4],
							"uv": {
								"north": {"uv": [16, 16], "uv_size": [4, 16]},
								"east": {"uv": [20, 16], "uv_size": [4, 16]},
								"south": {"uv": [24, 16], "uv_size": [4, 16]},
								"west": {"uv": [28, 16], "uv_size": [4, 16]}
							}
						},
						{
							"origin": [-2, 40, 6],
							"size": [4, 16, 4],
							"uv": {
								"north": {"uv": [16, 16], "uv_size": [4, 16]},
								"east": {"uv": [20, 16], "uv_size": [4, 16]},
								"south": {"uv": [24, 16], "uv_size": [4, 16]},
								"west": {"uv": [28, 16], "uv_size": [4, 16]}
							}
						}
					]
				},
				{
					"name": "bone93",
					"parent": "bb_main9",
					"pivot": [0, 96, -32]
				},
				{
					"name": "bone95",
					"parent": "bb_main9",
					"pivot": [0, 96, -32]
				},
				{
					"name": "bone96",
					"parent": "bb_main9",
					"pivot": [0, 96, -32]
				},
				{
					"name": "bone97",
					"parent": "bb_main9",
					"pivot": [0, 128, -32]
				},
				{
					"name": "bone98",
					"parent": "bb_main9",
					"pivot": [0, 96, -32]
				},
				{
					"name": "bone99",
					"parent": "bb_main9",
					"pivot": [0, 64, -32]
				},
				{
					"name": "penis9",
					"parent": "bb_main9",
					"pivot": [0, 164, 8],
					"rotation": [0, 0, -180],
					"cubes": [
						{
							"origin": [-8, 176, 0],
							"size": [16, 4, 16],
							"uv": {
								"north": {"uv": [16, 0], "uv_size": [16, 4]},
								"east": {"uv": [16, 4], "uv_size": [16, 4]},
								"south": {"uv": [16, 8], "uv_size": [16, 4]},
								"west": {"uv": [16, 12], "uv_size": [16, 4]},
								"up": {"uv": [0, 0], "uv_size": [16, 16]},
								"down": {"uv": [0, 32], "uv_size": [16, -16]}
							}
						},
						{
							"origin": [-2, 176, 6],
							"size": [4, 16, 4],
							"uv": {
								"north": {"uv": [16, 16], "uv_size": [4, 16]},
								"east": {"uv": [20, 16], "uv_size": [4, 16]},
								"south": {"uv": [24, 16], "uv_size": [4, 16]},
								"west": {"uv": [28, 16], "uv_size": [4, 16]}
							}
						}
					]
				},
				{
					"name": "bb_main10",
					"pivot": [0, 24, -24],
					"rotation": [90, 180, -180],
					"cubes": [
						{
							"origin": [-2, 120, -10],
							"size": [4, 16, 4],
							"uv": {
								"north": {"uv": [16, 16], "uv_size": [4, 16]},
								"east": {"uv": [20, 16], "uv_size": [4, 16]},
								"south": {"uv": [24, 16], "uv_size": [4, 16]},
								"west": {"uv": [28, 16], "uv_size": [4, 16]}
							}
						},
						{
							"origin": [-2, 104, -10],
							"size": [4, 16, 4],
							"uv": {
								"north": {"uv": [16, 16], "uv_size": [4, 16]},
								"east": {"uv": [20, 16], "uv_size": [4, 16]},
								"south": {"uv": [24, 16], "uv_size": [4, 16]},
								"west": {"uv": [28, 16], "uv_size": [4, 16]}
							}
						},
						{
							"origin": [-2, 88, -10],
							"size": [4, 16, 4],
							"uv": {
								"north": {"uv": [16, 16], "uv_size": [4, 16]},
								"east": {"uv": [20, 16], "uv_size": [4, 16]},
								"south": {"uv": [24, 16], "uv_size": [4, 16]},
								"west": {"uv": [28, 16], "uv_size": [4, 16]}
							}
						},
						{
							"origin": [-2, 72, -10],
							"size": [4, 16, 4],
							"uv": {
								"north": {"uv": [16, 16], "uv_size": [4, 16]},
								"east": {"uv": [20, 16], "uv_size": [4, 16]},
								"south": {"uv": [24, 16], "uv_size": [4, 16]},
								"west": {"uv": [28, 16], "uv_size": [4, 16]}
							}
						},
						{
							"origin": [-2, 56, -10],
							"size": [4, 16, 4],
							"uv": {
								"north": {"uv": [16, 16], "uv_size": [4, 16]},
								"east": {"uv": [20, 16], "uv_size": [4, 16]},
								"south": {"uv": [24, 16], "uv_size": [4, 16]},
								"west": {"uv": [28, 16], "uv_size": [4, 16]}
							}
						}
					]
				},
				{
					"name": "bone100",
					"parent": "bb_main10",
					"pivot": [0, 96, -48]
				},
				{
					"name": "bone102",
					"parent": "bb_main10",
					"pivot": [0, 96, -48]
				},
				{
					"name": "bone103",
					"parent": "bb_main10",
					"pivot": [0, 96, -48]
				},
				{
					"name": "bone104",
					"parent": "bb_main10",
					"pivot": [0, 128, -48]
				},
				{
					"name": "penis10",
					"parent": "bb_main10",
					"pivot": [0, 164, -8],
					"rotation": [0, 0, -180],
					"cubes": [
						{
							"origin": [-8, 176, -16],
							"size": [16, 4, 16],
							"uv": {
								"north": {"uv": [16, 0], "uv_size": [16, 4]},
								"east": {"uv": [16, 4], "uv_size": [16, 4]},
								"south": {"uv": [16, 8], "uv_size": [16, 4]},
								"west": {"uv": [16, 12], "uv_size": [16, 4]},
								"up": {"uv": [0, 0], "uv_size": [16, 16]},
								"down": {"uv": [0, 32], "uv_size": [16, -16]}
							}
						},
						{
							"origin": [-2, 176, -10],
							"size": [4, 16, 4],
							"uv": {
								"north": {"uv": [16, 16], "uv_size": [4, 16]},
								"east": {"uv": [20, 16], "uv_size": [4, 16]},
								"south": {"uv": [24, 16], "uv_size": [4, 16]},
								"west": {"uv": [28, 16], "uv_size": [4, 16]}
							}
						}
					]
				},
				{
					"name": "bone105",
					"parent": "bb_main10",
					"pivot": [0, 96, -48]
				},
				{
					"name": "bb_main11",
					"pivot": [0, 24, -40],
					"rotation": [90, 180, -180],
					"cubes": [
						{
							"origin": [-2, 120, -26],
							"size": [4, 16, 4],
							"uv": {
								"north": {"uv": [16, 16], "uv_size": [4, 16]},
								"east": {"uv": [20, 16], "uv_size": [4, 16]},
								"south": {"uv": [24, 16], "uv_size": [4, 16]},
								"west": {"uv": [28, 16], "uv_size": [4, 16]}
							}
						},
						{
							"origin": [-2, 104, -26],
							"size": [4, 16, 4],
							"uv": {
								"north": {"uv": [16, 16], "uv_size": [4, 16]},
								"east": {"uv": [20, 16], "uv_size": [4, 16]},
								"south": {"uv": [24, 16], "uv_size": [4, 16]},
								"west": {"uv": [28, 16], "uv_size": [4, 16]}
							}
						},
						{
							"origin": [-2, 88, -26],
							"size": [4, 16, 4],
							"uv": {
								"north": {"uv": [16, 16], "uv_size": [4, 16]},
								"east": {"uv": [20, 16], "uv_size": [4, 16]},
								"south": {"uv": [24, 16], "uv_size": [4, 16]},
								"west": {"uv": [28, 16], "uv_size": [4, 16]}
							}
						},
						{
							"origin": [-2, 72, -26],
							"size": [4, 16, 4],
							"uv": {
								"north": {"uv": [16, 16], "uv_size": [4, 16]},
								"east": {"uv": [20, 16], "uv_size": [4, 16]},
								"south": {"uv": [24, 16], "uv_size": [4, 16]},
								"west": {"uv": [28, 16], "uv_size": [4, 16]}
							}
						}
					]
				},
				{
					"name": "bone106",
					"parent": "bb_main11",
					"pivot": [0, 96, -64]
				},
				{
					"name": "bone108",
					"parent": "bb_main11",
					"pivot": [0, 96, -64]
				},
				{
					"name": "bone109",
					"parent": "bb_main11",
					"pivot": [0, 96, -64]
				},
				{
					"name": "bone110",
					"parent": "bb_main11",
					"pivot": [0, 128, -64]
				},
				{
					"name": "penis11",
					"parent": "bb_main11",
					"pivot": [0, 164, -24],
					"rotation": [0, 0, -180],
					"cubes": [
						{
							"origin": [-8, 176, -32],
							"size": [16, 4, 16],
							"uv": {
								"north": {"uv": [16, 0], "uv_size": [16, 4]},
								"east": {"uv": [16, 4], "uv_size": [16, 4]},
								"south": {"uv": [16, 8], "uv_size": [16, 4]},
								"west": {"uv": [16, 12], "uv_size": [16, 4]},
								"up": {"uv": [0, 0], "uv_size": [16, 16]},
								"down": {"uv": [0, 32], "uv_size": [16, -16]}
							}
						},
						{
							"origin": [-2, 176, -26],
							"size": [4, 16, 4],
							"uv": {
								"north": {"uv": [16, 16], "uv_size": [4, 16]},
								"east": {"uv": [20, 16], "uv_size": [4, 16]},
								"south": {"uv": [24, 16], "uv_size": [4, 16]},
								"west": {"uv": [28, 16], "uv_size": [4, 16]}
							}
						}
					]
				},
				{
					"name": "bb_main12",
					"pivot": [0, 24, -56],
					"rotation": [90, 180, -180],
					"cubes": [
						{
							"origin": [-2, 120, -42],
							"size": [4, 16, 4],
							"uv": {
								"north": {"uv": [16, 16], "uv_size": [4, 16]},
								"east": {"uv": [20, 16], "uv_size": [4, 16]},
								"south": {"uv": [24, 16], "uv_size": [4, 16]},
								"west": {"uv": [28, 16], "uv_size": [4, 16]}
							}
						},
						{
							"origin": [-2, 104, -42],
							"size": [4, 16, 4],
							"uv": {
								"north": {"uv": [16, 16], "uv_size": [4, 16]},
								"east": {"uv": [20, 16], "uv_size": [4, 16]},
								"south": {"uv": [24, 16], "uv_size": [4, 16]},
								"west": {"uv": [28, 16], "uv_size": [4, 16]}
							}
						},
						{
							"origin": [-2, 88, -42],
							"size": [4, 16, 4],
							"uv": {
								"north": {"uv": [16, 16], "uv_size": [4, 16]},
								"east": {"uv": [20, 16], "uv_size": [4, 16]},
								"south": {"uv": [24, 16], "uv_size": [4, 16]},
								"west": {"uv": [28, 16], "uv_size": [4, 16]}
							}
						}
					]
				},
				{
					"name": "bone111",
					"parent": "bb_main12",
					"pivot": [0, 96, -80]
				},
				{
					"name": "bone113",
					"parent": "bb_main12",
					"pivot": [0, 96, -80]
				},
				{
					"name": "bone114",
					"parent": "bb_main12",
					"pivot": [0, 96, -80]
				},
				{
					"name": "penis12",
					"parent": "bb_main12",
					"pivot": [0, 164, -40],
					"rotation": [0, 0, -180],
					"cubes": [
						{
							"origin": [-8, 176, -48],
							"size": [16, 4, 16],
							"uv": {
								"north": {"uv": [16, 0], "uv_size": [16, 4]},
								"east": {"uv": [16, 4], "uv_size": [16, 4]},
								"south": {"uv": [16, 8], "uv_size": [16, 4]},
								"west": {"uv": [16, 12], "uv_size": [16, 4]},
								"up": {"uv": [0, 0], "uv_size": [16, 16]},
								"down": {"uv": [0, 32], "uv_size": [16, -16]}
							}
						},
						{
							"origin": [-2, 176, -42],
							"size": [4, 16, 4],
							"uv": {
								"north": {"uv": [16, 16], "uv_size": [4, 16]},
								"east": {"uv": [20, 16], "uv_size": [4, 16]},
								"south": {"uv": [24, 16], "uv_size": [4, 16]},
								"west": {"uv": [28, 16], "uv_size": [4, 16]}
							}
						}
					]
				},
				{
					"name": "bb_main13",
					"pivot": [0, 24, -72],
					"rotation": [90, 180, -180],
					"cubes": [
						{
							"origin": [-2, 120, -58],
							"size": [4, 16, 4],
							"uv": {
								"north": {"uv": [16, 16], "uv_size": [4, 16]},
								"east": {"uv": [20, 16], "uv_size": [4, 16]},
								"south": {"uv": [24, 16], "uv_size": [4, 16]},
								"west": {"uv": [28, 16], "uv_size": [4, 16]}
							}
						},
						{
							"origin": [-2, 104, -58],
							"size": [4, 16, 4],
							"uv": {
								"north": {"uv": [16, 16], "uv_size": [4, 16]},
								"east": {"uv": [20, 16], "uv_size": [4, 16]},
								"south": {"uv": [24, 16], "uv_size": [4, 16]},
								"west": {"uv": [28, 16], "uv_size": [4, 16]}
							}
						}
					]
				},
				{
					"name": "bone115",
					"parent": "bb_main13",
					"pivot": [0, 96, -96]
				},
				{
					"name": "bone117",
					"parent": "bb_main13",
					"pivot": [0, 96, -96]
				},
				{
					"name": "penis13",
					"parent": "bb_main13",
					"pivot": [0, 164, -56],
					"rotation": [0, 0, -180],
					"cubes": [
						{
							"origin": [-8, 176, -64],
							"size": [16, 4, 16],
							"uv": {
								"north": {"uv": [16, 0], "uv_size": [16, 4]},
								"east": {"uv": [16, 4], "uv_size": [16, 4]},
								"south": {"uv": [16, 8], "uv_size": [16, 4]},
								"west": {"uv": [16, 12], "uv_size": [16, 4]},
								"up": {"uv": [0, 0], "uv_size": [16, 16]},
								"down": {"uv": [0, 32], "uv_size": [16, -16]}
							}
						},
						{
							"origin": [-2, 176, -58],
							"size": [4, 16, 4],
							"uv": {
								"north": {"uv": [16, 16], "uv_size": [4, 16]},
								"east": {"uv": [20, 16], "uv_size": [4, 16]},
								"south": {"uv": [24, 16], "uv_size": [4, 16]},
								"west": {"uv": [28, 16], "uv_size": [4, 16]}
							}
						}
					]
				},
				{
					"name": "bb_main14",
					"pivot": [0, 24, -88],
					"rotation": [90, 180, -180],
					"cubes": [
						{
							"origin": [-2, 120, -74],
							"size": [4, 16, 4],
							"uv": {
								"north": {"uv": [16, 16], "uv_size": [4, 16]},
								"east": {"uv": [20, 16], "uv_size": [4, 16]},
								"south": {"uv": [24, 16], "uv_size": [4, 16]},
								"west": {"uv": [28, 16], "uv_size": [4, 16]}
							}
						}
					]
				},
				{
					"name": "bone118",
					"parent": "bb_main14",
					"pivot": [0, 96, -112]
				},
				{
					"name": "penis14",
					"parent": "bb_main14",
					"pivot": [0, 164, -72],
					"rotation": [0, 0, -180],
					"cubes": [
						{
							"origin": [-8, 176, -80],
							"size": [16, 4, 16],
							"uv": {
								"north": {"uv": [16, 0], "uv_size": [16, 4]},
								"east": {"uv": [16, 4], "uv_size": [16, 4]},
								"south": {"uv": [16, 8], "uv_size": [16, 4]},
								"west": {"uv": [16, 12], "uv_size": [16, 4]},
								"up": {"uv": [0, 0], "uv_size": [16, 16]},
								"down": {"uv": [0, 32], "uv_size": [16, -16]}
							}
						},
						{
							"origin": [-2, 176, -74],
							"size": [4, 16, 4],
							"uv": {
								"north": {"uv": [16, 16], "uv_size": [4, 16]},
								"east": {"uv": [20, 16], "uv_size": [4, 16]},
								"south": {"uv": [24, 16], "uv_size": [4, 16]},
								"west": {"uv": [28, 16], "uv_size": [4, 16]}
							}
						}
					]
				},
				{
					"name": "penis15",
					"pivot": [0, 8, 36],
					"rotation": [90, 0, 0],
					"cubes": [
						{
							"origin": [-8, 20, 28],
							"size": [16, 4, 16],
							"uv": {
								"north": {"uv": [16, 0], "uv_size": [16, 4]},
								"east": {"uv": [16, 4], "uv_size": [16, 4]},
								"south": {"uv": [16, 8], "uv_size": [16, 4]},
								"west": {"uv": [16, 12], "uv_size": [16, 4]},
								"up": {"uv": [0, 0], "uv_size": [16, 16]},
								"down": {"uv": [0, 32], "uv_size": [16, -16]}
							}
						},
						{
							"origin": [-2, 20, 34],
							"size": [4, 16, 4],
							"uv": {
								"north": {"uv": [16, 16], "uv_size": [4, 16]},
								"east": {"uv": [20, 16], "uv_size": [4, 16]},
								"south": {"uv": [24, 16], "uv_size": [4, 16]},
								"west": {"uv": [28, 16], "uv_size": [4, 16]}
							}
						}
					]
				}
			]
		}
	]
}