{
	"format_version": "1.12.0",
	"minecraft:geometry": [
		{
			"description": {
				"identifier": "geometry.piston_head",
				"texture_width": 32,
				"texture_height": 32,
				"visible_bounds_width": 31,
				"visible_bounds_height": 2.5,
				"visible_bounds_offset": [0, 0.75, 0]
			},
			"bones": [
				{
					"name": "bb_main",
					"pivot": [0, 24, 24],
					"rotation": [90, 0, -180]
				},
				{
					"name": "bone2",
					"parent": "bb_main",
					"pivot": [0, 0, 0],
					"cubes": [
						{
							"origin": [-2, 24, 38],
							"size": [4, 16, 4],
							"uv": {
								"north": {"uv": [16, 16], "uv_size": [4, 16]},
								"east": {"uv": [20, 16], "uv_size": [4, 16]},
								"south": {"uv": [24, 16], "uv_size": [4, 16]},
								"west": {"uv": [28, 16], "uv_size": [4, 16]}
							}
						}
					]
				},
				{
					"name": "bone3",
					"parent": "bb_main",
					"pivot": [0, 0, 0],
					"cubes": [
						{
							"origin": [-2, 8, 38],
							"size": [4, 16, 4],
							"uv": {
								"north": {"uv": [16, 16], "uv_size": [4, 16]},
								"east": {"uv": [20, 16], "uv_size": [4, 16]},
								"south": {"uv": [24, 16], "uv_size": [4, 16]},
								"west": {"uv": [28, 16], "uv_size": [4, 16]}
							}
						}
					]
				},
				{
					"name": "bone4",
					"parent": "bb_main",
					"pivot": [0, 0, 0],
					"cubes": [
						{
							"origin": [-2, -8, 38],
							"size": [4, 16, 4],
							"uv": {
								"north": {"uv": [16, 16], "uv_size": [4, 16]},
								"east": {"uv": [20, 16], "uv_size": [4, 16]},
								"south": {"uv": [24, 16], "uv_size": [4, 16]},
								"west": {"uv": [28, 16], "uv_size": [4, 16]}
							}
						}
					]
				},
				{
					"name": "bone5",
					"parent": "bb_main",
					"pivot": [0, 32, 0],
					"cubes": [
						{
							"origin": [-2, -24, 38],
							"size": [4, 16, 4],
							"uv": {
								"north": {"uv": [16, 16], "uv_size": [4, 16]},
								"east": {"uv": [20, 16], "uv_size": [4, 16]},
								"south": {"uv": [24, 16], "uv_size": [4, 16]},
								"west": {"uv": [28, 16], "uv_size": [4, 16]}
							}
						}
					]
				},
				{
					"name": "bone6",
					"parent": "bb_main",
					"pivot": [0, 0, 0],
					"cubes": [
						{
							"origin": [-2, -40, 38],
							"size": [4, 16, 4],
							"uv": {
								"north": {"uv": [16, 16], "uv_size": [4, 16]},
								"east": {"uv": [20, 16], "uv_size": [4, 16]},
								"south": {"uv": [24, 16], "uv_size": [4, 16]},
								"west": {"uv": [28, 16], "uv_size": [4, 16]}
							}
						}
					]
				},
				{
					"name": "bone7",
					"parent": "bb_main",
					"pivot": [0, -32, 0],
					"cubes": [
						{
							"origin": [-2, -56, 38],
							"size": [4, 16, 4],
							"uv": {
								"north": {"uv": [16, 16], "uv_size": [4, 16]},
								"east": {"uv": [20, 16], "uv_size": [4, 16]},
								"south": {"uv": [24, 16], "uv_size": [4, 16]},
								"west": {"uv": [28, 16], "uv_size": [4, 16]}
							}
						}
					]
				},
				{
					"name": "bone8",
					"parent": "bb_main",
					"pivot": [0, 32, 0],
					"cubes": [
						{
							"origin": [-2, -72, 38],
							"size": [4, 16, 4],
							"uv": {
								"north": {"uv": [16, 16], "uv_size": [4, 16]},
								"east": {"uv": [20, 16], "uv_size": [4, 16]},
								"south": {"uv": [24, 16], "uv_size": [4, 16]},
								"west": {"uv": [28, 16], "uv_size": [4, 16]}
							}
						}
					]
				},
				{
					"name": "bone9",
					"parent": "bb_main",
					"pivot": [0, 0, 0],
					"cubes": [
						{
							"origin": [-2, -88, 38],
							"size": [4, 16, 4],
							"uv": {
								"north": {"uv": [16, 16], "uv_size": [4, 16]},
								"east": {"uv": [20, 16], "uv_size": [4, 16]},
								"south": {"uv": [24, 16], "uv_size": [4, 16]},
								"west": {"uv": [28, 16], "uv_size": [4, 16]}
							}
						}
					]
				},
				{
					"name": "bone10",
					"parent": "bb_main",
					"pivot": [0, -32, 0],
					"cubes": [
						{
							"origin": [-2, -104, 38],
							"size": [4, 16, 4],
							"uv": {
								"north": {"uv": [16, 16], "uv_size": [4, 16]},
								"east": {"uv": [20, 16], "uv_size": [4, 16]},
								"south": {"uv": [24, 16], "uv_size": [4, 16]},
								"west": {"uv": [28, 16], "uv_size": [4, 16]}
							}
						}
					]
				},
				{
					"name": "bone11",
					"parent": "bb_main",
					"pivot": [0, 32, 0],
					"cubes": [
						{
							"origin": [-2, -120, 38],
							"size": [4, 16, 4],
							"uv": {
								"north": {"uv": [16, 16], "uv_size": [4, 16]},
								"east": {"uv": [20, 16], "uv_size": [4, 16]},
								"south": {"uv": [24, 16], "uv_size": [4, 16]},
								"west": {"uv": [28, 16], "uv_size": [4, 16]}
							}
						}
					]
				},
				{
					"name": "bone12",
					"parent": "bb_main",
					"pivot": [0, 0, 0],
					"cubes": [
						{
							"origin": [-2, -136, 38],
							"size": [4, 16, 4],
							"uv": {
								"north": {"uv": [16, 16], "uv_size": [4, 16]},
								"east": {"uv": [20, 16], "uv_size": [4, 16]},
								"south": {"uv": [24, 16], "uv_size": [4, 16]},
								"west": {"uv": [28, 16], "uv_size": [4, 16]}
							}
						}
					]
				},
				{
					"name": "bone13",
					"parent": "bb_main",
					"pivot": [0, -32, 0],
					"cubes": [
						{
							"origin": [-2, -152, 38],
							"size": [4, 16, 4],
							"uv": {
								"north": {"uv": [16, 16], "uv_size": [4, 16]},
								"east": {"uv": [20, 16], "uv_size": [4, 16]},
								"south": {"uv": [24, 16], "uv_size": [4, 16]},
								"west": {"uv": [28, 16], "uv_size": [4, 16]}
							}
						}
					]
				},
				{
					"name": "bone14",
					"parent": "bb_main",
					"pivot": [0, 16, 0],
					"cubes": [
						{
							"origin": [-2, -168, 38],
							"size": [4, 16, 4],
							"uv": {
								"north": {"uv": [16, 16], "uv_size": [4, 16]},
								"east": {"uv": [20, 16], "uv_size": [4, 16]},
								"south": {"uv": [24, 16], "uv_size": [4, 16]},
								"west": {"uv": [28, 16], "uv_size": [4, 16]}
							}
						}
					]
				},
				{
					"name": "bone15",
					"parent": "bb_main",
					"pivot": [0, -16, 0],
					"cubes": [
						{
							"origin": [-2, -184, 38],
							"size": [4, 16, 4],
							"uv": {
								"north": {"uv": [16, 16], "uv_size": [4, 16]},
								"east": {"uv": [20, 16], "uv_size": [4, 16]},
								"south": {"uv": [24, 16], "uv_size": [4, 16]},
								"west": {"uv": [28, 16], "uv_size": [4, 16]}
							}
						}
					]
				},
				{
					"name": "bone",
					"pivot": [0, 8, 8],
					"rotation": [90, 0, -180],
					"cubes": [
						{
							"origin": [-8, 20, 0],
							"size": [16, 4, 16],
							"uv": {
								"north": {"uv": [16, 0], "uv_size": [16, 4]},
								"east": {"uv": [16, 4], "uv_size": [16, 4]},
								"south": {"uv": [16, 8], "uv_size": [16, 4]},
								"west": {"uv": [16, 12], "uv_size": [16, 4]},
								"up": {"uv": [0, 0], "uv_size": [16, 16]},
								"down": {"uv": [0, 32], "uv_size": [16, -16]}
							}
						},
						{
							"origin": [-2, 8, 6],
							"size": [4, 16, 4],
							"uv": {
								"north": {"uv": [16, 16], "uv_size": [4, 16]},
								"east": {"uv": [20, 16], "uv_size": [4, 16]},
								"south": {"uv": [24, 16], "uv_size": [4, 16]},
								"west": {"uv": [28, 16], "uv_size": [4, 16]}
							}
						}
					]
				}
			]
		}
	]
}