{
	"format_version": "1.12.0",
	"minecraft:geometry": [
		{
			"description": {
				"identifier": "geometry.shaft",
				"texture_width": 128,
				"texture_height": 128,
				"visible_bounds_width": 4,
				"visible_bounds_height": 2.5,
				"visible_bounds_offset": [0, 0.75, 0]
			},
			"bones": [
				{
					"name": "axis1",
					"pivot": [0, 0, 0]
				},
				{
					"name": "bone9",
					"parent": "axis1",
					"pivot": [0, 0, 0],
					"cubes": [
						{"origin": [-2, 6, -8], "size": [4, 4, 16], "uv": [48, 40]}
					]
				},
				{
					"name": "bone7",
					"parent": "axis1",
					"pivot": [0, 8, 0],
					"rotation": [0, 0, -10],
					"cubes": [
						{"origin": [-2, 6, -8], "size": [4, 4, 16], "uv": [48, 20]}
					]
				},
				{
					"name": "bone8",
					"parent": "axis1",
					"pivot": [0, 8, 0],
					"rotation": [0, 0, -20],
					"cubes": [
						{"origin": [-2, 6, -8], "size": [4, 4, 16], "uv": [48, 0]}
					]
				},
				{
					"name": "bone6",
					"parent": "axis1",
					"pivot": [0, 8, 0],
					"rotation": [0, 0, -30],
					"cubes": [
						{"origin": [-2, 6, -8], "size": [4, 4, 16], "uv": [24, 44]}
					]
				},
				{
					"name": "bone5",
					"parent": "axis1",
					"pivot": [0, 8, 0],
					"rotation": [0, 0, -40],
					"cubes": [
						{"origin": [-2, 6, -8], "size": [4, 4, 16], "uv": [0, 40]}
					]
				},
				{
					"name": "bone2",
					"parent": "axis1",
					"pivot": [0, 8, 0],
					"rotation": [0, 0, -50],
					"cubes": [
						{"origin": [-2, 6, -8], "size": [4, 4, 16], "uv": [24, 24]}
					]
				},
				{
					"name": "bone4",
					"parent": "axis1",
					"pivot": [0, 8, 0],
					"rotation": [0, 0, -60],
					"cubes": [
						{"origin": [-2, 6, -8], "size": [4, 4, 16], "uv": [24, 4]}
					]
				},
				{
					"name": "bone3",
					"parent": "axis1",
					"pivot": [0, 8, 0],
					"rotation": [0, 0, -70],
					"cubes": [
						{"origin": [-2, 6, -8], "size": [4, 4, 16], "uv": [0, 20]}
					]
				},
				{
					"name": "bone",
					"parent": "axis1",
					"pivot": [0, 8, 0],
					"rotation": [0, 0, -80],
					"cubes": [
						{"origin": [-2, 6, -8], "size": [4, 4, 16], "uv": [0, 0]}
					]
				},
				{
					"name": "eixo1",
					"pivot": [0, 0, 0],
					"cubes": [
						{"origin": [-2, 6, -24], "size": [4, 4, 16], "uv": [48, 40]}
					]
				},
				{
					"name": "shaft9",
					"pivot": [0, 8, 0],
					"rotation": [0, 0, -80],
					"cubes": [
						{"origin": [-2, 6, 8], "size": [4, 4, 16], "uv": [0, 0]}
					]
				},
				{
					"name": "shaft8",
					"pivot": [0, 8, 0],
					"rotation": [0, 0, -70],
					"cubes": [
						{"origin": [-2, 6, 8], "size": [4, 4, 16], "uv": [0, 20]}
					]
				},
				{
					"name": "shaft7",
					"pivot": [0, 8, 0],
					"rotation": [0, 0, -60],
					"cubes": [
						{"origin": [-2, 6, 8], "size": [4, 4, 16], "uv": [24, 4]}
					]
				},
				{
					"name": "shaft6",
					"pivot": [0, 8, 0],
					"rotation": [0, 0, -50],
					"cubes": [
						{"origin": [-2, 6, 8], "size": [4, 4, 16], "uv": [24, 24]}
					]
				},
				{
					"name": "shaft5",
					"pivot": [0, 8, 0],
					"rotation": [0, 0, -40],
					"cubes": [
						{"origin": [-2, 6, 8], "size": [4, 4, 16], "uv": [0, 40]}
					]
				},
				{
					"name": "shaft4",
					"pivot": [0, 8, 0],
					"rotation": [0, 0, -30],
					"cubes": [
						{"origin": [-2, 6, 8], "size": [4, 4, 16], "uv": [24, 44]}
					]
				},
				{
					"name": "shaft3",
					"pivot": [0, 8, 0],
					"rotation": [0, 0, -20],
					"cubes": [
						{"origin": [-2, 6, 8], "size": [4, 4, 16], "uv": [48, 0]}
					]
				},
				{
					"name": "shaft2",
					"pivot": [0, 8, 0],
					"rotation": [0, 0, -10],
					"cubes": [
						{"origin": [-2, 6, 8], "size": [4, 4, 16], "uv": [48, 20]}
					]
				},
				{
					"name": "shaft1",
					"pivot": [0, 0, 0],
					"cubes": [
						{"origin": [-2, 6, 8], "size": [4, 4, 16], "uv": [48, 40]}
					]
				},
				{
					"name": "eixo9",
					"pivot": [0, 8, 0],
					"rotation": [0, 0, -80],
					"cubes": [
						{"origin": [-2, 6, -24], "size": [4, 4, 16], "uv": [0, 0]}
					]
				},
				{
					"name": "eixo8",
					"pivot": [0, 8, 0],
					"rotation": [0, 0, -70],
					"cubes": [
						{"origin": [-2, 6, -24], "size": [4, 4, 16], "uv": [0, 20]}
					]
				},
				{
					"name": "eixo7",
					"pivot": [0, 8, 0],
					"rotation": [0, 0, -60],
					"cubes": [
						{"origin": [-2, 6, -24], "size": [4, 4, 16], "uv": [24, 4]}
					]
				},
				{
					"name": "eixo6",
					"pivot": [0, 8, 0],
					"rotation": [0, 0, -50],
					"cubes": [
						{"origin": [-2, 6, -24], "size": [4, 4, 16], "uv": [24, 24]}
					]
				},
				{
					"name": "eixo5",
					"pivot": [0, 8, 0],
					"rotation": [0, 0, -40],
					"cubes": [
						{"origin": [-2, 6, -24], "size": [4, 4, 16], "uv": [0, 40]}
					]
				},
				{
					"name": "eixo4",
					"pivot": [0, 8, 0],
					"rotation": [0, 0, -30],
					"cubes": [
						{"origin": [-2, 6, -24], "size": [4, 4, 16], "uv": [24, 44]}
					]
				},
				{
					"name": "eixo3",
					"pivot": [0, 8, 0],
					"rotation": [0, 0, -20],
					"cubes": [
						{"origin": [-2, 6, -24], "size": [4, 4, 16], "uv": [48, 0]}
					]
				},
				{
					"name": "eixo2",
					"pivot": [0, 8, 0],
					"rotation": [0, 0, -10],
					"cubes": [
						{"origin": [-2, 6, -24], "size": [4, 4, 16], "uv": [48, 20]}
					]
				}
			]
		}
	]
}