{
	"format_version": "1.12.0",
	"minecraft:geometry": [
		{
			"description": {
				"identifier": "geometry.speedometer",
				"texture_width": 64,
				"texture_height": 64,
				"visible_bounds_width": 3,
				"visible_bounds_height": 2.5,
				"visible_bounds_offset": [0, 0.75, 0]
			},
			"bones": [
				{
					"name": "Gauge",
					"pivot": [0, 8, 0],
					"rotation": [0, 180, 0],
					"cubes": [
						{
							"origin": [-6, 2, -7],
							"size": [12, 12, 14],
							"pivot": [0, 0, 0],
							"rotation": [0, -90, 0],
							"uv": {
								"north": {"uv": [12, 28], "uv_size": [12, 12]},
								"east": {"uv": [0, 16], "uv_size": [14, 12]},
								"south": {"uv": [28, 14], "uv_size": [12, 12]},
								"west": {"uv": [14, 16], "uv_size": [14, 12]},
								"up": {"uv": [0, 28], "uv_size": [12, 14]},
								"down": {"uv": [28, 14], "uv_size": [12, -14]}
							}
						},
						{
							"origin": [-7, 0, -8],
							"size": [14, 2, 16],
							"pivot": [0, 0, 0],
							"rotation": [0, -90, 0],
							"uv": {
								"north": {"uv": [40, 4], "uv_size": [14, 2]},
								"east": {"uv": [40, 0], "uv_size": [16, 2]},
								"south": {"uv": [40, 6], "uv_size": [14, 2]},
								"west": {"uv": [40, 2], "uv_size": [16, 2]},
								"up": {"uv": [0, 0], "uv_size": [14, 16]},
								"down": {"uv": [14, 16], "uv_size": [14, -16]}
							}
						},
						{
							"origin": [-8.075, 4, -4],
							"size": [0, 8, 8],
							"pivot": [0, 0, 0],
							"rotation": [0, -90, 0],
							"uv": {
								"east": {"uv": [24, 38], "uv_size": [8, 8]}
							}
						},
						{
							"origin": [-8.5, 5.2, -2.8],
							"size": [1, 1.1, 1.1],
							"pivot": [0, 0, 0],
							"rotation": [0, -90, 0],
							"uv": {
								"north": {"uv": [33, 26], "uv_size": [1, 1]},
								"east": {"uv": [33, 27], "uv_size": [1, 1]},
								"south": {"uv": [40, 23], "uv_size": [1, 1]},
								"west": {"uv": [40, 24], "uv_size": [1, 1]},
								"up": {"uv": [40, 25], "uv_size": [1, 1]},
								"down": {"uv": [41, 24], "uv_size": [1, -1]}
							}
						},
						{
							"origin": [-8, 3, -5],
							"size": [2, 10, 10],
							"pivot": [0, 0, 0],
							"rotation": [0, -90, 0],
							"uv": {
								"north": {"uv": [32, 38], "uv_size": [2, 10]},
								"east": {"uv": [24, 28], "uv_size": [10, 10]},
								"south": {"uv": [40, 8], "uv_size": [2, 10]},
								"west": {"uv": [34, 26], "uv_size": [10, 10]},
								"up": {"uv": [12, 40], "uv_size": [2, 10]},
								"down": {"uv": [14, 50], "uv_size": [2, -10]}
							}
						},
						{
							"origin": [-7.5, 2.9, -5.1],
							"size": [1, 10.2, 10.2],
							"pivot": [0, 0, 0],
							"rotation": [0, -90, 0],
							"uv": {
								"north": {"uv": [16, 40], "uv_size": [1, 10]},
								"south": {"uv": [17, 40], "uv_size": [1, 10]},
								"west": {"uv": [34, 36], "uv_size": [10, 10]},
								"up": {"uv": [18, 40], "uv_size": [1, 10]},
								"down": {"uv": [19, 50], "uv_size": [1, -10]}
							}
						}
					]
				},
				{
					"name": "group2",
					"pivot": [1.2, 7, 3],
					"rotation": [-45, 90, 0],
					"cubes": [
						{
							"origin": [-4.25, 3.71396, 0.69975],
							"size": [0.7, 5, 1],
							"uv": {
								"north": {"uv": [40, 18], "uv_size": [1, 5]},
								"east": {"uv": [20, 40], "uv_size": [1, 5]},
								"south": {"uv": [21, 40], "uv_size": [1, 5]},
								"west": {"uv": [22, 40], "uv_size": [1, 5]},
								"up": {"uv": [41, 24], "uv_size": [1, 1]},
								"down": {"uv": [41, 26], "uv_size": [1, -1]}
							}
						}
					]
				},
				{
					"name": "group",
					"pivot": [0, 8, 0],
					"rotation": [0, 180, 0],
					"cubes": [
						{
							"origin": [-8.45, 5.25, -2.25],
							"size": [0.7, 1, 5],
							"pivot": [0, 0, 0],
							"rotation": [0, -90, 0],
							"uv": {
								"north": {"uv": [0, 42], "uv_size": [1, 1]},
								"east": {"uv": [28, 26], "uv_size": [5, 1]},
								"south": {"uv": [1, 42], "uv_size": [1, 1]},
								"west": {"uv": [28, 27], "uv_size": [5, 1]},
								"up": {"uv": [23, 40], "uv_size": [1, 5]},
								"down": {"uv": [41, 23], "uv_size": [1, -5]}
							}
						}
					]
				}
			]
		}
	]
}