{
	"format_version": "1.12.0",
	"minecraft:geometry": [
		{
			"description": {
				"identifier": "geometry.transmitter",
				"texture_width": 32,
				"texture_height": 32,
				"visible_bounds_width": 2,
				"visible_bounds_height": 2.5,
				"visible_bounds_offset": [0, 0.75, 0]
			},
			"bones": [
				{
					"name": "bone",
					"pivot": [0, 0, 0],
					"cubes": [
						{
							"origin": [-6, 0, -6],
							"size": [12, 3, 12],
							"uv": {
								"north": {"uv": [12, 0], "uv_size": [12, 3]},
								"east": {"uv": [12, 3], "uv_size": [12, 3]},
								"south": {"uv": [12, 6], "uv_size": [12, 3]},
								"west": {"uv": [12, 9], "uv_size": [12, 3]},
								"up": {"uv": [0, 0], "uv_size": [12, 12]},
								"down": {"uv": [0, 24], "uv_size": [12, -12]}
							}
						},
						{
							"origin": [5, 1, -4],
							"size": [3, 10, 1],
							"uv": {
								"north": {"uv": [12, 12], "uv_size": [3, 10]},
								"south": {"uv": [15, 12], "uv_size": [3, 10]},
								"down": {"uv": [22, 23], "uv_size": [3, -1]}
							}
						},
						{
							"origin": [6, 1, -5],
							"size": [1, 10, 3],
							"uv": {
								"east": {"uv": [18, 12], "uv_size": [3, 10]},
								"west": {"uv": [21, 12], "uv_size": [3, 10]}
							}
						},
						{
							"origin": [6, 9, -4],
							"size": [1, 1, 1],
							"uv": {
								"up": {"uv": [22, 23], "uv_size": [1, 1]}
							}
						}
					]
				},
				{
					"name": "color",
					"parent": "bone",
					"pivot": [0, 0, 0],
					"cubes": [
						{
							"origin": [-2, 3, -2],
							"size": [4, 1, 4],
							"uv": {
								"north": {"uv": [28, 28], "uv_size": [4, 1]},
								"east": {"uv": [28, 28], "uv_size": [4, 1]},
								"south": {"uv": [28, 28], "uv_size": [4, 1]},
								"west": {"uv": [28, 28], "uv_size": [4, 1]},
								"up": {"uv": [32, 32], "uv_size": [-4, -4]},
								"down": {"uv": [32, 32], "uv_size": [-4, -4]}
							}
						}
					]
				}
			]
		}
	]
}