{
  "format_version": "1.17.0",
  "minecraft:block": {
    "description": {
      "identifier": "rc:mechanical_belt_ns",
      "properties": {
        "rc:north": [0, 1],
        "rc:south": [0, 1],
        "rc:giro": [0, 1, 2],
        "rc:hide_axis": [0, 1]
      }
    },
    "components": {
      "minecraft:loot": "loot_tables/belt.json",
      "minecraft:part_visibility": {
        "rules": {
          "show_north": "query.block_property('rc:north') == 1",
          "hide_north": "query.block_property('rc:north') == 0",
          "show_south": "query.block_property('rc:south') == 1",
          "hide_south": "query.block_property('rc:south') == 0",
          "axis": "query.block_property('rc:hide_axis') == 0"
        }
      },
      "minecraft:pick_collision": {
        "origin": [ -8, 3, -8],
        "size": [ 16, 10, 16 ]
    },
    "minecraft:entity_collision": {
        "origin": [ -8, 3, -8],
        "size": [ 16, 10, 16 ]
    },
      "minecraft:material_instances": {
        "*": {
          "texture": "belt_standby",
          "render_method": "alpha_test"
        }
      },
      "minecraft:geometry": "geometry.mechanical_belt",
      "minecraft:block_light_absorption": 0,
      "minecraft:destroy_time": 1,
      "minecraft:ticking": {
        "looping": true,
        "range": [0, 0],
        "on_tick": {
          "event": "conexao"
        }
      },
        "minecraft:random_ticking": {
          "on_tick": {
            "event": "reset",
            "target": "self"
          }
        },
      "minecraft:on_player_placing": {
        "event": "reset",
        "target": "self"
      },
      "minecraft:on_player_destroyed": {
        "event": "reset",
        "target": "self"
      },
      "tag:belt_ns": {}
    },
    "events": {
"conexao": {
  "sequence": [
    {
      "condition": "!q.block_neighbor_has_any_tag(0,0,-1,'belt_ns_on')",
      "set_block_property": {
        "rc:giro": 0
        }
      },
      {
        "condition": "!q.block_neighbor_has_any_tag(0,0,1,'belt_ns_on')",
        "set_block_property": {
          "rc:giro": 0
          }
        },
    {
      "condition": "!q.block_neighbor_has_any_tag(1,0,0,'we_giro2')",
      "set_block_property": {
        "rc:giro": 0
      }
    },
    {
      "condition": "!q.block_neighbor_has_any_tag(-1,0,0,'we_giro2')",
      "set_block_property": {
        "rc:giro": 0
      }
    },    
    {
      "condition": "!q.block_neighbor_has_any_tag(1,0,0,'we_giro1')",
      "set_block_property": {
        "rc:giro": 0
      }
    },
    {
      "condition": "!q.block_neighbor_has_any_tag(-1,0,0,'we_giro1')",
      "set_block_property": {
        "rc:giro": 0
      }
    },


  {
    "condition": "q.block_neighbor_has_any_tag(1,0,0,'we_giro2')",
    "set_block_property": {
      "rc:giro": 1
    }
  },
  {
    "condition": "q.block_neighbor_has_any_tag(-1,0,0,'we_giro2')",
    "set_block_property": {
      "rc:giro": 1
      }
  },
  {
    "condition": "q.block_neighbor_has_any_tag(1,0,0,'we_giro1')",
    "set_block_property": {
      "rc:giro": 2
    }
  },
  {
    "condition": "q.block_neighbor_has_any_tag(-1,0,0,'we_giro1')",
    "set_block_property": {
      "rc:giro": 2
      }
  },
    {
      "condition": "query.block_property('rc:giro') == 1",
"run_command":{
  "command":[
    "execute as @e at @s[r=1,type=!player] if block ~~~-0.1 rc:mechanical_belt_ns run tp @e[r=1,type=!player] ~~~-0.04"
  ]
}
      },
      {
        "condition": "query.block_property('rc:giro') == 2",
  "run_command":{
    "command":[
      "execute as @e at @s[r=1,type=!player] if block ~~~-0.1 rc:mechanical_belt_ns run tp @e[r=1,type=!player] ~~~0.04"
    ]
  }
        },
      {
        "condition": "query.block_property('rc:north') == 0 && query.block_property('rc:south') == 0",
        "set_block_property": {
          "rc:hide_axis": 0
          }
        },
        {
          "condition": "query.block_property('rc:giro') == 0",
          "set_block_property": {
            "rc:hide_axis": 0
            }
          },
    {
      "condition": "query.block_property('rc:north') == 1 && query.block_property('rc:south') == 1",
      "set_block_property": {
        "rc:hide_axis": 1
        }
      },
      {
        "condition": "!query.block_property('rc:giro') == 0",
        "set_block_property": {
          "rc:hide_axis": 1
          }
        },



    
  {
    "condition": "!q.block_neighbor_has_any_tag(0,0,-1,'belt_ns')",
    "set_block_property": {
      "rc:north": 0
      }
    },
    {
      "condition": "!q.block_neighbor_has_any_tag(0,0,1,'belt_ns')",
      "set_block_property": {
        "rc:south": 0
        }
      },
  {
    "condition": "q.block_neighbor_has_any_tag(0,0,-1,'belt_ns')",
    "set_block_property": {
      "rc:north": 1
      }
    },
    {
      "condition": "q.block_neighbor_has_any_tag(0,0,1,'belt_ns')",
      "set_block_property": {
        "rc:south": 1
      }
    },

    
    {
      "condition": "q.block_neighbor_has_any_tag(0,0,-1,'belt_ns_on')",
      "set_block_property": {
        "rc:giro": 1
        }
      },{
      "condition": "q.block_neighbor_has_any_tag(0,0,-1,'belt_ns_on2')",
      "set_block_property": {
        "rc:giro": 2
        }
      },
      {
        "condition": "q.block_neighbor_has_any_tag(0,0,1,'belt_ns_on')",
        "set_block_property": {
          "rc:giro": 1
        }
      },{
      "condition": "q.block_neighbor_has_any_tag(0,0,1,'belt_ns_on2')",
      "set_block_property": {
        "rc:giro": 2
        }
      }
  ]
},
      "reset": {
"run_command":{
  "command":[
    "function reset"
      ]
    }
  }
},
    "permutations": [
      {
      "condition": "query.block_property('rc:giro') == 1",
      "components": {
        "tag:belt_ns_on":{},
        "tag:we_giro2":{},
        "minecraft:material_instances": {
          "*": {
              "texture": "belt_2",
              "render_method": "alpha_test"
                }
              }
            }
          },{
      "condition": "query.block_property('rc:giro') == 2",
      "components": {
        "tag:belt_ns_on2":{},
        "tag:we_giro1":{},
        "minecraft:material_instances": {
          "*": {
              "texture": "belt_1",
              "render_method": "alpha_test"
                }
              }
            }
          }
    ]
  }
}