{
	"format_version": "1.10.0",
	"particle_effect": {
		"description": {
			"identifier": "rc:number_0",
			"basic_render_parameters": {
				"material": "particles_alpha",
				"texture": "textures/particle/numbers"
			}
		},
		"components": {
			"minecraft:emitter_rate_instant": {
				"num_particles": 1
			},
			"minecraft:emitter_lifetime_once": {
				"active_time": 1
			},
			"minecraft:emitter_shape_point": {
				"offset": [0, 0, 0]
			},
			"minecraft:particle_lifetime_expression": {
				"max_lifetime": 4
			},
			"minecraft:particle_motion_parametric": {
				"rotation": 0
			},
			"minecraft:particle_initial_speed": 0,
			"minecraft:particle_motion_dynamic": {},
			"minecraft:particle_appearance_billboard": {
				"size": [0.1, 0.1],
				"facing_camera_mode": "emitter_transform_xz",
				"uv": {
					"texture_width": 90,
					"texture_height": 9,
					"uv": [0, 0],
					"uv_size": [9, 9]
				}
			}
		}
	}
}