{
    "format_version": "1.17.40",
    "minecraft:block": {
        "description": {
            "identifier": "rc:adjustable_pulse_repeater",
            "properties": {
                "rc:powered": [0, 1],
                "rc:repeater_delay": [1, 2, 3, 4, 5, 6, 7, 8, 9],
                "rc:change": [0, 1, 2],
                "minecraft:direction": {}
            }
        },
        "components": {
            "minecraft:material_instances": {
                "*": {
                    "texture": "unpowered_adjustable_repeater",
                    "render_method": "opaque",
                    "ambient_occlusion": true
                }
            },
            "minecraft:creative_category": {
				"category": "construction",
				"group": "itemGroup.create.redstone_link"
		     	},
            "minecraft:block_light_emission": 0.4,
            "minecraft:pick_collision": {
                "origin": [ -8, 0, -8 ],
                "size": [ 16, 2, 16 ]
            },
            "minecraft:entity_collision": {
                "origin": [ -8, 0, -8 ],
                "size": [ 16, 2, 16 ]
            },
            "minecraft:geometry": "geometry.adjustable_repeater",
            "minecraft:on_interact": {
                "event": "test"
            },
            "minecraft:on_player_placing": {
                "event": "place"
               }
        },
        "events": {
            "place": {
                "set_block_property": {
                   "minecraft:direction": "q.cardinal_facing_2d-2"
                }
             },
            "active": {
                "sequence": [
                {
                    "condition": "q.block_property('rc:repeater_delay') == 1 && q.block_property('rc:change') == 0 && q.block_property('minecraft:direction') == 0",
                    "run_command": {
                        "command": [
                            "execute unless block ~ ~ ~1 redstone_wire 0 if block ~ ~ ~1 redstone_wire run setblock ~~~ rc:powered_adjustable_pulse_repeater_1 [\"direction\": 0]"
                        ]
                    }
                },
                {
                    "condition": "q.block_property('rc:repeater_delay') == 1 && q.block_property('rc:change') == 0 && q.block_property('minecraft:direction') == 1",
                    "run_command": {
                        "command": [
                            "execute unless block ~ ~ ~-1 redstone_wire 0 if block ~ ~ ~-1 redstone_wire run setblock ~~~ rc:powered_adjustable_pulse_repeater_1 [\"direction\": 1]"
                        ]
                    }
                },
                {
                    "condition": "q.block_property('rc:repeater_delay') == 1 && q.block_property('rc:change') == 0 && q.block_property('minecraft:direction') == 2",
                    "run_command": {
                        "command": [
                            "execute unless block ~1 ~ ~ redstone_wire 0 if block ~1 ~ ~ redstone_wire run setblock ~~~ rc:powered_adjustable_pulse_repeater_1 [\"direction\": 2]"
                        ]
                    }
                },
                 {
                    "condition": "q.block_property('rc:repeater_delay') == 1 && q.block_property('rc:change') == 0 && q.block_property('minecraft:direction') == 3",
                    "run_command": {
                        "command": [
                            "execute unless block ~-1 ~ ~ redstone_wire 0 if block ~-1 ~ ~ redstone_wire run setblock ~~~ rc:powered_adjustable_pulse_repeater_1 [\"direction\": 3]"
                        ]
                    }
                },
                {
                    "condition": "q.block_property('rc:repeater_delay') == 2 && q.block_property('rc:change') == 0 && q.block_property('minecraft:direction') == 0",
                    "run_command": {
                        "command": [
                            "execute unless block ~ ~ ~1 redstone_wire 0 if block ~ ~ ~1 redstone_wire run setblock ~~~ rc:powered_adjustable_pulse_repeater_2 [\"direction\": 0]"
                        ]
                    }
                },
                {
                    "condition": "q.block_property('rc:repeater_delay') == 2 && q.block_property('rc:change') == 0 && q.block_property('minecraft:direction') == 1",
                    "run_command": {
                        "command": [
                            "execute unless block ~ ~ ~-1 redstone_wire 0 if block ~ ~ ~-1 redstone_wire run setblock ~~~ rc:powered_adjustable_pulse_repeater_2 [\"direction\": 1]"
                        ]
                    }
                },
                {
                    "condition": "q.block_property('rc:repeater_delay') == 2 && q.block_property('rc:change') == 0 && q.block_property('minecraft:direction') == 2",
                    "run_command": {
                        "command": [
                            "execute unless block ~1 ~ ~ redstone_wire 0 if block ~1 ~ ~ redstone_wire run setblock ~~~ rc:powered_adjustable_pulse_repeater_2 [\"direction\": 2]"
                        ]
                    }
                },
                 {
                    "condition": "q.block_property('rc:repeater_delay') == 2 && q.block_property('rc:change') == 0 && q.block_property('minecraft:direction') == 3",
                    "run_command": {
                        "command": [
                            "execute unless block ~-1 ~ ~ redstone_wire 0 if block ~-1 ~ ~ redstone_wire run setblock ~~~ rc:powered_adjustable_pulse_repeater_2 [\"direction\": 3]"
                        ]
                    }
                },
                {
                    "condition": "q.block_property('rc:repeater_delay') == 3 && q.block_property('rc:change') == 0 && q.block_property('minecraft:direction') == 0",
                    "run_command": {
                        "command": [
                            "execute unless block ~ ~ ~1 redstone_wire 0 if block ~ ~ ~1 redstone_wire run setblock ~~~ rc:powered_adjustable_pulse_repeater_3 [\"direction\": 0]"
                        ]
                    }
                },
                {
                    "condition": "q.block_property('rc:repeater_delay') == 3 && q.block_property('rc:change') == 0 && q.block_property('minecraft:direction') == 1",
                    "run_command": {
                        "command": [
                            "execute unless block ~ ~ ~-1 redstone_wire 0 if block ~ ~ ~-1 redstone_wire run setblock ~~~ rc:powered_adjustable_pulse_repeater_3 [\"direction\": 1]"
                        ]
                    }
                },
                {
                    "condition": "q.block_property('rc:repeater_delay') == 3 && q.block_property('rc:change') == 0 && q.block_property('minecraft:direction') == 2",
                    "run_command": {
                        "command": [
                            "execute unless block ~1 ~ ~ redstone_wire 0 if block ~1 ~ ~ redstone_wire run setblock ~~~ rc:powered_adjustable_pulse_repeater_3 [\"direction\": 2]"
                        ]
                    }
                },
                 {
                    "condition": "q.block_property('rc:repeater_delay') == 3 && q.block_property('rc:change') == 0 && q.block_property('minecraft:direction') == 3",
                    "run_command": {
                        "command": [
                            "execute unless block ~-1 ~ ~ redstone_wire 0 if block ~-1 ~ ~ redstone_wire run setblock ~~~ rc:powered_adjustable_pulse_repeater_3 [\"direction\": 3]"
                        ]
                    }
                },
                {
                    "condition": "q.block_property('rc:repeater_delay') == 4 && q.block_property('rc:change') == 0 && q.block_property('minecraft:direction') == 0",
                    "run_command": {
                        "command": [
                            "execute unless block ~ ~ ~1 redstone_wire 0 if block ~ ~ ~1 redstone_wire run setblock ~~~ rc:powered_adjustable_pulse_repeater_4 [\"direction\": 0]"
                        ]
                    }
                },
                {
                    "condition": "q.block_property('rc:repeater_delay') == 4 && q.block_property('rc:change') == 0 && q.block_property('minecraft:direction') == 1",
                    "run_command": {
                        "command": [
                            "execute unless block ~ ~ ~-1 redstone_wire 0 if block ~ ~ ~-1 redstone_wire run setblock ~~~ rc:powered_adjustable_pulse_repeater_4 [\"direction\": 1]"
                        ]
                    }
                },
                {
                    "condition": "q.block_property('rc:repeater_delay') == 4 && q.block_property('rc:change') == 0 && q.block_property('minecraft:direction') == 2",
                    "run_command": {
                        "command": [
                            "execute unless block ~1 ~ ~ redstone_wire 0 if block ~1 ~ ~ redstone_wire run setblock ~~~ rc:powered_adjustable_pulse_repeater_4 [\"direction\": 2]"
                        ]
                    }
                },
                 {
                    "condition": "q.block_property('rc:repeater_delay') == 4 && q.block_property('rc:change') == 0 && q.block_property('minecraft:direction') == 3",
                    "run_command": {
                        "command": [
                            "execute unless block ~-1 ~ ~ redstone_wire 0 if block ~-1 ~ ~ redstone_wire run setblock ~~~ rc:powered_adjustable_pulse_repeater_4 [\"direction\": 3]"
                        ]
                    }
                },
                {
                    "condition": "q.block_property('rc:repeater_delay') == 5 && q.block_property('rc:change') == 0 && q.block_property('minecraft:direction') == 0",
                    "run_command": {
                        "command": [
                            "execute unless block ~ ~ ~1 redstone_wire 0 if block ~ ~ ~1 redstone_wire run setblock ~~~ rc:powered_adjustable_pulse_repeater_5 [\"direction\": 0]"
                        ]
                    }
                },
                {
                    "condition": "q.block_property('rc:repeater_delay') == 5 && q.block_property('rc:change') == 0 && q.block_property('minecraft:direction') == 1",
                    "run_command": {
                        "command": [
                            "execute unless block ~ ~ ~-1 redstone_wire 0 if block ~ ~ ~-1 redstone_wire run setblock ~~~ rc:powered_adjustable_pulse_repeater_5 [\"direction\": 1]"
                        ]
                    }
                },
                {
                    "condition": "q.block_property('rc:repeater_delay') == 5 && q.block_property('rc:change') == 0 && q.block_property('minecraft:direction') == 2",
                    "run_command": {
                        "command": [
                            "execute unless block ~1 ~ ~ redstone_wire 0 if block ~1 ~ ~ redstone_wire run setblock ~~~ rc:powered_adjustable_pulse_repeater_5 [\"direction\": 2]"
                        ]
                    }
                },
                 {
                    "condition": "q.block_property('rc:repeater_delay') == 5 && q.block_property('rc:change') == 0 && q.block_property('minecraft:direction') == 3",
                    "run_command": {
                        "command": [
                            "execute unless block ~-1 ~ ~ redstone_wire 0 if block ~-1 ~ ~ redstone_wire run setblock ~~~ rc:powered_adjustable_pulse_repeater_5 [\"direction\": 3]"
                        ]
                    }
                },
                {
                    "condition": "q.block_property('rc:repeater_delay') == 6 && q.block_property('rc:change') == 0 && q.block_property('minecraft:direction') == 0",
                    "run_command": {
                        "command": [
                            "execute unless block ~ ~ ~1 redstone_wire 0 if block ~ ~ ~1 redstone_wire run setblock ~~~ rc:powered_adjustable_pulse_repeater_6 [\"direction\": 0]"
                        ]
                    }
                },
                {
                    "condition": "q.block_property('rc:repeater_delay') == 6 && q.block_property('rc:change') == 0 && q.block_property('minecraft:direction') == 1",
                    "run_command": {
                        "command": [
                            "execute unless block ~ ~ ~-1 redstone_wire 0 if block ~ ~ ~-1 redstone_wire run setblock ~~~ rc:powered_adjustable_pulse_repeater_6 [\"direction\": 1]"
                        ]
                    }
                },
                {
                    "condition": "q.block_property('rc:repeater_delay') == 6 && q.block_property('rc:change') == 0 && q.block_property('minecraft:direction') == 2",
                    "run_command": {
                        "command": [
                            "execute unless block ~1 ~ ~ redstone_wire 0 if block ~1 ~ ~ redstone_wire run setblock ~~~ rc:powered_adjustable_pulse_repeater_6 [\"direction\": 2]"
                        ]
                    }
                },
                 {
                    "condition": "q.block_property('rc:repeater_delay') == 6 && q.block_property('rc:change') == 0 && q.block_property('minecraft:direction') == 3",
                    "run_command": {
                        "command": [
                            "execute unless block ~-1 ~ ~ redstone_wire 0 if block ~-1 ~ ~ redstone_wire run setblock ~~~ rc:powered_adjustable_pulse_repeater_6 [\"direction\": 3]"
                        ]
                    }
                },
                {
                    "condition": "q.block_property('rc:repeater_delay') == 7 && q.block_property('rc:change') == 0 && q.block_property('minecraft:direction') == 0",
                    "run_command": {
                        "command": [
                            "execute unless block ~ ~ ~1 redstone_wire 0 if block ~ ~ ~1 redstone_wire run setblock ~~~ rc:powered_adjustable_pulse_repeater_7 [\"direction\": 0]"
                        ]
                    }
                },
                {
                    "condition": "q.block_property('rc:repeater_delay') == 7 && q.block_property('rc:change') == 0 && q.block_property('minecraft:direction') == 1",
                    "run_command": {
                        "command": [
                            "execute unless block ~ ~ ~-1 redstone_wire 0 if block ~ ~ ~-1 redstone_wire run setblock ~~~ rc:powered_adjustable_pulse_repeater_7 [\"direction\": 1]"
                        ]
                    }
                },
                {
                    "condition": "q.block_property('rc:repeater_delay') == 7 && q.block_property('rc:change') == 0 && q.block_property('minecraft:direction') == 2",
                    "run_command": {
                        "command": [
                            "execute unless block ~1 ~ ~ redstone_wire 0 if block ~1 ~ ~ redstone_wire run setblock ~~~ rc:powered_adjustable_pulse_repeater_7 [\"direction\": 2]"
                        ]
                    }
                },
                 {
                    "condition": "q.block_property('rc:repeater_delay') == 7 && q.block_property('rc:change') == 0 && q.block_property('minecraft:direction') == 3",
                    "run_command": {
                        "command": [
                            "execute unless block ~-1 ~ ~ redstone_wire 0 if block ~-1 ~ ~ redstone_wire run setblock ~~~ rc:powered_adjustable_pulse_repeater_7 [\"direction\": 3]"
                        ]
                    }
                },
                {
                    "condition": "q.block_property('rc:repeater_delay') == 8 && q.block_property('rc:change') == 0 && q.block_property('minecraft:direction') == 0",
                    "run_command": {
                        "command": [
                            "execute unless block ~ ~ ~1 redstone_wire 0 if block ~ ~ ~1 redstone_wire run setblock ~~~ rc:powered_adjustable_pulse_repeater_8 [\"direction\": 0]"
                        ]
                    }
                },
                {
                    "condition": "q.block_property('rc:repeater_delay') == 8 && q.block_property('rc:change') == 0 && q.block_property('minecraft:direction') == 1",
                    "run_command": {
                        "command": [
                            "execute unless block ~ ~ ~-1 redstone_wire 0 if block ~ ~ ~-1 redstone_wire run setblock ~~~ rc:powered_adjustable_pulse_repeater_8 [\"direction\": 1]"
                        ]
                    }
                },
                {
                    "condition": "q.block_property('rc:repeater_delay') == 8 && q.block_property('rc:change') == 0 && q.block_property('minecraft:direction') == 2",
                    "run_command": {
                        "command": [
                            "execute unless block ~1 ~ ~ redstone_wire 0 if block ~1 ~ ~ redstone_wire run setblock ~~~ rc:powered_adjustable_pulse_repeater_8 [\"direction\": 2]"
                        ]
                    }
                },
                 {
                    "condition": "q.block_property('rc:repeater_delay') == 8 && q.block_property('rc:change') == 0 && q.block_property('minecraft:direction') == 3",
                    "run_command": {
                        "command": [
                            "execute unless block ~-1 ~ ~ redstone_wire 0 if block ~-1 ~ ~ redstone_wire run setblock ~~~ rc:powered_adjustable_pulse_repeater_8 [\"direction\": 3]"
                        ]
                    }
                },
                {
                    "condition": "q.block_property('rc:repeater_delay') == 9 && q.block_property('rc:change') == 0 && q.block_property('minecraft:direction') == 0",
                    "run_command": {
                        "command": [
                            "execute unless block ~ ~ ~1 redstone_wire 0 if block ~ ~ ~1 redstone_wire run setblock ~~~ rc:powered_adjustable_pulse_repeater_9 [\"direction\": 0]"
                        ]
                    }
                },
                {
                    "condition": "q.block_property('rc:repeater_delay') == 9 && q.block_property('rc:change') == 0 && q.block_property('minecraft:direction') == 1",
                    "run_command": {
                        "command": [
                            "execute unless block ~ ~ ~-1 redstone_wire 0 if block ~ ~ ~-1 redstone_wire run setblock ~~~ rc:powered_adjustable_pulse_repeater_9 [\"direction\": 1]"
                        ]
                    }
                },
                {
                    "condition": "q.block_property('rc:repeater_delay') == 9 && q.block_property('rc:change') == 0 && q.block_property('minecraft:direction') == 2",
                    "run_command": {
                        "command": [
                            "execute unless block ~1 ~ ~ redstone_wire 0 if block ~1 ~ ~ redstone_wire run setblock ~~~ rc:powered_adjustable_pulse_repeater_9 [\"direction\": 2]"
                        ]
                    }
                },
                 {
                    "condition": "q.block_property('rc:repeater_delay') == 9 && q.block_property('rc:change') == 0 && q.block_property('minecraft:direction') == 3",
                    "run_command": {
                        "command": [
                            "execute unless block ~-1 ~ ~ redstone_wire 0 if block ~-1 ~ ~ redstone_wire run setblock ~~~ rc:powered_adjustable_pulse_repeater_9 [\"direction\": 3]"
                        ]
                    }
                }
              ]
            },
            "test": {
                "sequence": [
                    {
                        "condition": "!q.is_sneaking && q.block_property('rc:change') == 0",
                        "set_block_property": {
                            "rc:repeater_delay": "(q.block_property('rc:repeater_delay') + 1)",
                            "rc:change": 1
                        }
                    },
                    {
                        "condition": "q.is_sneaking && q.block_property('rc:change') == 0",
                        "set_block_property": {
                            "rc:repeater_delay": "(q.block_property('rc:repeater_delay') - 1)",
                            "rc:change": 1
                        }
                    }
                ]
            },
            "test2": {
                "sequence": [
                    {
                        "set_block_property": {
                            "rc:change": 2
                        }
                    },
                    {
                        "condition": "q.block_property('rc:repeater_delay') == 1 && q.block_property('rc:change') == 1 && q.block_property('minecraft:direction') == 0",
                        "run_command": {
                            "command": ["particle rc:number_1_-z ~ ~-0.3 ~"]
                        }
                    },
                    {
                        "condition": "q.block_property('rc:repeater_delay') == 2 && q.block_property('rc:change') == 1 && q.block_property('minecraft:direction') == 0",
                        "run_command": {
                            "command": ["particle rc:number_2_-z ~ ~-0.3 ~"]
                        }
                    },
                    {
                        "condition": "q.block_property('rc:repeater_delay') == 3 && q.block_property('rc:change') == 1 && q.block_property('minecraft:direction') == 0",
                        "run_command": {
                            "command": ["particle rc:number_3_-z ~ ~-0.3 ~"]
                        }
                    },
                    {
                        "condition": "q.block_property('rc:repeater_delay') == 4 && q.block_property('rc:change') == 1 && q.block_property('minecraft:direction') == 0",
                        "run_command": {
                            "command": ["particle rc:number_4_-z ~ ~-0.3 ~"]
                        }
                    },
                    {
                        "condition": "q.block_property('rc:repeater_delay') == 5 && q.block_property('rc:change') == 1 && q.block_property('minecraft:direction') == 0",
                        "run_command": {
                            "command": ["particle rc:number_5_-z ~ ~-0.3 ~"]
                        }
                    },
                    {
                        "condition": "q.block_property('rc:repeater_delay') == 6 && q.block_property('rc:change') == 1 && q.block_property('minecraft:direction') == 0",
                        "run_command": {
                            "command": ["particle rc:number_6_-z ~ ~-0.3 ~"]
                        }
                    },
                    {
                        "condition": "q.block_property('rc:repeater_delay') == 7 && q.block_property('rc:change') == 1 && q.block_property('minecraft:direction') == 0",
                        "run_command": {
                            "command": ["particle rc:number_7_-z ~ ~-0.3 ~"]
                        }
                    },
                    {
                        "condition": "q.block_property('rc:repeater_delay') == 8 && q.block_property('rc:change') == 1 && q.block_property('minecraft:direction') == 0",
                        "run_command": {
                            "command": ["particle rc:number_8_-z ~ ~-0.3 ~"]
                        }
                    },
                    {
                        "condition": "q.block_property('rc:repeater_delay') == 9 && q.block_property('rc:change') == 1  && q.block_property('minecraft:direction') == 0",
                        "run_command": {
                            "command": ["particle rc:number_9_-z ~ ~-0.3 ~"]
                        }
                    },
                    {
                        "condition": "q.block_property('rc:repeater_delay') == 1 && q.block_property('rc:change') == 1 && q.block_property('minecraft:direction') == 1",
                        "run_command": {
                            "command": ["particle rc:number_1_z ~ ~-0.3 ~"]
                        }
                    },
                    {
                        "condition": "q.block_property('rc:repeater_delay') == 2 && q.block_property('rc:change') == 1 && q.block_property('minecraft:direction') == 1",
                        "run_command": {
                            "command": ["particle rc:number_2_z ~ ~-0.3 ~"]
                        }
                    },
                    {
                        "condition": "q.block_property('rc:repeater_delay') == 3 && q.block_property('rc:change') == 1 && q.block_property('minecraft:direction') == 1",
                        "run_command": {
                            "command": ["particle rc:number_3_z ~ ~-0.3 ~"]
                        }
                    },
                    {
                        "condition": "q.block_property('rc:repeater_delay') == 4 && q.block_property('rc:change') == 1 && q.block_property('minecraft:direction') == 1",
                        "run_command": {
                            "command": ["particle rc:number_4_z ~ ~-0.3 ~"]
                        }
                    },
                    {
                        "condition": "q.block_property('rc:repeater_delay') == 5 && q.block_property('rc:change') == 1 && q.block_property('minecraft:direction') == 1",
                        "run_command": {
                            "command": ["particle rc:number_5_z ~ ~-0.3 ~"]
                        }
                    },
                    {
                        "condition": "q.block_property('rc:repeater_delay') == 6 && q.block_property('rc:change') == 1 && q.block_property('minecraft:direction') == 1",
                        "run_command": {
                            "command": ["particle rc:number_6_z ~ ~-0.3 ~"]
                        }
                    },
                    {
                        "condition": "q.block_property('rc:repeater_delay') == 7 && q.block_property('rc:change') == 1 && q.block_property('minecraft:direction') == 1",
                        "run_command": {
                            "command": ["particle rc:number_7_z ~ ~-0.3 ~"]
                        }
                    },
                    {
                        "condition": "q.block_property('rc:repeater_delay') == 8 && q.block_property('rc:change') == 1 && q.block_property('minecraft:direction') == 1",
                        "run_command": {
                            "command": ["particle rc:number_8_z ~ ~-0.3 ~"]
                        }
                    },
                    {
                        "condition": "q.block_property('rc:repeater_delay') == 9 && q.block_property('rc:change') == 1  && q.block_property('minecraft:direction') == 1",
                        "run_command": {
                            "command": ["particle rc:number_9_z ~ ~-0.3 ~"]
                        }
                    },
                    {
                        "condition": "q.block_property('rc:repeater_delay') == 1 && q.block_property('rc:change') == 1 && q.block_property('minecraft:direction') == 2",
                        "run_command": {
                            "command": ["particle rc:number_1_-x ~ ~-0.3 ~"]
                        }
                    },
                    {
                        "condition": "q.block_property('rc:repeater_delay') == 2 && q.block_property('rc:change') == 1 && q.block_property('minecraft:direction') == 2",
                        "run_command": {
                            "command": ["particle rc:number_2_-x ~ ~-0.3 ~"]
                        }
                    },
                    {
                        "condition": "q.block_property('rc:repeater_delay') == 3 && q.block_property('rc:change') == 1 && q.block_property('minecraft:direction') == 2",
                        "run_command": {
                            "command": ["particle rc:number_3_-x ~ ~-0.3 ~"]
                        }
                    },
                    {
                        "condition": "q.block_property('rc:repeater_delay') == 4 && q.block_property('rc:change') == 1 && q.block_property('minecraft:direction') == 2",
                        "run_command": {
                            "command": ["particle rc:number_4_-x ~ ~-0.3 ~"]
                        }
                    },
                    {
                        "condition": "q.block_property('rc:repeater_delay') == 5 && q.block_property('rc:change') == 1 && q.block_property('minecraft:direction') == 2",
                        "run_command": {
                            "command": ["particle rc:number_5_-x ~ ~-0.3 ~"]
                        }
                    },
                    {
                        "condition": "q.block_property('rc:repeater_delay') == 6 && q.block_property('rc:change') == 1 && q.block_property('minecraft:direction') == 2",
                        "run_command": {
                            "command": ["particle rc:number_6_-x ~ ~-0.3 ~"]
                        }
                    },
                    {
                        "condition": "q.block_property('rc:repeater_delay') == 7 && q.block_property('rc:change') == 1 && q.block_property('minecraft:direction') == 2",
                        "run_command": {
                            "command": ["particle rc:number_7_-x ~ ~-0.3 ~"]
                        }
                    },
                    {
                        "condition": "q.block_property('rc:repeater_delay') == 8 && q.block_property('rc:change') == 1 && q.block_property('minecraft:direction') == 2",
                        "run_command": {
                            "command": ["particle rc:number_8_-x ~ ~-0.3 ~"]
                        }
                    },
                    {
                        "condition": "q.block_property('rc:repeater_delay') == 9 && q.block_property('rc:change') == 1  && q.block_property('minecraft:direction') == 2",
                        "run_command": {
                            "command": ["particle rc:number_9_-x ~ ~-0.3 ~"]
                        }
                    },
                    {
                        "condition": "q.block_property('rc:repeater_delay') == 1 && q.block_property('rc:change') == 1 && q.block_property('minecraft:direction') == 3",
                        "run_command": {
                            "command": ["particle rc:number_1_x ~ ~-0.3 ~"]
                        }
                    },
                    {
                        "condition": "q.block_property('rc:repeater_delay') == 2 && q.block_property('rc:change') == 1 && q.block_property('minecraft:direction') == 3",
                        "run_command": {
                            "command": ["particle rc:number_2_x ~ ~-0.3 ~"]
                        }
                    },
                    {
                        "condition": "q.block_property('rc:repeater_delay') == 3 && q.block_property('rc:change') == 1 && q.block_property('minecraft:direction') == 3",
                        "run_command": {
                            "command": ["particle rc:number_3_x ~ ~-0.3 ~"]
                        }
                    },
                    {
                        "condition": "q.block_property('rc:repeater_delay') == 4 && q.block_property('rc:change') == 1 && q.block_property('minecraft:direction') == 3",
                        "run_command": {
                            "command": ["particle rc:number_4_x ~ ~-0.3 ~"]
                        }
                    },
                    {
                        "condition": "q.block_property('rc:repeater_delay') == 5 && q.block_property('rc:change') == 1 && q.block_property('minecraft:direction') == 3",
                        "run_command": {
                            "command": ["particle rc:number_5_x ~ ~-0.3 ~"]
                        }
                    },
                    {
                        "condition": "q.block_property('rc:repeater_delay') == 6 && q.block_property('rc:change') == 1 && q.block_property('minecraft:direction') == 3",
                        "run_command": {
                            "command": ["particle rc:number_6_x ~ ~-0.3 ~"]
                        }
                    },
                    {
                        "condition": "q.block_property('rc:repeater_delay') == 7 && q.block_property('rc:change') == 1 && q.block_property('minecraft:direction') == 3",
                        "run_command": {
                            "command": ["particle rc:number_7_x ~ ~-0.3 ~"]
                        }
                    },
                    {
                        "condition": "q.block_property('rc:repeater_delay') == 8 && q.block_property('rc:change') == 1 && q.block_property('minecraft:direction') == 3",
                        "run_command": {
                            "command": ["particle rc:number_8_x ~ ~-0.3 ~"]
                        }
                    },
                    {
                        "condition": "q.block_property('rc:repeater_delay') == 9 && q.block_property('rc:change') == 1  && q.block_property('minecraft:direction') == 3",
                        "run_command": {
                            "command": ["particle rc:number_9_x ~ ~-0.3 ~"]
                        }
                    }
                ]
            },
            "test3": {
                "sequence": [
                    {
                        "set_block_property": {
                            "rc:change": 0
                        }
                    }
                ]
            },
            "active_rep": {
                "sequence": [
                    {
                        "set_block_property": {
                            "rc:change": 2
                        }
                    }
                ]
            }
        },
        "permutations": [
            {
                "condition": "q.block_property('rc:change') == 1",
                "components": {
                    "minecraft:ticking": {
                        "range": [0.1, 0.1],
                        "looping": false,
                        "on_tick": {
                            "event": "test2"
                        }
                    }
                }
            },
            {
                "condition": "q.block_property('rc:change') == 2",
                "components": {
                    "minecraft:ticking": {
                        "range": [0.4, 0.4],
                        "looping": false,
                        "on_tick": {
                            "event": "test3"
                        }
                    }
                }
            },
            {
                "condition": "q.block_property('rc:change') == 0",
                "components": {
                    "minecraft:ticking": {
                        "range": [0, 0],
                        "looping": true,
                        "on_tick": {
                            "event": "active"
                        }
                    }
                }
            },
            {
                "condition": "q.block_property('minecraft:direction') == 0",
                "components": {
                  "minecraft:rotation": [0, 0, 0]
                }
             },
             {
               "condition": "q.block_property('minecraft:direction') == 1",
               "components": {
                 "minecraft:rotation": [0, 180, 0]
               }
            },
            {
               "condition": "q.block_property('minecraft:direction') == 2",
               "components": {
                 "minecraft:rotation": [0, 90, 0]
               }
            },
            {
               "condition": "q.block_property('minecraft:direction') == 3",
               "components": {
                 "minecraft:rotation": [0, 270, 0]
               }
            }
        ]
    }
}