[
  {
    "flipbook_texture": "textures/blocks/shaft_2",
    "atlas_tile": "shaft_2",
	  "ticks_per_frame": 1,
    "frames": [ 0, 1, 2, 3, 4, 5, 6, 7, 8],
    "blend_frames": false
  },
  {
    "flipbook_texture": "textures/blocks/mixer_2",
    "atlas_tile": "mixer_2",
	  "ticks_per_frame": 1.5,
    "frames": [ 0, 1, 2, 3, 4, 4, 4, 3, 2, 1],
    "blend_frames": false
  },
  {
    "flipbook_texture": "textures/blocks/press_2",
    "atlas_tile": "press_2",
	  "ticks_per_frame": 1,
    "frames": [ 0, 1, 2, 3, 4, 5, 6, 7, 8, 7, 6, 5, 4, 3, 2, 1 ],
    "blend_frames": false
  },
  {
    "flipbook_texture": "textures/blocks/hand_crank_2",
    "atlas_tile": "hand_crank_2",
	  "ticks_per_frame": 1,
    "frames": [ 8,7,6,5,4,3,2,1,0],
    "blend_frames": false
  },
  {
    "flipbook_texture": "textures/blocks/hand_crank_1",
    "atlas_tile": "hand_crank_1",
	  "ticks_per_frame": 1,
    "frames": [ 0,1,2,3,4,5,6,7,8],
    "blend_frames": false
  },
  {
    "flipbook_texture": "textures/blocks/belt_1",
    "atlas_tile": "belt_2",
	  "ticks_per_frame": 1,
    "frames": [0,1,2,3,4,5,6,7,8,9,10,11,12,13,14,15],
    "blend_frames": false
  },
  {
    "flipbook_texture": "textures/blocks/belt_1",
    "atlas_tile": "belt_1",
	  "ticks_per_frame": 1,
    "frames": [15,14,13,12,11,10,9,8,7,6,5,4,3,2,1,0],
    "blend_frames": false
  },
  {
    "flipbook_texture": "textures/blocks/gearbox_2",
    "atlas_tile": "gearbox_2",
	  "ticks_per_frame": 1,
    "frames": [ 0, 1, 2, 3, 4, 5, 6, 7, 8],
    "blend_frames": false
  },
  {
    "flipbook_texture": "textures/blocks/drill_1",
    "atlas_tile": "drill_1",
	  "ticks_per_frame": 1,
    "frames": [ 0, 1, 2, 3, 4, 5, 6, 7, 8],
    "blend_frames": false
  },
  {
    "flipbook_texture": "textures/blocks/drill_1",
    "atlas_tile": "drill_2",
	  "ticks_per_frame": 2,
    "frames": [ 0, 1, 2, 3, 4, 5, 6, 7, 8],
    "blend_frames": false
  },
  {
    "flipbook_texture": "textures/blocks/gearbox_1",
    "atlas_tile": "gearbox_1",
	  "ticks_per_frame": 2,
    "frames": [ 0, 1, 2, 3, 4, 5, 6, 7, 8],
    "blend_frames": false
  },
  {
    "flipbook_texture": "textures/blocks/water_wheel_1",
    "atlas_tile": "water_wheel_1",
	  "ticks_per_frame": 2,
    "frames": [ 0, 1, 2, 3, 4, 5, 6, 7, 8],
    "blend_frames": false
  },
  {
    "flipbook_texture": "textures/blocks/water_wheel_2",
    "atlas_tile": "water_wheel_2",
	  "ticks_per_frame": 1,
    "frames": [ 0, 1, 2, 3, 4, 5, 6, 7, 8],
    "blend_frames": false
  },
  {
    "flipbook_texture": "textures/blocks/drill",
    "atlas_tile": "drill_1",
	  "ticks_per_frame": 0.5,
    "frames": [ 0, 1, 2, 3, 4, 5, 6, 7, 8],
    "blend_frames": false
  },
  {
    "flipbook_texture": "textures/blocks/drill",
    "atlas_tile": "drill_2",
	  "ticks_per_frame": 0.05,
    "frames": [ 0, 1, 2, 3, 4, 5, 6, 7, 8],
    "blend_frames": false
  },
  {
    "flipbook_texture": "textures/blocks/cogwheel_1",
    "atlas_tile": "cogwheel_1",
	  "ticks_per_frame": 2,
    "frames": [ 0, 8, 7, 6, 5, 4, 3, 2, 1],
    "blend_frames": false
  },
  {
    "flipbook_texture": "textures/blocks/cogwheel_2",
    "atlas_tile": "cogwheel_2",
	  "ticks_per_frame": 1,
    "frames": [ 0, 8, 7, 6, 5, 4, 3, 2, 1],
    "blend_frames": false
  },
  {
    "flipbook_texture": "textures/blocks/large_cogwheel_1",
    "atlas_tile": "large_cogwheel_1",
	  "ticks_per_frame": 2,
    "frames": [ 0, 8, 7, 6, 5, 4, 3, 2, 1],
    "blend_frames": false
  },
  {
    "flipbook_texture": "textures/blocks/large_cogwheel_2",
    "atlas_tile": "large_cogwheel_2",
	  "ticks_per_frame": 1,
    "frames": [ 0, 8, 7, 6, 5, 4, 3, 2, 1],
    "blend_frames": false
  },
  {
    "flipbook_texture": "textures/blocks/saw",
    "atlas_tile": "saw_1",
	  "ticks_per_frame": 1,
    "frames": [ 0, 1, 2],
    "blend_frames": false
  },
  {
    "flipbook_texture": "textures/blocks/saw",
    "atlas_tile": "saw_2",
	  "ticks_per_frame": 0.1,
    "frames": [ 0, 1, 2],
    "blend_frames": false
  }
]