{
    "resource_pack_name": "vanilla",
    "texture_name": "atlas.items",
    "texture_data": {
        "wrench": {
            "textures": "textures/items/wrench"
		},
        "whisk": {
            "textures": "textures/items/whisk"
		},
        "bio_fuel": {
            "textures": "textures/items/bio_fuel"
		},
        "cardboard": {
            "textures": 
              "textures/cardboard"
          },
          "zinc_nugget": {
              "textures": "textures/items/zinc_nugget"
          },
          "andesite_alloy": {
              "textures": "textures/items/andesite_alloy"
          },
          "zinc_ingot": {
              "textures": "textures/items/zinc_ingot"
          },
		"flamethrower": {
            "textures": "textures/items/flamethrower"
		},
		"iron_sheet": {
            "textures": "textures/items/iron_sheet"
		},
		"gold_sheet": {
            "textures": "textures/items/gold_sheet"
		},
		"copper_sheet": {
            "textures": "textures/items/copper_sheet"
		},
		"brass_sheet": {
            "textures": "textures/items/brass_sheet"
		},
		"brass_ingot": {
            "textures": "textures/items/brass_ingot"
		},
        "gas_mask": {
            "textures": "textures/items/gas_mask"
		},
        "mekatool": {
            "textures": "textures/items/mekatool"
		},
        "netherite_paxel": {
            "textures": "textures/items/netherite_paxel"
		},
        "free_runner": {
            "textures": "textures/items/free_runner"
		},
        "free_runner_off": {
            "textures": "textures/items/free_runner_off"
		},
        "free_runner_on": {
            "textures": "textures/items/free_runner_on"
		},
        "gas_tank": {
            "textures": "textures/items/gas_tank"
		},
        "gas_tank_off": {
            "textures": "textures/items/gas_tank_off"
		},
        "gas_tank_on": {
            "textures": "textures/items/gas_tank_on"
		},
        "configurator": {
            "textures": "textures/items/configurator"
		},
        "armored_jetpack": {
            "textures": "textures/items/armored_jetpack"
		},
        "armored_jetpack_off": {
            "textures": "textures/items/armored_jetpack_off"
		},
        "armored_jetpack_on": {
            "textures": "textures/items/armored_jetpack_on"
		},
        "meka_helmet": {
            "textures": "textures/items/meka_helmet"
		},
        "meka_chestplate": {
            "textures": "textures/items/meka_chestplate"
		},
        "meka_leggings": {
            "textures": "textures/items/meka_leggings"
		},
        "meka_boots": {
            "textures": "textures/items/meka_boots"
		},
        "meka_helmet_off": {
            "textures": "textures/items/meka_helmet_off"
		},
        "meka_chestplate_off": {
            "textures": "textures/items/meka_chestplate_off"
		},
        "meka_leggings_off": {
            "textures": "textures/items/meka_leggings_off"
		},
        "meka_boots_off": {
            "textures": "textures/items/meka_boots_off"
		},
        "meka_helmet_on": {
            "textures": "textures/items/meka_helmet_on"
		},
        "meka_chestplate_on": {
            "textures": "textures/items/meka_chestplate_on"
		},
        "meka_leggings_on": {
            "textures": "textures/items/meka_leggings_on"
		},
        "meka_boots_on": {
            "textures": "textures/items/meka_boots_on"
		},
        "jetpack": {
            "textures": "textures/items/jetpack"
		},
        "jetpack_off": {
            "textures": "textures/items/jetpack_off"
		},
        "jetpack_on": {
            "textures": "textures/items/jetpack_on"
		},
        "atomic_disassembler": {
            "textures": "textures/items/atomic_disassembler"	
        },
        "advanced_energy_cube": {
            "textures": "textures/items/advanced_energy_cube"	
        },
        "advanced_solar_panel": {
            "textures": "textures/items/advanced_solar_panel"	
        },
        "basic_energy_cube": {
            "textures": "textures/items/basic_energy_cube"	
        },
        "chargepad": {
            "textures": "textures/items/chargepad"	
        },
        "combiner": {
            "textures": "textures/items/combiner"	
        },
        "crusher": {
            "textures": "textures/items/crusher"	
        },
        "digital_miner": {
            "textures": "textures/items/digital_miner"	
        },
        "electrolity_separator": {
            "textures": "textures/items/electrolity_separator"	
        },
        "eletric_pump": {
            "textures": "textures/items/eletric_pump"	
        },
        "elite_energy_cube": {
            "textures": "textures/items/elite_energy_cube"	
        },
        "energy_tablet": {
            "textures": "textures/items/energy_tablet"	
        },
        "energized_smelter": {
            "textures": "textures/items/energized_smelter"	
        },
        "enrichment_chamber": {
            "textures": "textures/items/enrichment_chamber"	
        },
        "gas_burning_generator": {
            "textures": "textures/items/gas_burning_generator"	
        },
        "heat_generator": {
            "textures": "textures/items/heat_generator"	
        },
        "metallurgic_infuser": {
            "textures": "textures/items/metallurgic_infuser"	
        },
        "osmium_compressor": {
            "textures": "textures/items/osmium_compressor"	
        },
        "precision_sawmill": {
            "textures": "textures/items/precision_sawmill"	
        },
        "solar_panel": {
            "textures": "textures/items/solar_panel"	
        },
        "ultimate_energy_cube": {
            "textures": "textures/items/ultimate_energy_cube"	
        },
        "wind_generator": {
            "textures": "textures/items/wind_generator"	
        },   
         "bronze_helmet": {
            "textures": "textures/items/bronze_helmet"
        },
        "bronze_chestplate": {
            "textures": "textures/items/bronze_chestplate"
        },
        "bronze_leggings": {
            "textures": "textures/items/bronze_leggings"
        },
        "bronze_boots": {
            "textures": "textures/items/bronze_boots"
        },
        "lapis_helmet": {
            "textures": "textures/items/lapis_helmet"
        },
        "lapis_chestplate": {
            "textures": "textures/items/lapis_chestplate"
        },
        "lapis_leggings": {
            "textures": "textures/items/lapis_leggings"
        },
        "lapis_boots": {
            "textures": "textures/items/lapis_boots"
        },
        "obsidian_helmet": {
            "textures": "textures/items/obsidian_helmet"
        },
        "obsidian_chestplate": {
            "textures": "textures/items/obsidian_chestplate"
        },
        "obsidian_leggings": {
            "textures": "textures/items/obsidian_leggings"
        },
        "obsidian_boots": {
            "textures": "textures/items/obsidian_boots"
        },
        "glowstone_helmet": {
            "textures": "textures/items/glowstone_helmet"
        },
        "glowstone_chestplate": {
            "textures": "textures/items/glowstone_chestplate"
        },
        "glowstone_leggings": {
            "textures": "textures/items/glowstone_leggings"
        },
        "glowstone_boots": {
            "textures": "textures/items/glowstone_boots"
        },
        "steel_helmet": {
            "textures": "textures/items/steel_helmet"
        },
        "steel_chestplate": {
            "textures": "textures/items/steel_chestplate"
        },
        "steel_leggings": {
            "textures": "textures/items/steel_leggings"
        },
        "steel_boots": {
            "textures": "textures/items/steel_boots"
        },
        "osmium_helmet": {
            "textures": "textures/items/osmium_helmet"
        },
        "osmium_chestplate": {
            "textures": "textures/items/osmium_chestplate"
        },
        "osmium_leggings": {
            "textures": "textures/items/osmium_leggings"
        },
        "osmium_boots": {
            "textures": "textures/items/osmium_boots"
        },
        "diamond_paxel": {
            "textures": "textures/items/diamond_paxel"
        },
        "wood_paxel": {
            "textures": "textures/items/wooden_paxel"
        },
        "stone_paxel": {
            "textures": "textures/items/stone_paxel"
        },
        "iron_paxel": {
            "textures": "textures/items/iron_paxel"
        },
        "gold_paxel": {
            "textures": "textures/items/gold_paxel"
        },
        "bronze_sword": {
            "textures": "textures/items/bronze_sword"
        },
        "bronze_pickaxe": {
            "textures": "textures/items/bronze_pickaxe"
        },
        "bronze_shovel": {
            "textures": "textures/items/bronze_shovel"
        },
        "bronze_axe": {
            "textures": "textures/items/bronze_axe"
        },
        "bronze_hoe": {
            "textures": "textures/items/bronze_hoe"
        },
        "bronze_paxel": {
            "textures": "textures/items/bronze_paxel"
        },
        "steel_sword": {
            "textures": "textures/items/steel_sword"
        },
        "steel_pickaxe": {
            "textures": "textures/items/steel_pickaxe"
        },
        "steel_shovel": {
            "textures": "textures/items/steel_shovel"
        },
        "steel_axe": {
            "textures": "textures/items/steel_axe"
        },
        "steel_hoe": {
            "textures": "textures/items/steel_hoe"
        },
        "steel_paxel": {
            "textures": "textures/items/steel_paxel"
        },
        "lapis_sword": {
            "textures": "textures/items/lapis_sword"
        },
        "lapis_pickaxe": {
            "textures": "textures/items/lapis_pickaxe"
        },
        "lapis_shovel": {
            "textures": "textures/items/lapis_shovel"
        },
        "lapis_axe": {
            "textures": "textures/items/lapis_axe"
        },
        "lapis_hoe": {
            "textures": "textures/items/lapis_hoe"
        },
        "lapis_paxel": {
            "textures": "textures/items/lapis_paxel"
        },
        "glowstone_sword": {
            "textures": "textures/items/glowstone_sword"
        },
        "glowstone_pickaxe": {
            "textures": "textures/items/glowstone_pickaxe"
        },
        "glowstone_shovel": {
            "textures": "textures/items/glowstone_shovel"
        },
        "glowstone_axe": {
            "textures": "textures/items/glowstone_axe"
        },
        "glowstone_hoe": {
            "textures": "textures/items/glowstone_hoe"
        },
        "glowstone_paxel": {
            "textures": "textures/items/glowstone_paxel"
        },
        "obsidian_sword": {
            "textures": "textures/items/obsidian_sword"
        },
        "obsidian_pickaxe": {
            "textures": "textures/items/obsidian_pickaxe"
        },
        "obsidian_shovel": {
            "textures": "textures/items/obsidian_shovel"
        },
        "obsidian_axe": {
            "textures": "textures/items/obsidian_axe"
        },
        "obsidian_hoe": {
            "textures": "textures/items/obsidian_hoe"
        },
        "obsidian_paxel": {
            "textures": "textures/items/obsidian_paxel"
        },
        "osmium_sword": {
            "textures": "textures/items/osmium_sword"
        },
        "osmium_pickaxe": {
            "textures": "textures/items/osmium_pickaxe"
        },
        "osmium_shovel": {
            "textures": "textures/items/osmium_shovel"
        },
        "osmium_axe": {
            "textures": "textures/items/osmium_axe"
        },
        "osmium_hoe": {
            "textures": "textures/items/osmium_hoe"
        },
        "osmium_paxel": {
            "textures": "textures/items/osmium_paxel"
        },
        "steel_casing": {
            "textures": "textures/items/steel_casing"
        },
        "steel_bloc_item": {
            "textures": "textures/items/steel_block_item"
        },
        "bronze_block": {
            "textures": "textures/items/bronze_block"
        },
        "glowstone_block": {
            "textures": "textures/items/glowstone_block"
        },
        "osmium_block": {
            "textures": "textures/items/osmium_block"
        },
        "tin_block": {
            "textures": "textures/items/tin_block"
        },

        "refined_obsidian_block": {
            "textures": "textures/items/refined_obsidian_block"
        },
        "osmium_ore": {
            "textures": "textures/items/osmium_ore"
        },
        "tin_ore": {
            "textures": "textures/items/tin_ore"
        },

        "elite_control_circuit": {
            "textures": "textures/items/elite_control_circuit"
        },
        "ultimate_control_circuit": {
            "textures": "textures/items/ultimate_control_circuit"
        },
        "advanced_control_circuit": {
            "textures": "textures/items/advanced_control_circuit"
        },
        "enriched_alloy": {
            "textures": "textures/items/alloy_infused"
        },
        "atomic_alloy": {
            "textures": "textures/items/alloy_atomic"
        },
        "reinforced_alloy": {
            "textures": "textures/items/alloy_reinforced"
        },
        "basic_control_circuit": {
            "textures": "textures/items/basic_control_circuit"
        },
        "refined_obsidian_ingot": {
            "textures": "textures/items/ingot_refined_obsidian"
        },
        "enriched_iron": {
            "textures": "textures/items/enriched_iron"
        },
        "osmium_ingot": {
            "textures": "textures/items/ingot_osmium"
        },
        "steel_ingot": {
            "textures": "textures/items/ingot_steel"
        },

        "tin_ingot": {
            "textures": "textures/items/ingot_tin"
        },
        "glowstone_ingot": {
            "textures": "textures/items/ingot_refined_glowstone"
        },
        "bronze_ingot": {
            "textures": "textures/items/ingot_bronze"
        },
        "steel_dust": {
            "textures": "textures/items/dust_steel"
        },
        "diamond_dust": {
            "textures": "textures/items/dust_diamond"
        },
        "obsidian_dust": {
            "textures": "textures/items/dust_obsidian"
        },
        "dust_refined_obsidian": {
            "textures": "textures/items/dust_refined_obsidian"
        },
        "dust_emerald": {
            "textures": "textures/items/dust_emerald"
        },

        "copper_dust": {
            "textures": "textures/items/dust_copper"
        },
        "tin_dust": {
            "textures": "textures/items/dust_tin"
        },
        "dust_iron": {
            "textures": "textures/items/dust_iron"
        },
        "dust_coal": {
            "textures": "textures/items/dust_coal"
        },
        "dust_osmium": {
            "textures": "textures/items/dust_osmium"
        },
        "dust_gold": {
            "textures": "textures/items/dust_gold"
        },
        "sawdust": {
            "textures": "textures/items/sawdust"
        },
        "compressed_redstone": {
            "textures": "textures/items/compressed/enriched_redstone"
		},
		"compressed_redstone2": {
            "textures": "textures/items/compressed/enriched_redstone2"
		},
		"compressed_redstone3": {
            "textures": "textures/items/compressed/enriched_redstone3"
		},
		"compressed_redstone4": {
            "textures": "textures/items/compressed/enriched_redstone4"
		},
		"compressed_redstone5": {
            "textures": "textures/items/compressed/enriched_redstone5"
		},
		"compressed_redstone6": {
            "textures": "textures/items/compressed/enriched_redstone6"
		},
		"compressed_redstone7": {
            "textures": "textures/items/compressed/enriched_redstone7"
		},
		"compressed_redstone8": {
            "textures": "textures/items/compressed/enriched_redstone8"
        },
        "compresse_carbon": {
            "textures": "textures/items/compressed/enriched_carbon"
		},
		"compressed_carbon2": {
            "textures": "textures/items/compressed/enriched_carbon2"
		},
		"compressed_carbon3": {
            "textures": "textures/items/compressed/enriched_carbon3"
		},
		"compressed_carbon4": {
            "textures": "textures/items/compressed/enriched_carbon4"
		},
		"compressed_carbon5": {
            "textures": "textures/items/compressed/enriched_carbon5"
		},
		"compressed_carbon6": {
            "textures": "textures/items/compressed/enriched_carbon6"
		},
		"compressed_carbon7": {
            "textures": "textures/items/compressed/enriched_carbon7"
		},
		"compressed_carbon8": {
            "textures": "textures/items/compressed/enriched_carbon8"
        },
        "compressed_diamond": {
            "textures": "textures/items/compressed/enriched_diamond"
        },
        "compressed_diamond2": {
            "textures": "textures/items/compressed/enriched_diamond2"
        },
        "compressed_diamond3": {
            "textures": "textures/items/compressed/enriched_diamond3"
        },
        "compressed_diamond4": {
            "textures": "textures/items/compressed/enriched_diamond4"
        },
        "compressed_diamond5": {
            "textures": "textures/items/compressed/enriched_diamond5"
        },
        "compressed_diamond6": {
            "textures": "textures/items/compressed/enriched_diamond6"
        },
        "compressed_diamond7": {
            "textures": "textures/items/compressed/enriched_diamond7"
        },
        "compressed_diamond8": {
            "textures": "textures/items/compressed/enriched_diamond8"
        },
        "compressed_obsidian": {
            "textures": "textures/items/compressed/enriched_refined_obsidian"
		},
		"compressed_obsidian2": {
            "textures": "textures/items/compressed/enriched_refined_obsidian2"
		},
		"compressed_obsidian3": {
            "textures": "textures/items/compressed/enriched_refined_obsidian3"
		},
		"compressed_obsidian4": {
            "textures": "textures/items/compressed/enriched_refined_obsidian4"
		},
		"compressed_obsidian5": {
            "textures": "textures/items/compressed/enriched_refined_obsidian5"
		},
		"compressed_obsidian6": {
            "textures": "textures/items/compressed/enriched_refined_obsidian6"
		},
		"compressed_obsidian7": {
            "textures": "textures/items/compressed/enriched_refined_obsidian7"
		},
		"compressed_obsidian8": {
            "textures": "textures/items/compressed/enriched_refined_obsidian8"
		}
    }
}
