{
  "resource_pack_name": "vanilla",
  "texture_name": "atlas.terrain",
  "padding": 8,
  "num_mip_levels": 4,
  "texture_data": {
    "andesite_casing": {
      "textures": "textures/blocks/andesite_casing"
    },
    "zinc_ore": {
      "textures": "textures/blocks/zinc_ore"
    },
    "elevator_floor": {
      "textures": "textures/blocks/elevator_floor"
    },
    "black_seat": {
      "textures": "textures/blocks/seat/black"
    },
    "blue_seat": {
      "textures": "textures/blocks/seat/blue"
    },
    "brown_seat": {
      "textures": "textures/blocks/seat/brown"
    },
    "cyan_seat": {
      "textures": "textures/blocks/seat/cyan"
    },
    "gray_seat": {
      "textures": "textures/blocks/seat/gray"
    },
    "green_seat": {
      "textures": "textures/blocks/seat/green"
    },
    "light_blue_seat": {
      "textures": "textures/blocks/seat/light_blue"
    },
    "light_gray_seat": {
      "textures": "textures/blocks/seat/light_gray"
    },
    "lime_seat": {
      "textures": "textures/blocks/seat/lime"
    },
    "magenta_seat": {
      "textures": "textures/blocks/seat/magenta"
    },
    "orange_seat": {
      "textures": "textures/blocks/seat/orange"
    },
    "pink_seat": {
      "textures": "textures/blocks/seat/pink"
    },
    "purple_seat": {
      "textures": "textures/blocks/seat/purple"
    },
    "white_seat": {
      "textures": "textures/blocks/seat/white"
    },
    "yellow_seat": {
      "textures": "textures/blocks/seat/yellow"
    },
    "red_seat": {
      "textures": "textures/blocks/seat/red_seat"
    },
    "basin": {
      "textures": "textures/blocks/basin"
    },
    "mechanical_mixer": {
      "textures": "textures/blocks/mechanical_mixer"
    },
    "mixer_2": {
      "textures": "textures/blocks/mixer_2"
    },
    "redstone_link": {
      "textures": "textures/blocks/redstone_link"
    },
    "teste": {
      "textures": "textures/blocks/teste"
    },
    "piston_png": {
      "textures": "textures/blocks/piston_png"
    },
    "mechanical_sticky_piston": {
      "textures": "textures/blocks/mechanical_sticky_piston"
    },
    "mechanical_piston": {
      "textures": "textures/blocks/mechanical_piston"
    },
    "piston_head": {
      "textures": "textures/blocks/piston_head"
    },
    "mechanical_press": {
      "textures": "textures/blocks/mechanical_press"
    },
    "press_2": {
      "textures": "textures/blocks/press_2"
    },
    "depot": {
      "textures": "textures/blocks/depot"
    },
    "depot_iron": {
      "textures": "textures/blocks/depot_iron"
    },
    "depot_gold": {
      "textures": "textures/blocks/depot_gold"
    },
    "depot_copper": {
      "textures": "textures/blocks/depot_copper"
    },
    "depot_brass": {
      "textures": "textures/blocks/depot_brass"
    },
    "fake_redstone_block": {
      "textures": "textures/blocks/fake_redstone_block"
    },
    "gearshift_on": {
      "textures": "textures/blocks/gearshift_on"
    },
    "gearshift_off": {
      "textures": "textures/blocks/gearshift_off"
    },
    "speedometer": {
      "textures": "textures/blocks/speedometer"
    },
    "furnace_create": {
      "textures": "textures/blocks/create_furnace"
    },
    "flywheel": {
      "textures": "textures/blocks/flywheel"
    },
    "furnace_engine": {
      "textures": "textures/blocks/furnace_engine"
    },
    "hand_crank": {
      "textures": "textures/blocks/hand_crank"
    },
    "hand_crank_2": {
      "textures": "textures/blocks/hand_crank_2"
    },
    "hand_crank_1": {
      "textures": "textures/blocks/hand_crank_1"
    },
    "chute": {
      "textures": "textures/blocks/chute"
    },
    "belt_2": {
      "textures": "textures/blocks/belt_2"
    },
    "belt_1": {
      "textures": "textures/blocks/belt_1"
    },
    "belt_standby": {
      "textures": "textures/blocks/belt_standby"
    },
    "water_wheel_1": {
      "textures": "textures/blocks/water_wheel_1"
    },
    "water_wheel_2": {
      "textures": "textures/blocks/water_wheel_2"
    },
    "water_wheel": {
      "textures": "textures/blocks/water_wheel"
    },
    "cogwheel_1": {
      "textures": "textures/blocks/cogwheel_1"
    },
    "cogwheel_2": {
      "textures": "textures/blocks/cogwheel_2"
    },
    "cogwheel": {
      "textures": "textures/blocks/cogwheel"
    },
    "large_cogwheel_1": {
      "textures": "textures/blocks/large_cogwheel_1"
    },
    "large_cogwheel_2": {
      "textures": "textures/blocks/large_cogwheel_2"
    },
    "large_cogwheel": {
      "textures": "textures/blocks/large_cogwheel"
    },
    "mechanical_saw": {
      "textures": "textures/blocks/mechanical_saw"
    },
    "saw_1": {
      "textures": "textures/blocks/saw"
    },
    "saw_2": {
      "textures": "textures/blocks/saw"
    },
    "drill_1": {
      "textures": "textures/blocks/drill"
    },
    "drill_2": {
      "textures": "textures/blocks/drill"
    },
    "mechanical_drill": {
      "textures": "textures/blocks/mechanical_drill"
    },
    "shaft_1": {
      "textures": "textures/blocks/shaft_1"
    },
    "shaft": {
      "textures": "textures/blocks/shaft"
    },
    "shaft_2": {
      "textures": "textures/blocks/shaft_2"
    },
    "gearbox_1": {
      "textures": "textures/blocks/gearbox_1"
    },
    "gearbox": {
      "textures": "textures/blocks/gearbox"
    },
    "gearbox_2": {
      "textures": "textures/blocks/gearbox_2"
    },
    "cardboard": {
      "textures": "textures/blocks/cardboard"
  },
  "energy_cube": {
    "textures": "textures/blocks/energy_cube"
},
    "osmium_ore": {
      "textures": "textures/blocks/osmium_ore"
  },
  "tin_ore": {
      "textures": "textures/blocks/tin_ore"
  },
  "tin_block": {
      "textures": "textures/blocks/tin_block"
  },
  "copper_block": {
      "textures": "textures/blocks/copper_block"
  },
  "steel_block": {
      "textures": "textures/blocks/steel_block"
  },
  "steel_casing": {
    "textures": "textures/blocks/steel_casing"
},
  "glowstone_block": {
      "textures": "textures/blocks/glowstone_block"
  },
  "bronze_block": {
      "textures": "textures/blocks/bronze_block"
  },
  "osmium_block": {
      "textures": "textures/blocks/osmium_block"
  },
  "refined_obsidian_block": {
      "textures": "textures/blocks/refined_obsidian_block"
  },
    "metallurgic_infuser": {
      "textures": "textures/blocks/metallurgic_infuser"
    },
    "wind_generator": {
      "textures": "textures/blocks/wind_generator"
    },
    "elementium_block": {
      "textures": "textures/blocks/elementium_block"
    },
    "electrolity_separator": {
      "textures": "textures/blocks/electrolity_separator"
    },
    "advanced_energy_cube": {
      "textures": "textures/blocks/advanced_energy_cube"
    },
    "elite_energy_cube": {
      "textures": "textures/blocks/elite_energy_cube"
    },
    "ultimate_energy_cube": {
      "textures": "textures/blocks/ultimate_energy_cube"
    },
    "png": {
      "textures": "textures/blocks/png"
    },
    "chargepad": {
      "textures": "textures/blocks/chargepad"
    },
    "energized_smelter": {
      "textures": "textures/blocks/energized_smelter"
    },
    "energized_smelter_active": {
      "textures": "textures/blocks/energized_smelter_active"
    },
    "combiner": {
      "textures": "textures/blocks/combiner"
    },
    "combiner_active": {
      "textures": "textures/blocks/combiner_active"
    },
    "crusher": {
      "textures": "textures/blocks/crusher"
    },
    "digital_miner": {
      "textures": "textures/blocks/digital_miner"
    },
    "digital_miner_off": {
      "textures": "textures/blocks/digital_miner_off"
    },
    "precision_sawmill": {
      "textures": "textures/blocks/precision_sawmill"
    },
    "enrichment_chamber": {
      "textures": "textures/blocks/enrichment_chamber"
    },
    "solar_generator": {
      "textures": "textures/blocks/solar_generator"
    },
    "osmium_compressor": {
      "textures": "textures/blocks/osmium_compressor"
    },
    "heat_generator": {
      "textures": "textures/blocks/heat_generator"
    },
    "advanced_solar_panel": {
      "textures": "textures/blocks/advanced_solar_panel"
    },
    "gas_burning_generator": {
      "textures": "textures/blocks/gas_burning_generator"
    },
    "electric_pump": {
      "textures": "textures/blocks/eletric_pump"
    },
    "electric_pump_full": {
      "textures": "textures/blocks/electric_pump_full"
    },
    "livingrock1": {
      "textures": "textures/blocks/livingrock1"
    },
    "mana_glass": {
      "textures": "textures/blocks/mana_glass"
    },
    "elven_spreader": {
      "textures": "textures/blocks/elven_spreader"
    },
    "dreamwood1": {
      "textures": "textures/blocks/dreamwood1"
    },
    "alfheim_portal_activated": {
      "textures": "textures/blocks/alfheim_portal_activated"
   },
    "alfheim_portal": {
      "textures": "textures/blocks/alfheim_portal"
   },
    "alfheim_portal_swirl": {
      "textures": "textures/blocks/alfheim_portal_swirl"
   },
    "livingwood5": {
      "textures": "textures/blocks/livingwood5"
   },
    "gray_shiny_flower": {
      "textures": "textures/blocks/flower/gray_shiny_flower"
   },
    "cyan_mystical_flower": {
      "textures": "textures/blocks/flower/cyan_mystical_flower"
   },
    "brown_mystical_flower": {
      "textures": "textures/blocks/flower/brown_mystical_flower"
   },
    "blue_flowe": {
      "textures": "textures/blocks/flower/blue_flowe"
   },
    "black_mystical_flower": {
      "textures": "textures/blocks/flower/black_mystical_flower"
   },
    "magenta_mystical_flower": {
      "textures": "textures/blocks/flower/magenta_mystical_flower"
   },
    "lime_mystical_flower": {
      "textures": "textures/blocks/flower/lime_mystical_flower"
   },
    "light_gray_mystical_flower": {
      "textures": "textures/blocks/flower/light_gray_mystical_flower"
   },
    "light_blue_mystical_flower": {
      "textures": "textures/blocks/flower/light_blue_mystical_flower"
   },
    "green_mystical_flower": {
      "textures": "textures/blocks/flower/green_mystical_flower"
   },
    "orange_mystical_flower": {
      "textures": "textures/blocks/flower/orange_mystical_flower"
   },
    "pink_mystical_flower": {
      "textures": "textures/blocks/flower/pink_mystical_flower"
   },
    "purple_mystical_flower": {
      "textures": "textures/blocks/flower/purple_mystical_flower"
   },
    "red_mystical_flower": {
      "textures": "textures/blocks/flower"
   },
    "white_mystical_flower": {
      "textures": "textures/blocks/flower/white_mystical_flower"
   },
    "yellow_mystical_flower": {
      "textures": "textures/blocks/flower/yellow_mystical_flower"
   },
    "red_flower_b": {
      "textures": "textures/blocks/flower/red_flower_b"
   },
    "livingwood5": {
      "textures": "textures/blocks/livingwood5"
   },
    "blue_mystical_flower": {
      "textures": "textures/blocks/flower/blue_mystical_flower"
   },
    "flower": {
      "textures": "textures/blocks/flower"
   },
    "blaze_block": {
      "textures": "textures/blocks/blaze_block"
   },
    "terrastriel_0": {
      "textures": "textures/blocks/terrastriel_0"
   },
    "terrastriel_lig": {
      "textures": "textures/blocks/terrastriel_lig"
   },
    "bifrost": {
      "textures": "textures/blocks/bifrost"
   },
    "shimmerrock": {
      "textures": "textures/blocks/shimmerrock"
   },
    "gray_mushroom": {
      "textures": "textures/blocks/gray_mushroom"
   },
    "cyan_mushroom": {
      "textures": "textures/blocks/mushroom/cyan_mushroom"
   },
    "brown_mushroom": {
      "textures": "textures/blocks/mushroom/brown_mushroom"
   },
    "blue_mushroom": {
      "textures": "textures/blocks/mushroom/blue_mushroom"
   },
    "black_mushroom": {
      "textures": "textures/blocks/mushroom/black_mushroom"
   },
    "heads_1": {
      "textures": "textures/heads/heads_1"
   },
    "lapis_block": {
      "textures": "textures/blocks/lapis_block"
   },
    "fertilizer_block": {
      "textures": "textures/blocks/fertilizer_block"
   },
    "gourmaryllis": {
      "textures": "textures/blocks/gourmaryllis"
   },
    "entropinnyum": {
      "textures": "textures/blocks/entropinnyum"
   },
    "clayconia": {
      "textures": "textures/blocks/clayconia"
   },
    "manapool": {
      "textures": "textures/blocks/mana_pool"
    },
      "mana_pool_0": {
      "textures": "textures/blocks/mana_pool_0"
    },
      "endoflame1": {
      "textures": "textures/blocks/endoflame1"
    },
      "endoflame": {
      "textures": "textures/blocks/endoflame"
    },
      "mana_disperser": {
      "textures": "textures/blocks/mana_spreader"
    },
      "bifrost": {
      "textures": "textures/blocks/bifrost"
    },
      "life_imbuer": {
      "textures": "textures/blocks/life_imbuer"
    },
      "runic_altar": {
      "textures": "textures/blocks/runic_altar"
    },
      "creative_pool": {
      "textures": "textures/blocks/creative_pool"
    },
    "spark_block": {
      "textures": "textures/blocks/spark_block"
    },
    "bellethorne": {
        "textures": "textures/blocks/bellethorne"
    },
    "clayconia": {
        "textures": "textures/blocks/clayconia"
    },
    "hydracidus": {
        "textures": "textures/blocks/hydracidus"
    },
    "jiyuulia": {
        "textures": "textures/blocks/jiyuulia"
    },
    "pure_daisy": {
        "textures": "textures/blocks/pure_daisy"
    },
    "tangleberrie": {
        "textures": "textures/blocks/tangleberrie"
    },
    "vinculotus": {
        "textures": "textures/blocks/vinculotus"
    },
    "arcane_rose": {
        "textures": "textures/blocks/arcane_rose"
    },
    "narslimmus": {
        "textures": "textures/blocks/narslimmus"
    },
    "shulk_me_not": {
        "textures": "textures/blocks/shulk_me_not"
    },
    "gaia_disperser": {
        "textures": "textures/blocks/gaia_disperser"
    },
    "png": {
        "textures": "textures/blocks/png"
    },
    "petal_aphotecary0": {
        "textures": "textures/blocks/petal_aphotecary0"
    },
    "petal_aphotecary": {
        "textures": "textures/blocks/petal_aphotecary"
    },
    "redstone_link_withe": {
      "textures": "textures/blocks/redstone_link/redstone_link_withe"
    },
    "redstone_link_black": {
      "textures": "textures/blocks/redstone_link/redstone_link_black"
    },
    "redstone_link_blue": {
      "textures": "textures/blocks/redstone_link/redstone_link_blue"
    },
    "redstone_link_orange": {
      "textures": "textures/blocks/redstone_link/redstone_link_orange"
    },
    "redstone_link_red": {
      "textures": "textures/blocks/redstone_link/redstone_link_red"
    },
    "redstone_link_purple": {
      "textures": "textures/blocks/redstone_link/redstone_link_purple"
    },
    "redstone_link_green": {
      "textures": "textures/blocks/redstone_link/redstone_link_green"
    },
    "redstone_link_lime": {
      "textures": "textures/blocks/redstone_link/redstone_link_lime"
    },
    "redstone_link_cyan": {
      "textures": "textures/blocks/redstone_link/redstone_link_cyan"
    },
    "redstone_link_gray": {
      "textures": "textures/blocks/redstone_link/redstone_link_gray"
    },
    "redstone_link_brown": {
      "textures": "textures/blocks/redstone_link/redstone_link_brown"
    },
    "redstone_link_yellow": {
      "textures": "textures/blocks/redstone_link/redstone_link_yellow"
    },
    "redstone_link_light_gray": {
      "textures": "textures/blocks/redstone_link/redstone_link_light_gray"
    },
    "redstone_link_light_blue": {
      "textures": "textures/blocks/redstone_link/redstone_link_light_blue"
    },
     "redstone_link_pink": {
      "textures": "textures/blocks/redstone_link/redstone_link_pink"
    },
    "redstone_link_magenta": {
      "textures": "textures/blocks/redstone_link/redstone_link_magenta"
    },
    "unpowered_adjustable_repeater": {
      "textures": "textures/blocks/adjustable_repeater"
    },
    "powered_adjustable_repeater": {
      "textures": "textures/blocks/powered_adjustable_repeater"
    }
  }
}
