{
  "format_version": "1.17.0",
  "minecraft:block": {
    "description": {
      "identifier": "rc:andesite_casing",
      "properties": {
      }
    },
    "components": {
      "minecraft:pick_collision": {
        "origin": [ -8, 0, -8],
        "size": [ 16, 16, 16 ]
    },
    "minecraft:entity_collision": {
        "origin": [ -8, 0, -8],
        "size": [ 16, 16, 16 ]
    },
    "minecraft:on_player_placing": {
        "event": "summon",
        "target": "self"
      },
      "minecraft:creative_category": {
				"group": "itemGroup.name.Construction",
				"category": "Construction"
      },
      "minecraft:material_instances": {
        "*": {
          "texture": "andesite_casing",
          "render_method": "alpha_test"
        }
      },
     "minecraft:unit_cube": {},
      "minecraft:block_light_absorption": 1,
      "minecraft:destroy_time": 0.3
    },
    "events": {
     },
    "permutations": [
    ]
  }
}