{
  "format_version": "1.17.0",
  "minecraft:block": {
    "description": {
      "identifier": "rc:basin",
      "properties": {
        "rc:on": [  0, 1 ],
        "rc:andesite": [  0, 1 ],
        "rc:iron": [  0, 1 ],
        "rc:zinc_nugget": [  0, 1 ],
        "rc:zinc": [  0, 1 ],
        "rc:copper": [  0, 1 ]
      }
    },
    "components": {
      "minecraft:part_visibility": {
        "rules": {
          "bone": "query.block_property('rc:andesite') == 1",
          "bone2": "query.block_property('rc:iron') == 1",
          "bone3": "query.block_property('rc:copper') == 1",
          "bone4": "query.block_property('rc:zinc') == 1",
          "bone5": "query.block_property('rc:zinc_nugget') == 1"
        }
      },
      "minecraft:pick_collision": {
        "origin": [ -8, 0, -8],
        "size": [ 16, 16, 16 ]
    },
    "minecraft:entity_collision": {
        "origin": [ -8, 0, -8],
        "size": [ 16, 16, 16 ]
    },
      "minecraft:creative_category": {
				"group": "itemGroup.name.Construction",
				"category": "Construction"
      },
      "minecraft:material_instances": {
        "*": {
          "texture": "basin",
          "render_method": "alpha_test"
        }
      },
      "minecraft:on_interact":{
        "event":"cu",
        "target": "self"
      },
      "minecraft:geometry": "geometry.basin",
      "minecraft:block_light_absorption": 0,
      "minecraft:destroy_time": 1,
      "minecraft:ticking": {
        "looping": true,
        "range": [0, 0],
        "on_tick": {
          "event": "ns"
        }
      }
    },
    "events": {
"ns": {
  "sequence": [
    {
      "condition": "!q.block_neighbor_has_any_tag(0,2,0,'mixer_working')",
      "set_block_property": {
        "rc:on": 0
      }
    },
    {
      "condition": "q.block_neighbor_has_any_tag(0,2,0,'mixer_working')",
      "set_block_property": {
        "rc:on": 1
      }
    }
  ]
},
  "cu":{
    "sequence":[
    {
      "condition": "query.get_equipped_item_name == 'iron_nugget' && query.block_property('rc:iron') == 0 && query.block_property('rc:copper') == 0 && query.block_property('rc:zinc') == 0 && query.block_property('rc:zinc_nugget') == 0",
      "set_block_property": {
        "rc:iron": 1
      },
      "decrement_stack": {}
    },
    {
      "condition": "query.get_equipped_item_name == 'stone' && query.block_property('rc:andesite') == 0 && query.block_property('rc:copper') == 0 && query.block_property('rc:zinc') == 0",
      "set_block_property": {
        "rc:andesite": 1
      },
      "decrement_stack": {}
    },
    {
      "condition": "query.get_equipped_item_name == 'zinc_nugget' && query.block_property('rc:iron') == 0 && query.block_property('rc:copper') == 0 && query.block_property('rc:zinc') == 0 && query.block_property('rc:zinc_nugget') == 0",
      "set_block_property": {
        "rc:zinc_nugget": 1
      },
      "decrement_stack": {}
    },
    {
      "condition": "query.get_equipped_item_name == 'zinc_ingot' && query.block_property('rc:iron') == 0 && query.block_property('rc:andesite') == 0 && query.block_property('rc:zinc') == 0 && query.block_property('rc:zinc_nugget') == 0",
      "set_block_property": {
        "rc:zinc": 1
      },
      "decrement_stack": {}
    },
    {
      "condition": "query.get_equipped_item_name == 'copper_ingot' && query.block_property('rc:copper') == 0 && query.block_property('rc:zinc_nugget') == 0 && query.block_property('rc:iron') == 0 && query.block_property('rc:andesite') == 0",
      "set_block_property": {
        "rc:copper": 1
      },
      "decrement_stack": {}
    }
  ]
},
"iron_give":{
  "sequence":[
{
  "set_block_property": {
    "rc:iron": 0
  }
},
{
"run_command":{"command": "give @p iron_nugget"}
}
  ]
},
"andesite_give":{
  "sequence":[
{
  "set_block_property": {
    "rc:gold": 0
  }
},
{
  "run_command":{"command": "give @p stone 1 5"}
}
  ]
},
"copper_give":{
  "sequence":[
{
  "set_block_property": {
    "rc:copper": 0
  }
},
{
  "run_command":{"command": "give @p copper_ingot"}
}
  ]
},
"zinc_give":{
  "sequence":[
{
  "set_block_property": {
    "rc:brass": 0
  }
},
{
  "run_command":{"command": "give @p rc:zinc_ingot"}
}
  ]
},
"zinc_nugget_give":{
  "sequence":[
{
  "set_block_property": {
    "rc:brass": 0
  }
},
{
  "run_command":{"command": "give @p rc:zinc_nugget"}
}
  ]
},





"andesite":{
  "sequence":[
{
  "set_block_property": {
    "rc:iron": 0
  }
},
{
  "set_block_property": {
    "rc:andesite": 0
  }
},
{
  "spawn_loot": {
    "table": "loot_tables/andesite_alloy.json"
  }
}
  ]
},
"andesite_2":{
  "sequence":[
{
  "set_block_property": {
    "rc:andesite": 0
  }
},
{
  "set_block_property": {
    "rc:zinc_nugget": 0
  }
},
{
  "spawn_loot": {
    "table": "loot_tables/andesite_alloy.json"
  }
}
  ]
},
"brass":{
  "sequence":[
{
  "set_block_property": {
    "rc:copper": 0
  }
},
{
  "set_block_property": {
    "rc:zinc": 0
  }
},
{
  "spawn_loot": {
    "table": "loot_tables/brass_ingot.json"
  }
}
  ]
}
  },
    "permutations": [
  {
    "condition": "query.block_property('rc:andesite') == 1 && query.block_property('rc:iron') == 1 && query.block_property('rc:on') == 1",
    "components": {
                "tag:basin":{},
        "minecraft:ticking": {
          "looping": false,
          "range": [2, 2],
          "on_tick": {
            "event": "andesite"
          }
        }
      }
    },
    {
      "condition": "query.block_property('rc:andesite') == 1 && query.block_property('rc:zinc_nugget') == 1 && query.block_property('rc:on') == 1",
      "components": {
                "tag:basin":{},
          "minecraft:ticking": {
            "looping": false,
            "range": [2, 2],
            "on_tick": {
              "event": "andesite_2"
            }
          }
        }
      },
      {
        "condition": "query.block_property('rc:copper') == 1 && query.block_property('rc:zinc') == 1 && query.block_property('rc:on') == 1",
        "components": {
                "tag:basin":{},
            "minecraft:ticking": {
              "looping": false,
              "range": [2, 2],
              "on_tick": {
                "event": "brass"
              }
            }
          }
        }
    ]
  }
}
