{
  "format_version": "1.17.0",
  "minecraft:block": {
    "description": {
      "identifier": "rc:chute",
      "properties": {
        "rc:spass":[ 0, 1, 2 ]
      }
    },
    "components": {
      "minecraft:creative_category": {
  "group": "itemGroup.name.primary_machines",
  "category": "Construction"
},
      "minecraft:pick_collision": {
        "origin": [ -8, 0, -8],
        "size": [ 16, 16, 16 ]
    },
    "minecraft:entity_collision": {
        "origin": [ -8, 0, -8],
        "size": [ 16, 16, 16 ]
    },
      "minecraft:material_instances": {
        "*": {
          "texture": "chute",
          "render_method": "alpha_test"
        }
      },
      "minecraft:geometry": "geometry.chute",
      "minecraft:block_light_absorption": 0,
      "minecraft:destroy_time": 1,
      "minecraft:ticking": {
        "looping": true,
        "range": [2, 2],
        "on_tick": {
          "event": "reset"
        }
      }
    },
    "events": {
      "reset": {
        "sequence":[
          {
            "run_command":{
              "command":[
                "tp @e[type=item, r=2] ~ ~-1 ~ "
                      ]
                    }
          },
      {
        "set_block_property": {
      "rc:spass": 1
        }
      }
    ]
  },
  "reset2": {
    "sequence": [
      {
        "run_command":{
          "command":[
            "summon rc:drop_hopper ~~-0.3~"
                  ]
                }
      },
      {
        "set_block_property": {
      "rc:spass": 0
        }
      }
    ]
  }
},
    "permutations": [{
  "condition": "query.block_property('rc:spass') == 1",
  "components": {
    "minecraft:ticking": {
        "looping": true,
        "range": [0.5,0.5],
        "on_tick": {
          "event": "reset2"
            }
          }
        }
      }
    ]
  }
}