{
  "format_version": "1.17.0",
  "minecraft:block": {
    "description": {
      "identifier": "rc:depot",
      "properties": {
        "rc:on": [  0, 1 ],
        "rc:iron": [  0, 1 ],
        "rc:gold": [  0, 1 ],
        "rc:copper": [  0, 1 ],
        "rc:brass": [  0, 1 ]
      }
    },
    "components": {
      "minecraft:pick_collision": {
        "origin": [ -8, 0, -8],
        "size": [ 16, 13, 16 ]
    },
    "minecraft:entity_collision": {
        "origin": [ -8, 0, -8],
        "size": [ 16, 13, 16 ]
    },
      "minecraft:creative_category": {
				"group": "itemGroup.name.Construction",
				"category": "Construction"
      },
      "minecraft:material_instances": {
        "*": {
          "texture": "depot",
          "render_method": "alpha_test"
        }
      },
      "minecraft:on_interact":{
        "event":"cu",
        "target": "self"
      },
      "minecraft:geometry": "geometry.depot",
      "minecraft:block_light_absorption": 0,
      "minecraft:destroy_time": 1,
      "minecraft:ticking": {
        "looping": true,
        "range": [0, 0],
        "on_tick": {
          "event": "ns"
        }
      }
    },
    "events": {
"ns": {
  "sequence": [
    {
      "condition": "!q.block_neighbor_has_any_tag(0,2,0,'press_working')",
      "set_block_property": {
        "rc:on": 0
      }
    },
    {
      "condition": "q.block_neighbor_has_any_tag(0,2,0,'press_working')",
      "set_block_property": {
        "rc:on": 1
      }
    }
  ]
},
  "cu":{
    "sequence":[
    {
      "condition": "query.get_equipped_item_name == 'iron_ingot'",
      "set_block_property": {
        "rc:iron": 1
      },
      "decrement_stack": {}
    },
    {
      "condition": "query.get_equipped_item_name == 'gold_ingot'",
      "set_block_property": {
        "rc:gold": 1
      },
      "decrement_stack": {}
    },
    {
      "condition": "query.get_equipped_item_name == 'copper_ingot'",
      "set_block_property": {
        "rc:copper": 1
      },
      "decrement_stack": {}
    },
    {
      "condition": "query.get_equipped_item_name == 'brass_ingot'",
      "set_block_property": {
        "rc:brass": 1
      },
      "decrement_stack": {}
    }
  ]
},
"iron_give":{
  "sequence":[
{
  "set_block_property": {
    "rc:iron": 0
  }
},
{
"run_command":{"command": "give @p iron_ingot"}
}
  ]
},
"gold_give":{
  "sequence":[
{
  "set_block_property": {
    "rc:gold": 0
  }
},
{
  "run_command":{"command": "give @p gold_ingot"}
}
  ]
},
"copper_give":{
  "sequence":[
{
  "set_block_property": {
    "rc:copper": 0
  }
},
{
  "run_command":{"command": "give @p copper_ingot"}
}
  ]
},
"brass_give":{
  "sequence":[
{
  "set_block_property": {
    "rc:brass": 0
  }
},
{
  "run_command":{"command": "give @p rc:brass_ingot"}
}
  ]
},





"iron":{
  "sequence":[
{
  "set_block_property": {
    "rc:iron": 0
  }
},
{
  "spawn_loot": {
    "table": "loot_tables/iron.json"
  }
}
  ]
},
"gold":{
  "sequence":[
{
  "set_block_property": {
    "rc:gold": 0
  }
},
{
  "spawn_loot": {
    "table": "loot_tables/gold.json"
  }
}
  ]
},
"copper":{
  "sequence":[
{
  "set_block_property": {
    "rc:copper": 0
  }
},
{
  "spawn_loot": {
    "table": "loot_tables/copper.json"
  }
}
  ]
},
"brass":{
  "sequence":[
{
  "set_block_property": {
    "rc:brass": 0
  }
},
{
  "spawn_loot": {
    "table": "loot_tables/brass.json"
  }
}
  ]
}
  },
    "permutations": [
      {
        "condition": "query.block_property('rc:iron') == 1",
        "components": {
          "tag:depot":{},
          "minecraft:material_instances": {
            "*": {
                "texture": "depot_iron",
                "render_method": "alpha_test"
              }
            },
            "minecraft:on_interact":{
              "event":"iron_give",
              "target": "self"
            }
          }
        },{
          "condition": "query.block_property('rc:gold') == 1",
          "components": {
                "tag:depot":{},
            "minecraft:material_instances": {
              "*": {
                  "texture": "depot_gold",
                  "render_method": "alpha_test"
                }
              },
              "minecraft:on_interact":{
                "event":"gold_give",
                "target": "self"
              }
            }
          },{
            "condition": "query.block_property('rc:copper') == 1",
            "components": {
                "tag:depot":{},
              "minecraft:material_instances": {
                "*": {
                    "texture": "depot_copper",
                    "render_method": "alpha_test"
                  }
                },
                "minecraft:on_interact":{
                  "event":"copper_give",
                  "target": "self"
                }
              }
            },{
              "condition": "query.block_property('rc:brass') == 1",
              "components": {
                "tag:depot":{},
                "minecraft:material_instances": {
                  "*": {
                      "texture": "depot_brass",
                      "render_method": "alpha_test"
                    }
                  },
                  "minecraft:on_interact":{
                    "event":"brass_give",
                    "target": "self"
                  }
                }
              },
{
  "condition": "query.block_property('rc:iron') == 1 && query.block_property('rc:on') == 1",
  "components": {
                "tag:depot":{},
    "minecraft:material_instances": {
      "*": {
          "texture": "depot_iron",
          "render_method": "alpha_test"
        }
      },
      "minecraft:on_interact":{
        "event":"penis",
        "target": "self"
      },
      "minecraft:ticking": {
        "looping": false,
        "range": [2, 2],
        "on_tick": {
          "event": "iron"
        }
      }
    }
  },
  {
    "condition": "query.block_property('rc:gold') == 1 && query.block_property('rc:on') == 1",
    "components": {
                "tag:depot":{},
      "minecraft:material_instances": {
        "*": {
            "texture": "depot_gold",
            "render_method": "alpha_test"
          }
        },
        "minecraft:on_interact":{
          "event":"penis",
          "target": "self"
        },
        "minecraft:ticking": {
          "looping": false,
          "range": [2, 2],
          "on_tick": {
            "event": "gold"
          }
        }
      }
    },
    {
      "condition": "query.block_property('rc:copper') == 1 && query.block_property('rc:on') == 1",
      "components": {
                "tag:depot":{},
        "minecraft:material_instances": {
          "*": {
              "texture": "depot_copper",
              "render_method": "alpha_test"
            }
          },
          "minecraft:on_interact":{
            "event":"penis",
            "target": "self"
          },
          "minecraft:ticking": {
            "looping": false,
            "range": [2, 2],
            "on_tick": {
              "event": "copper"
            }
          }
        }
      },
      {
        "condition": "query.block_property('rc:brass') == 1 && query.block_property('rc:on') == 1",
        "components": {
                "tag:depot":{},
          "minecraft:material_instances": {
            "*": {
                "texture": "depot_brass",
                "render_method": "alpha_test"
              }
            },
            "minecraft:on_interact":{
              "event":"penis",
              "target": "self"
            },
            "minecraft:ticking": {
              "looping": false,
              "range": [2, 2],
              "on_tick": {
                "event": "brass"
              }
            }
          }
        }
    ]
  }
}
