{
  "format_version": "1.17.0",
  "minecraft:block": {
    "description": {
      "identifier": "rc:elevator",
      "properties": {
      }
    },
    "components": {
      "minecraft:pick_collision": {
        "origin": [ -8, 0, -8],
        "size": [ 16, 12, 16 ]
    },
    "minecraft:entity_collision": {
        "origin": [ -8, 0, -8],
        "size": [ 16, 12, 16 ]
    },
    "minecraft:on_player_placing": {
        "event": "summon",
        "target": "self"
      },
      "minecraft:creative_category": {
				"group": "itemGroup.name.Construction",
				"category": "Construction"
      },
      "minecraft:material_instances": {
        "*": {
          "texture": "elevator_floor",
          "render_method": "alpha_test"
        }
      },
      "minecraft:geometry": "geometry.elevator_floor",
      "minecraft:block_light_absorption": 1,
      "minecraft:destroy_time": 0.3,
      "minecraft:ticking": {
        "looping": true,
        "range": [0, 0],
        "on_tick": {
          "event": "ns"
        }
      }
    },
    "events": {
"ns": {
  "sequence": [
    {
    "condition": "q.block_neighbor_has_any_tag(0,-10,0,'piston_come_bunda_d_viado')",
"run_command":{
  "command":[
    "tp @e[r=1.2] ~~2.2~"
  ]
}
      },
      {
      "condition": "q.block_neighbor_has_any_tag(0,-1,0,'piston_come_bunda_d_viado')",
  "run_command":{
    "command":[
      "tp @e[r=1.2] ~~2.2~"
    ]
  }
        },
        {
        "condition": "q.block_neighbor_has_any_tag(0,-2,0,'piston_come_bunda_d_viado')",
    "run_command":{
      "command":[
        "tp @e[r=1.2] ~~2.2~"
      ]
    }
          },
          {
          "condition": "q.block_neighbor_has_any_tag(0,-3,0,'piston_come_bunda_d_viado')",
      "run_command":{
        "command":[
          "tp @e[r=1.2] ~~2.2~"
        ]
      }
            },
            {
            "condition": "q.block_neighbor_has_any_tag(0,-4,0,'piston_come_bunda_d_viado')",
        "run_command":{
          "command":[
            "tp @e[r=1.2] ~~2.2~"
          ]
        }
              },
              {
              "condition": "q.block_neighbor_has_any_tag(0,-5,0,'piston_come_bunda_d_viado')",
          "run_command":{
            "command":[
              "tp @e[r=1.2] ~~2.2~"
            ]
          }
                },
                {
                "condition": "q.block_neighbor_has_any_tag(0,-6,0,'piston_come_bunda_d_viado')",
            "run_command":{
              "command":[
                "tp @e[r=1.2] ~~2.2~"
              ]
            }
                  },
                  {
                  "condition": "q.block_neighbor_has_any_tag(0,-7,0,'piston_come_bunda_d_viado')",
              "run_command":{
                "command":[
                  "tp @e[r=1.2] ~~2.2~"
                ]
              }
                    },
                    {
                    "condition": "q.block_neighbor_has_any_tag(0,-8,0,'piston_come_bunda_d_viado')",
                "run_command":{
                  "command":[
                    "tp @e[r=1.2] ~~2.2~"
                  ]
                }
                      },
                      {
                      "condition": "q.block_neighbor_has_any_tag(0,-9,0,'piston_come_bunda_d_viado')",
                  "run_command":{
                    "command":[
                      "tp @e[r=1.2] ~~2.2~"
                    ]
                  }
                        },
                        {
                        "condition": "q.block_neighbor_has_any_tag(0,-11,0,'piston_come_bunda_d_viado')",
                    "run_command":{
                      "command":[
                        "tp @e[r=1.2] ~~2.2~"
                      ]
                    }
                          },
                          {
                          "condition": "q.block_neighbor_has_any_tag(0,-12,0,'piston_come_bunda_d_viado')",
                      "run_command":{
                        "command":[
                          "tp @e[r=1.2] ~~2.2~"
                        ]
                      }
                            },
                            {
                            "condition": "q.block_neighbor_has_any_tag(0,-13,0,'piston_come_bunda_d_viado')",
                        "run_command":{
                          "command":[
                            "tp @e[r=1.2] ~~2.2~"
                          ]
                        }
                              },
                              {
                              "condition": "q.block_neighbor_has_any_tag(0,-14,0,'piston_come_bunda_d_viado')",
                          "run_command":{
                            "command":[
                              "tp @e[r=1.2] ~~2.2~"
                            ]
                          }
                                },
                                {
                                "condition": "q.block_neighbor_has_any_tag(0,-15,0,'piston_come_bunda_d_viado')",
                            "run_command":{
                              "command":[
                                "tp @e[r=1.2] ~~2.2~"
                              ]
                            }
                                  }
    ]
  }
},
    "permutations": [
    ]
  }
}