{
  "format_version": "1.17.0",
  "minecraft:block": {
    "description": {
      "identifier": "rc:flywheel",
      "properties": {
        "rc:lado": [ 0, 1, 2, 3, 4, 5],
        "rc:giro": [0,1],
        "rc:time": [0,1]
      }
    },
    "components": {
      "minecraft:part_visibility": {
        "rules": {
          "wheel": "query.block_property('rc:giro') == 0",
          "bone": "query.block_property('rc:giro') == 0",
          "bone2": "query.block_property('rc:giro') == 0",
          "bone3": "query.block_property('rc:giro') == 0",
          "bone10": "query.block_property('rc:giro') == 0",
          "bone8": "query.block_property('rc:giro') == 0",
          "bone6": "query.block_property('rc:giro') == 0",
          "bone7": "query.block_property('rc:giro') == 0",
          "bone5": "query.block_property('rc:giro') == 0",
          "bone9": "query.block_property('rc:giro') == 0",
          "bone4": "query.block_property('rc:giro') == 0"
        }
      },
      "minecraft:pick_collision": {
        "origin": [ -8, 0, -8],
        "size": [ 16, 16, 16 ]
    },
    "minecraft:entity_collision": {
        "origin": [ -8, 0, -8],
        "size": [ 16, 16, 16 ]
    },
    "minecraft:on_player_placing": {
        "event": "summon",
        "target": "self"
      },
      "minecraft:creative_category": {
				"group": "itemGroup.name.Construction",
				"category": "Construction"
      },
      "minecraft:material_instances": {
        "*": {
          "texture": "flywheel",
          "render_method": "alpha_test"
        }
      },
      "tag:wheel":{},
      "minecraft:geometry": "geometry.flywheel_block",
      "minecraft:block_light_absorption": 0,
      "minecraft:destroy_time": 1,
      "minecraft:ticking": {
        "looping": true,
        "range": [0, 0],
        "on_tick": {
          "event": "ns"
        }
      }
    },
    
    "events": {
"ns": {
  "sequence": [
    {
      "condition": "!q.block_neighbor_has_any_tag(2,0,0,'engine_on')",
      "set_block_property": {
        "rc:giro": 0
      }
    },
    {
      "condition": "!q.block_neighbor_has_any_tag(-2,0,0,'engine_on')",
      "set_block_property": {
        "rc:giro": 0
      }
    },
    {
      "condition": "!q.block_neighbor_has_any_tag(0,0,2,'engine_on')",
      "set_block_property": {
        "rc:giro": 0
      }
    },
    {
      "condition": "!q.block_neighbor_has_any_tag(0,0,-2,'engine_on')",
      "set_block_property": {
        "rc:giro": 0
      }
    },
    {
      "condition": "q.block_neighbor_has_any_tag(2,0,0,'engine_on')",
      "set_block_property": {
        "rc:giro": 1
      }
    },
    {
      "condition": "q.block_neighbor_has_any_tag(-2,0,0,'engine_on')",
      "set_block_property": {
        "rc:giro": 1
      }
    },
    {
      "condition": "q.block_neighbor_has_any_tag(0,0,2,'engine_on')",
      "set_block_property": {
        "rc:giro": 1
      }
    },
    {
      "condition": "q.block_neighbor_has_any_tag(0,0,-2,'engine_on')",
      "set_block_property": {
        "rc:giro": 1
      }
    },
    { 
      "condition": "query.block_property('rc:giro') == 1 && query.block_property('rc:time') == 1",
      "trigger": {
      "event": "entity"
   }
  },
  { 
    "condition": "query.block_property('rc:giro') == 0 && query.block_property('rc:time') == 0",
    "trigger": {
    "event": "kill_entity"
      }
    }   
  ]
},
"kill_entity":{"sequence": [
  {
    "run_command": {
      "command": [
        "tp @e[type=rc:wheel_north,r=1] ~~-400~",
        "tp @e[type=rc:wheel_south,r=1] ~~-400~",
        "tp @e[type=rc:wheel_west,r=1] ~~-400~",
        "tp @e[type=rc:wheel_east,r=1] ~~-400~",
        "function reset"
      ]
    }
  },
  {
    "set_block_property": {
      "rc:time": 1
    }
  }
]
},
"time":{"sequence": [
  {
  "set_block_property": {
    "rc:giro": 1
  }
},
{
"set_block_property": {
  "rc:time": 1
}
}
]
},
"entity":{
  "sequence": [
    {
      "condition": "query.block_property('rc:lado') == 2",
      "run_command": {
        "command": [
          "summon rc:wheel_north ~~-0.5~"
        ]
      }
    },
    {
      "condition": "query.block_property('rc:lado') == 3",
      "run_command": {
        "command": [
          "summon rc:wheel_south ~~-0.5~"
        ]
      }
    },
    {
      "condition": "query.block_property('rc:lado') == 4",
      "run_command": {
        "command": [
          "summon rc:wheel_west ~~-0.5~"
        ]
      }
    },
    {
      "condition": "query.block_property('rc:lado') == 5",
      "run_command": {
        "command": [
          "summon rc:wheel_east ~~-0.5~"
        ]
      }
    },
    {
      "set_block_property": {
        "rc:time": 0
      }
    }
  ]
},
"summon":{
  "set_block_property": {
    "rc:lado": "(query.cardinal_player_facing)"
       }
    }
  },
    "permutations": [
      {
  "condition": "query.block_property('rc:giro') == 1 && query.block_property('rc:lado') == 2",
  "components": {
    "tag:ns_giro2":{}
  }
},
{
"condition": "query.block_property('rc:giro') == 1 && query.block_property('rc:lado') == 3",
"components": {
"tag:ns_giro2":{}
}
},
{
"condition": "query.block_property('rc:giro') == 1 && query.block_property('rc:lado') == 4",
"components": {
"tag:we_giro2":{}
}
},
{
"condition": "query.block_property('rc:giro') == 1 && query.block_property('rc:lado') == 5",
"components": {
"tag:we_giro2":{}
}
},
{
  "condition": "query.block_property('rc:on') == 1",
  "components": {
    "tag:engine_on":{}
  }
}, {
        "condition": "query.block_property('rc:lado') == 3",
        "components": {    
          "tag:flywheel_north":{},
          "minecraft:rotation": [ 0, 0, 0 ]
        }
    },
    {
        "condition": "query.block_property('rc:lado') == 2",
        "components": {
          "tag:flywheel_south":{},  
          "minecraft:rotation": [ 0, 180, 0 ]
        }
    },
    {
        "condition": "query.block_property('rc:lado') == 5",
        "components": {  
          "tag:flywheel_west":{},  
            "minecraft:rotation": [ 0, 90, 0 ]
        }
    },
    {
        "condition": "query.block_property('rc:lado') == 4",
        "components": { 
          "tag:flywheel_east":{},   
            "minecraft:rotation": [ 0, 270, 0 ]
        }
    }
    ]
  }
}