{
  "format_version": "1.17.0",
  "minecraft:block": {
    "description": {
      "identifier": "rc:furnace_engine",
      "properties": {
        "rc:lado": [ 0, 1, 2, 3, 4, 5],
        "rc:on": [0,1]
      }
    },
    "components": {
      "minecraft:pick_collision": {
        "origin": [ -8, 0, -8],
        "size": [ 16, 16, 16 ]
    },
    "minecraft:entity_collision": {
        "origin": [ -8, 0, -8],
        "size": [ 16, 16, 16 ]
    },"minecraft:on_player_placing": {
        "event": "summon",
        "target": "self"
      },
      "minecraft:creative_category": {
				"group": "itemGroup.name.Construction",
				"category": "Construction"
      },
      "minecraft:material_instances": {
        "*": {
          "texture": "furnace_engine",
          "render_method": "alpha_test"
        }
      },
      "minecraft:geometry": "geometry.furnace_engine",
      "minecraft:block_light_absorption": 0,
      "minecraft:destroy_time": 1,
      "minecraft:ticking": {
        "looping": true,
        "range": [0, 0],
        "on_tick": {
          "event": "ns"
        }
      }
    },
    
    "events": {
"ns": {
  "sequence": [
    {
"run_command":{
  "command":[
    "fill ~1~~ ~-1~~ rc:create_furnace_off 0 replace furnace",
    "fill ~~~1 ~~~-1 rc:create_furnace_off 0 replace furnace"
  ]
}
    },
    {
      "condition": "!q.block_neighbor_has_any_tag(1,0,0,'furnace_on')",
      "set_block_property": {
        "rc:on": 0
      }
    },
    {
      "condition": "!q.block_neighbor_has_any_tag(-1,0,0,'furnace_on')",
      "set_block_property": {
        "rc:on": 0
      }
    },
    {
      "condition": "!q.block_neighbor_has_any_tag(0,0,1,'furnace_on')",
      "set_block_property": {
        "rc:on": 0
      }
    },
    {
      "condition": "!q.block_neighbor_has_any_tag(0,0,-1,'furnace_on')",
      "set_block_property": {
        "rc:on": 0
      }
    },
    {
      "condition": "q.block_neighbor_has_any_tag(1,0,0,'furnace_on')",
      "set_block_property": {
        "rc:on": 1
      }
    },
    {
      "condition": "q.block_neighbor_has_any_tag(-1,0,0,'furnace_on')",
      "set_block_property": {
        "rc:on": 1
      }
    },
    {
      "condition": "q.block_neighbor_has_any_tag(0,0,1,'furnace_on')",
      "set_block_property": {
        "rc:on": 1
      }
    },
    {
      "condition": "q.block_neighbor_has_any_tag(0,0,-1,'furnace_on')",
      "set_block_property": {
        "rc:on": 1
      }
    },



    {
      "condition": "q.block_neighbor_has_any_tag(0,0,-2,'flywheel_east')",
      "set_block_property": {
        "rc:lado": 2
      }
    },
    {
      "condition": "q.block_neighbor_has_any_tag(0,0,2,'flywheel_west')",
      "set_block_property": {
        "rc:lado": 3
      }
    },
    {
      "condition": "q.block_neighbor_has_any_tag(-2,0,0,'flywheel_north')",
      "set_block_property": {
        "rc:lado": 4
      }
    },
    {
      "condition": "q.block_neighbor_has_any_tag(2,0,0,'flywheel_south')",
      "set_block_property": {
        "rc:lado": 5
      }
    }
  ]
},
"summon":{
  "sequence":[
  ]
}
    },
    "permutations": [{
  "condition": "query.block_property('rc:on') == 0",
  "components": {
    "tag:engine_off":{}
  }
},{
  "condition": "query.block_property('rc:on') == 1",
  "components": {
    "tag:engine_on":{}
  }
}, {
        "condition": "query.block_property('rc:lado') == 2",
        "components": {    
          "minecraft:rotation": [ 0, 0, 0 ]
        }
    },
    {
        "condition": "query.block_property('rc:lado') == 3",
        "components": {  
          "minecraft:rotation": [ 0, 180, 0 ]
        }
    },
    {
        "condition": "query.block_property('rc:lado') == 4",
        "components": {    
            "minecraft:rotation": [ 0, 90, 0 ]
        }
    },
    {
        "condition": "query.block_property('rc:lado') == 5",
        "components": {    
            "minecraft:rotation": [ 0, 270, 0 ]
        }
    }
    ]
  }
}