{
  "format_version": "1.17.0",
  "minecraft:block": {
    "description": {
      "identifier": "rc:create_furnace_on"
    },
    "components": {
      "minecraft:pick_collision": {
        "origin": [ -8, 0, -8],
        "size": [ 16, 16, 16 ]
    },
    "minecraft:entity_collision": {
        "origin": [ -8, 0, -8],
        "size": [ 16, 16, 16 ]
    },
      "minecraft:material_instances": {
        "*": {
          "texture": "furnace_create",
          "render_method": "alpha_test"
        }
      },
      "minecraft:loot": "loot_tables/furnace.json",
      "minecraft:ticking": {
        "looping": true,
        "range": [10, 10],
        "on_tick": {
          "event": "ns"
        }
      },
      "tag:furnace_on":{},
      "minecraft:geometry": "geometry.furnace_create",
      "minecraft:block_light_absorption": 0,
      "minecraft:destroy_time": 1
    },
    "events": {
      "ns":{
        "run_command":{
          "command":[
            "execute as @e at @s[type=rc:furnace_generator.container,hasitem={item=coal,quantity=0},r=2] run fill ~ ~ ~ ~ ~ ~ rc:create_furnace_off 0 replace rc:create_furnace_on",
            "particle minecraft:basic_flame_particle ~~0.5~",
            "replaceitem entity @e[type=rc:furnace_generator.container,hasitem={item=coal,quantity=1},r=2] slot.inventory 0 air",
            "replaceitem entity @e[type=rc:furnace_generator.container,hasitem={item=coal,quantity=2},r=2] slot.inventory 0 coal 1",
            "replaceitem entity @e[type=rc:furnace_generator.container,hasitem={item=coal,quantity=3},r=2] slot.inventory 0 coal 2",
            "replaceitem entity @e[type=rc:furnace_generator.container,hasitem={item=coal,quantity=4},r=2] slot.inventory 0 coal 3",
            "replaceitem entity @e[type=rc:furnace_generator.container,hasitem={item=coal,quantity=5},r=2] slot.inventory 0 coal 4",
            "replaceitem entity @e[type=rc:furnace_generator.container,hasitem={item=coal,quantity=6},r=2] slot.inventory 0 coal 5",
            "replaceitem entity @e[type=rc:furnace_generator.container,hasitem={item=coal,quantity=7},r=2] slot.inventory 0 coal 6",
            "replaceitem entity @e[type=rc:furnace_generator.container,hasitem={item=coal,quantity=8},r=2] slot.inventory 0 coal 7",
            "replaceitem entity @e[type=rc:furnace_generator.container,hasitem={item=coal,quantity=9},r=2] slot.inventory 0 coal 8",
            "replaceitem entity @e[type=rc:furnace_generator.container,hasitem={item=coal,quantity=10},r=2] slot.inventory 0 coal 9",
            "replaceitem entity @e[type=rc:furnace_generator.container,hasitem={item=coal,quantity=11},r=2] slot.inventory 0 coal 10",
            "replaceitem entity @e[type=rc:furnace_generator.container,hasitem={item=coal,quantity=12},r=2] slot.inventory 0 coal 11",
            "replaceitem entity @e[type=rc:furnace_generator.container,hasitem={item=coal,quantity=13},r=2] slot.inventory 0 coal 12",
            "replaceitem entity @e[type=rc:furnace_generator.container,hasitem={item=coal,quantity=14},r=2] slot.inventory 0 coal 13",
            "replaceitem entity @e[type=rc:furnace_generator.container,hasitem={item=coal,quantity=15},r=2] slot.inventory 0 coal 14",
            "replaceitem entity @e[type=rc:furnace_generator.container,hasitem={item=coal,quantity=16},r=2] slot.inventory 0 coal 15",
            "replaceitem entity @e[type=rc:furnace_generator.container,hasitem={item=coal,quantity=17},r=2] slot.inventory 0 coal 16",
            "replaceitem entity @e[type=rc:furnace_generator.container,hasitem={item=coal,quantity=18},r=2] slot.inventory 0 coal 17",
            "replaceitem entity @e[type=rc:furnace_generator.container,hasitem={item=coal,quantity=19},r=2] slot.inventory 0 coal 18",
            "replaceitem entity @e[type=rc:furnace_generator.container,hasitem={item=coal,quantity=20},r=2] slot.inventory 0 coal 19",
            "replaceitem entity @e[type=rc:furnace_generator.container,hasitem={item=coal,quantity=21},r=2] slot.inventory 0 coal 20",
            "replaceitem entity @e[type=rc:furnace_generator.container,hasitem={item=coal,quantity=22},r=2] slot.inventory 0 coal 21",
            "replaceitem entity @e[type=rc:furnace_generator.container,hasitem={item=coal,quantity=23},r=2] slot.inventory 0 coal 22",
            "replaceitem entity @e[type=rc:furnace_generator.container,hasitem={item=coal,quantity=24},r=2] slot.inventory 0 coal 23",
            "replaceitem entity @e[type=rc:furnace_generator.container,hasitem={item=coal,quantity=25},r=2] slot.inventory 0 coal 24",
            "replaceitem entity @e[type=rc:furnace_generator.container,hasitem={item=coal,quantity=26},r=2] slot.inventory 0 coal 25",
            "replaceitem entity @e[type=rc:furnace_generator.container,hasitem={item=coal,quantity=27},r=2] slot.inventory 0 coal 26",
            "replaceitem entity @e[type=rc:furnace_generator.container,hasitem={item=coal,quantity=28},r=2] slot.inventory 0 coal 27",
            "replaceitem entity @e[type=rc:furnace_generator.container,hasitem={item=coal,quantity=29},r=2] slot.inventory 0 coal 28",
            "replaceitem entity @e[type=rc:furnace_generator.container,hasitem={item=coal,quantity=30},r=2] slot.inventory 0 coal 29",
            "replaceitem entity @e[type=rc:furnace_generator.container,hasitem={item=coal,quantity=31},r=2] slot.inventory 0 coal 30",
            "replaceitem entity @e[type=rc:furnace_generator.container,hasitem={item=coal,quantity=32},r=2] slot.inventory 0 coal 31",
            "replaceitem entity @e[type=rc:furnace_generator.container,hasitem={item=coal,quantity=33},r=2] slot.inventory 0 coal 32",
            "replaceitem entity @e[type=rc:furnace_generator.container,hasitem={item=coal,quantity=34},r=2] slot.inventory 0 coal 33",
            "replaceitem entity @e[type=rc:furnace_generator.container,hasitem={item=coal,quantity=35},r=2] slot.inventory 0 coal 34",
            "replaceitem entity @e[type=rc:furnace_generator.container,hasitem={item=coal,quantity=36},r=2] slot.inventory 0 coal 35",
            "replaceitem entity @e[type=rc:furnace_generator.container,hasitem={item=coal,quantity=37},r=2] slot.inventory 0 coal 36",
            "replaceitem entity @e[type=rc:furnace_generator.container,hasitem={item=coal,quantity=38},r=2] slot.inventory 0 coal 37",
            "replaceitem entity @e[type=rc:furnace_generator.container,hasitem={item=coal,quantity=39},r=2] slot.inventory 0 coal 38",
            "replaceitem entity @e[type=rc:furnace_generator.container,hasitem={item=coal,quantity=40},r=2] slot.inventory 0 coal 39",
            "replaceitem entity @e[type=rc:furnace_generator.container,hasitem={item=coal,quantity=41},r=2] slot.inventory 0 coal 40",
            "replaceitem entity @e[type=rc:furnace_generator.container,hasitem={item=coal,quantity=42},r=2] slot.inventory 0 coal 41",
            "replaceitem entity @e[type=rc:furnace_generator.container,hasitem={item=coal,quantity=43},r=2] slot.inventory 0 coal 42",
            "replaceitem entity @e[type=rc:furnace_generator.container,hasitem={item=coal,quantity=44},r=2] slot.inventory 0 coal 43",
            "replaceitem entity @e[type=rc:furnace_generator.container,hasitem={item=coal,quantity=45},r=2] slot.inventory 0 coal 44",
            "replaceitem entity @e[type=rc:furnace_generator.container,hasitem={item=coal,quantity=46},r=2] slot.inventory 0 coal 45",
            "replaceitem entity @e[type=rc:furnace_generator.container,hasitem={item=coal,quantity=47},r=2] slot.inventory 0 coal 46",
            "replaceitem entity @e[type=rc:furnace_generator.container,hasitem={item=coal,quantity=48},r=2] slot.inventory 0 coal 47",
            "replaceitem entity @e[type=rc:furnace_generator.container,hasitem={item=coal,quantity=49},r=2] slot.inventory 0 coal 48",
            "replaceitem entity @e[type=rc:furnace_generator.container,hasitem={item=coal,quantity=50},r=2] slot.inventory 0 coal 49",
            "replaceitem entity @e[type=rc:furnace_generator.container,hasitem={item=coal,quantity=51},r=2] slot.inventory 0 coal 50",
            "replaceitem entity @e[type=rc:furnace_generator.container,hasitem={item=coal,quantity=52},r=2] slot.inventory 0 coal 51",
            "replaceitem entity @e[type=rc:furnace_generator.container,hasitem={item=coal,quantity=53},r=2] slot.inventory 0 coal 52",
            "replaceitem entity @e[type=rc:furnace_generator.container,hasitem={item=coal,quantity=54},r=2] slot.inventory 0 coal 53",
            "replaceitem entity @e[type=rc:furnace_generator.container,hasitem={item=coal,quantity=55},r=2] slot.inventory 0 coal 54",
            "replaceitem entity @e[type=rc:furnace_generator.container,hasitem={item=coal,quantity=56},r=2] slot.inventory 0 coal 55",
            "replaceitem entity @e[type=rc:furnace_generator.container,hasitem={item=coal,quantity=57},r=2] slot.inventory 0 coal 56",
            "replaceitem entity @e[type=rc:furnace_generator.container,hasitem={item=coal,quantity=58},r=2] slot.inventory 0 coal 57",
            "replaceitem entity @e[type=rc:furnace_generator.container,hasitem={item=coal,quantity=59},r=2] slot.inventory 0 coal 58",
            "replaceitem entity @e[type=rc:furnace_generator.container,hasitem={item=coal,quantity=60},r=2] slot.inventory 0 coal 59",
            "replaceitem entity @e[type=rc:furnace_generator.container,hasitem={item=coal,quantity=61},r=2] slot.inventory 0 coal 60",
            "replaceitem entity @e[type=rc:furnace_generator.container,hasitem={item=coal,quantity=62},r=2] slot.inventory 0 coal 61",
            "replaceitem entity @e[type=rc:furnace_generator.container,hasitem={item=coal,quantity=63},r=2] slot.inventory 0 coal 62",
            "replaceitem entity @e[type=rc:furnace_generator.container,hasitem={item=coal,quantity=64},r=2] slot.inventory 0 coal 63"
          ]
        }
      }
},
    "permutations": [
    ]
  }
}