{
  "format_version": "1.17.0",
  "minecraft:block": {
    "description": {
      "identifier": "rc:create_furnace_off"
    },
    "components": {
      "minecraft:pick_collision": {
        "origin": [ -8, 0, -8],
        "size": [ 16, 16, 16 ]
    },
    "minecraft:entity_collision": {
        "origin": [ -8, 0, -8],
        "size": [ 16, 16, 16 ]
    },
      "minecraft:material_instances": {
        "*": {
          "texture": "furnace_create",
          "render_method": "alpha_test"
        }
      },
      "minecraft:loot": "loot_tables/furnace.json",
      "minecraft:ticking": {
        "looping": true,
        "range": [0, 0],
        "on_tick": {
          "event": "ns"
        }
      },
      "minecraft:on_placed": {
        "event": "summon"
      },
      "tag:furnace_off":{},
      "minecraft:geometry": "geometry.furnace_create",
      "minecraft:block_light_absorption": 0,
      "minecraft:destroy_time": 1
    },
    "events": {
      "ns":{
        "run_command":{
          "command":[
            "execute as @e[type=rc:furnace_generator.container,hasitem={item=coal},r=2] at @s run fill ~ ~ ~ ~ ~ ~ rc:create_furnace_on 0 replace rc:create_furnace_off"
          ]
        }
      },
      "summon":{
        "run_command": {
          "command": [
            "kill @e[type=rc:furnace_generator.container,r=2]",
            "summon rc:furnace_generator.container ~~~ rc:furnace_generator furnace_generator"
          ]
        }
      }
    },
    "permutations": [
    ]
  }
}