{
  "format_version": "1.17.0",
  "minecraft:block": {
    "description": {
      "identifier": "rc:gearbox",
      "properties": {
        "rc:giro": [0, 1]
      }
    },
    "components": {	
      "minecraft:on_player_destroyed": {
      "event": "reset",
      "target": "self"
    },
      "minecraft:pick_collision": {
        "origin": [ -8, 0, -8],
        "size": [ 16, 16, 16 ]
    },
    "minecraft:entity_collision": {
        "origin": [ -8, 0, -8],
        "size": [ 16, 16, 16 ]
    },
      "minecraft:creative_category": {
				"group": "itemGroup.name.Construction",
				"category": "Construction"
      },
      "minecraft:material_instances": {
        "*": {
          "texture": "gearbox",
          "render_method": "alpha_test"
        }
      },
      "tag:wheel":{},
      "minecraft:geometry": "geometry.gearbox",
      "minecraft:block_light_absorption": 0,
      "minecraft:destroy_time": 1,
      "minecraft:ticking": {
        "looping": true,
        "range": [0, 0],
        "on_tick": {
          "event": "ns"
        }
      },
      "tag:shaft": {}
    },
    "events": {
"ns": {
  "sequence": [
    {
      "condition": "!q.block_neighbor_has_any_tag(0,1,0,'ud_giro2')",
      "set_block_property": {
        "rc:giro": 0
      }
    },
    {
      "condition": "!q.block_neighbor_has_any_tag(0,-1,0,'ud_giro2')",
      "set_block_property": {
        "rc:giro": 0
      }
    },
    {
      "condition": "!q.block_neighbor_has_any_tag(0,0,1,'ns_giro2')",
      "set_block_property": {
        "rc:giro": 0
      }
    },
    {
      "condition": "!q.block_neighbor_has_any_tag(0,0,-1,'ns_giro2')",
      "set_block_property": {
        "rc:giro": 0
      }
    },
    {
      "condition": "!q.block_neighbor_has_any_tag(1,0,0,'we_giro2')",
      "set_block_property": {
        "rc:giro": 0
      }
    },
    {
      "condition": "!q.block_neighbor_has_any_tag(-1,0,0,'we_giro2')",
      "set_block_property": {
        "rc:giro": 0
      }
    },

    {
      "condition": "q.block_neighbor_has_any_tag(0,1,0,'ud_giro2')",
      "set_block_property": {
        "rc:giro": 1
      }
    },
    {
      "condition": "q.block_neighbor_has_any_tag(0,-1,0,'ud_giro2')",
      "set_block_property": {
        "rc:giro": 1
      }
    },
    {
      "condition": "q.block_neighbor_has_any_tag(0,0,1,'ns_giro2')",
      "set_block_property": {
        "rc:giro": 1
      }
    },
    {
      "condition": "q.block_neighbor_has_any_tag(0,0,-1,'ns_giro2')",
      "set_block_property": {
        "rc:giro": 1
      }
    },
    {
      "condition": "q.block_neighbor_has_any_tag(1,0,0,'we_giro2')",
      "set_block_property": {
        "rc:giro": 1
      }
    },
    {
      "condition": "q.block_neighbor_has_any_tag(-1,0,0,'we_giro2')",
      "set_block_property": {
        "rc:giro": 1
      }
    }
  ]
},
"reset": {
"run_command":{
"command":[
"function reset2"
]
}
}
    },
    "permutations": [
{
  "condition": "query.block_property('rc:giro') == 1",
  "components": {
    "tag:ns_giro2": {},
    "tag:we_giro2": {},
    "tag:ud_giro2": {},
    "minecraft:material_instances": {
      "*": {
          "texture": "gearbox_2",
          "render_method": "alpha_test"
      }
  }
  }
}
    ]
  }
}
