{
  "format_version": "1.17.0",
  "minecraft:block": {
    "description": {
      "identifier": "rc:gearshift",
      "properties": {
        "rc:lado": [ 0, 1, 2, 3, 4, 5 ],
        "rc:giro": [  0, 1 ],
        "rc:on": [  0, 1 ]
      }
    },
    "components": {
      "minecraft:pick_collision": {
        "origin": [ -8, 0, -8],
        "size": [ 16, 16, 16 ]
    },
    "minecraft:entity_collision": {
        "origin": [ -8, 0, -8],
        "size": [ 16, 16, 16 ]
    },
      "minecraft:creative_category": {
				"group": "itemGroup.name.Construction",
				"category": "Construction"
      },
      "minecraft:on_player_placing": {
        "event": "summon",
        "target": "self"
      },
      "minecraft:material_instances": {
        "*": {
          "texture": "gearshift_off",
          "render_method": "alpha_test"
        }
      },
      "minecraft:geometry": "geometry.gearshift",
      "minecraft:block_light_absorption": 0,
      "minecraft:destroy_time": 1,
      "minecraft:ticking": {
        "looping": true,
        "range": [0, 0],
        "on_tick": {
          "event": "ns"
        }
      },
      "tag:gearshift":{},
      "tag:wheel": {}
    },
    "events": {
"ns": {
  "sequence": [
    {
      "condition": "!q.block_neighbor_has_any_tag(1,0,0,'fake_redstone_block2')",
      "set_block_property": {
        "rc:on": 0
      }
    },
    {
      "condition": "!q.block_neighbor_has_any_tag(-1,0,0,'fake_redstone_block2')",
      "set_block_property": {
        "rc:on": 0
      }
    },
    {
      "condition": "!q.block_neighbor_has_any_tag(0,1,0,'fake_redstone_block2')",
      "set_block_property": {
        "rc:on": 0
      }
    },
    {
      "condition": "!q.block_neighbor_has_any_tag(0,-1,0,'fake_redstone_block2')",
      "set_block_property": {
        "rc:on": 0
      }
    },
    {
      "condition": "!q.block_neighbor_has_any_tag(0,0,1,'fake_redstone_block2')",
      "set_block_property": {
        "rc:on": 0
      }
    },
    {
      "condition": "!q.block_neighbor_has_any_tag(0,0,-1,'fake_redstone_block2')",
      "set_block_property": {
        "rc:on": 0
      }
    },

    {
      "condition": "q.block_neighbor_has_any_tag(1,0,0,'fake_redstone_block2')",
      "set_block_property": {
        "rc:on": 1
      }
    },
    {
      "condition": "q.block_neighbor_has_any_tag(-1,0,0,'fake_redstone_block2')",
      "set_block_property": {
        "rc:on": 1
      }
    },
    {
      "condition": "q.block_neighbor_has_any_tag(0,1,0,'fake_redstone_block2')",
      "set_block_property": {
        "rc:on": 1
      }
    },
    {
      "condition": "q.block_neighbor_has_any_tag(0,-1,0,'fake_redstone_block2')",
      "set_block_property": {
        "rc:on": 1
      }
    },
    {
      "condition": "q.block_neighbor_has_any_tag(0,0,1,'fake_redstone_block2')",
      "set_block_property": {
        "rc:on": 1
      }
    },
    {
      "condition": "q.block_neighbor_has_any_tag(0,0,-1,'fake_redstone_block2')",
      "set_block_property": {
        "rc:on": 1
      }
    },




    {
      "run_command":{
        "command":[
          "fill ~~~1 ~~~-1 rc:fake_redstone_block 0 replace redstone_block",
      "fill ~~1~ ~~-1~ rc:fake_redstone_block 0 replace redstone_block",
    "fill ~1~~ ~-1~~ rc:fake_redstone_block 0 replace redstone_block"
      ]
    }
  },
    {
      "condition": "!q.block_neighbor_has_any_tag(0,0,1,'ns_giro2')",
      "set_block_property": {
        "rc:giro": 0
      }
    },
    {
      "condition": "!q.block_neighbor_has_any_tag(0,0,-1,'ns_giro2')",
      "set_block_property": {
        "rc:giro": 0
      }
    },
    {
      "condition": "!q.block_neighbor_has_any_tag(1,0,0,'we_giro2')",
      "set_block_property": {
        "rc:giro": 0
      }
    },
    {
      "condition": "!q.block_neighbor_has_any_tag(-1,0,0,'we_giro2')",
      "set_block_property": {
        "rc:giro": 0
      }
    },

    {
      "condition": "q.block_neighbor_has_any_tag(0,0,1,'ns_giro2')",
      "set_block_property": {
        "rc:giro": 1
      }
    },
    {
      "condition": "q.block_neighbor_has_any_tag(0,0,-1,'ns_giro2')",
      "set_block_property": {
        "rc:giro": 1
      }
    },
    {
      "condition": "q.block_neighbor_has_any_tag(1,0,0,'we_giro2')",
      "set_block_property": {
        "rc:giro": 1
      }
    },
    {
      "condition": "q.block_neighbor_has_any_tag(-1,0,0,'we_giro2')",
      "set_block_property": {
        "rc:giro": 1
      }
    }
  ]
},
      "summon": {
         "set_block_property": {
             "rc:lado": "(query.cardinal_player_facing)"
        }
     }
  },
    "permutations": [
{
  "condition": "query.block_property('rc:on') == 1",
  "components": {
    "minecraft:material_instances": {
      "*": {
          "texture": "gearshift_on",
          "render_method": "alpha_test"
        }
      }
    }
  },{
    "condition": "query.block_property('rc:on') == 1 && query.block_property('rc:giro') == 1",
    "components": {
      "tag:ns_giro1":{},
      "tag:we_giro1":{},
      "minecraft:material_instances": {
        "*": {
            "texture": "gearshift_on",
            "render_method": "alpha_test"
          }
        }
      }
    },{
    "condition": "query.block_property('rc:on') == 0 && query.block_property('rc:giro') == 1",
    "components": {
      "tag:ns_giro2":{},
      "tag:we_giro2":{},
      "minecraft:material_instances": {
        "*": {
            "texture": "gearshift_off",
            "render_method": "alpha_test"
          }
        }
      }
    },
  {
    "condition": "query.block_property('rc:lado') == 3",
    "components": {    
      "minecraft:rotation": [ 0, 0, 0 ]
    }
},
{
    "condition": "query.block_property('rc:lado') == 2",
    "components": {  
      "minecraft:rotation": [ 0, 180, 0 ]
    }
},
{
    "condition": "query.block_property('rc:lado') == 5",
    "components": {    
        "minecraft:rotation": [ 0, 90, 0 ]
    }
},
{
    "condition": "query.block_property('rc:lado') == 4",
    "components": {    
        "minecraft:rotation": [ 0, 270, 0 ]
    }
}
    ]
  }
}
