{
  "format_version": "1.17.0",
  "minecraft:block": {
    "description": {
      "identifier": "rc:hand_crank",
      "properties": {
        "rc:lado": [ 0, 1, 2, 3, 4, 5],
        "rc:working": [0,1,2],
        "rc:time": [0,1,2, 3]
      }
    },
    "components": {
      "minecraft:rotation":[180,0,0],
      "minecraft:pick_collision": {
        "origin": [ -8, 0, -8],
        "size": [ 16, 16, 16 ]
    },
    "minecraft:entity_collision": {
        "origin": [ -8, 0, -8],
        "size": [ 0, 0, 0 ]
    },"minecraft:on_player_placing": {
        "event": "summon",
        "target": "self"
      },
      "minecraft:creative_category": {
				"group": "itemGroup.name.Construction",
				"category": "Construction"
      },
      "minecraft:material_instances": {
        "*": {
          "texture": "hand_crank_1",
          "render_method": "alpha_test"
        }
      },
      "minecraft:geometry": "geometry.hand_crank",
      "minecraft:block_light_absorption": 0,
      "minecraft:destroy_time": 1,
      "minecraft:on_interact":{
        "event":"ns"
      },
      "minecraft:ticking": {
        "looping": false,
        "range": [0.5, 0.5],
        "on_tick": {
          "event": "stop"
        }
      }
    },
    "events": {
"ns": {
  "sequence": [
    {
      "condition": "query.block_property('rc:time') < 3",
      "set_block_property": {
        "rc:time": "(query.block_property('rc:time')+1)"
      }
    },
    {
      "condition": "query.block_property('rc:time') == 3",
      "set_block_property": {
        "rc:time": 1
      }
    },
    {
      "condition":"!query.is_sneaking",
      "set_block_property":{
        "rc:working": 1
        }
      },
    {
      "condition":"query.is_sneaking",
      "set_block_property":{
        "rc:working": 2
        }
      }
  ]
},
"stop":{
  "sequence":[
    {"run_command":{
      "command":[
        "function reset2"
      ]
    }},
  {
    "set_block_property":{
      "rc:working": 0
      }
      },
      {
        "set_block_property":{
        "rc:time": 0
        }
      }
    ]
  },
  "summon": {
    "set_block_property": {
      "rc:lado": "(query.cardinal_block_face_placed_on)"
         }
     }
    },
    "permutations": [
      {
        "condition": "query.block_property('rc:working') == 0",
        "components": {
          "minecraft:material_instances": {
            "*": {
                "texture": "hand_crank",
                "render_method": "alpha_test"
            }
        }
        }
      },
{
  "condition": "query.block_property('rc:working') == 1",
  "components": {
    "tag:ns_giro2": {},
    "tag:we_giro2": {},
    "tag:ud_giro2": {},
    "minecraft:material_instances": {
      "*": {
          "texture": "hand_crank_1",
          "render_method": "alpha_test"
      }
  }
  }
},
{
  "condition": "query.block_property('rc:working') == 2",
  "components": {
    "tag:ns_giro1": {},
    "tag:we_giro1": {},
    "tag:ud_giro1": {},
    "minecraft:material_instances": {
      "*": {
          "texture": "hand_crank_2",
          "render_method": "alpha_test"
      }
  }
  }
},
{
  "condition": "query.block_property('rc:time') >= 1",
  "components": {
    "minecraft:ticking": {
        "looping": true,
        "range": [0.5, 0.5],
        "on_tick": {
          "event": "stop"
        }
      }
  }
},
    
  {
  "condition": "query.block_property('rc:lado') == 2 && query.block_property('rc:working') == 1",
  "components": {    
    "tag:n_giro2": {}
      }
    },
    {
      "condition": "query.block_property('rc:lado') == 2 && query.block_property('rc:working') == 2",
      "components": {    
        "tag:n_giro1": {}
          }
     },
     {
      "condition": "query.block_property('rc:lado') == 3 && query.block_property('rc:working') == 1",
      "components": {    
        "tag:s_giro1": {}
          }
        },
        {
          "condition": "query.block_property('rc:lado') == 3 && query.block_property('rc:working') == 2",
          "components": {    
            "tag:s_giro2": {}
              }
        },
    {
        "condition": "query.block_property('rc:lado') == 2",
        "components": {    
          "minecraft:rotation": [ 0, 0, 0 ]
        }
    },
    {
        "condition": "query.block_property('rc:lado') == 3",
        "components": {  
          "minecraft:rotation": [ 0, 180, 0 ]
        }
    },
    {
        "condition": "query.block_property('rc:lado') == 4",
        "components": {    
            "minecraft:rotation": [ 0, 90, 0 ]
        }
    },
    {
        "condition": "query.block_property('rc:lado') == 5",
        "components": {    
            "minecraft:rotation": [ 0, 270, 0 ]
        }
    },
    {
      "condition": "query.block_property('rc:lado') == 0",
      "components": { 
          "minecraft:rotation": [ 270, 0, 0 ]
      }
  },
  {
      "condition": "query.block_property('rc:lado') == 1",
      "components": {
          "minecraft:rotation": [ 90, 0, 0 ]
      }
  }
    ]
  }
}