{
  "format_version": "1.17.0",
  "minecraft:block": {
    "description": {
      "identifier": "rc:mechanical_mixer",
      "properties": {
        "rc:giro": [  0, 1 ],
        "rc:on": [  0, 1 ]
      }
    },
    "components": {
      "minecraft:pick_collision": {
        "origin": [ -8, 0, -8],
        "size": [ 16, 16, 16 ]
    },
    "minecraft:entity_collision": {
        "origin": [ -8, 0, -8],
        "size": [ 16, 16, 16 ]
    },
      "minecraft:creative_category": {
				"group": "itemGroup.name.Construction",
				"category": "Construction"
      },
      "minecraft:material_instances": {
        "*": {
          "texture": "mechanical_mixer",
          "render_method": "alpha_test"
        }
      },
      "minecraft:geometry": "geometry.mechanical_mixer",
      "minecraft:block_light_absorption": 0,
      "minecraft:destroy_time": 1,
      "minecraft:ticking": {
        "looping": true,
        "range": [0, 0],
        "on_tick": {
          "event": "ns"
        }
      },
      "tag:wheel": {}
    },
    "events": {
"ns": {
  "sequence": [
    {
      "condition": "!q.block_neighbor_has_any_tag(0,-2,0,'basin')",
      "set_block_property": {
        "rc:on": 0
      }
    },
    {
      "condition": "q.block_neighbor_has_any_tag(0,-2,0,'basin')",
      "set_block_property": {
        "rc:on": 1
      }
    },
    {
      "condition": "!q.block_neighbor_has_any_tag(0,0,1,'ud_cog2')",
      "set_block_property": {
        "rc:giro": 0
      }
    },
    {
      "condition": "!q.block_neighbor_has_any_tag(0,0,-1,'ud_cog2')",
      "set_block_property": {
        "rc:giro": 0
      }
    },
    {
      "condition": "!q.block_neighbor_has_any_tag(1,0,0,'ud_cog2')",
      "set_block_property": {
        "rc:giro": 0
      }
    },
    {
      "condition": "!q.block_neighbor_has_any_tag(-1,0,0,'ud_cog2')",
      "set_block_property": {
        "rc:giro": 0
      }
    },
    {
      "condition": "!q.block_neighbor_has_any_tag(0,0,1,'ud_giro2')",
      "set_block_property": {
        "rc:giro": 0
      }
    },
    {
      "condition": "!q.block_neighbor_has_any_tag(0,0,-1,'ud_giro2')",
      "set_block_property": {
        "rc:giro": 0
      }
    },
    {
      "condition": "!q.block_neighbor_has_any_tag(1,0,0,'ud_giro2')",
      "set_block_property": {
        "rc:giro": 0
      }
    },
    {
      "condition": "!q.block_neighbor_has_any_tag(-1,0,0,'ud_giro2')",
      "set_block_property": {
        "rc:giro": 0
      }
    },




    {
      "condition": "q.block_neighbor_has_any_tag(0,0,1,'ud_giro2')",
      "set_block_property": {
        "rc:giro": 1
      }
    },
    {
      "condition": "q.block_neighbor_has_any_tag(0,0,-1,'ud_giro2')",
      "set_block_property": {
        "rc:giro": 1
      }
    },
    {
      "condition": "q.block_neighbor_has_any_tag(1,0,0,'ud_giro2')",
      "set_block_property": {
        "rc:giro": 1
      }
    },
    {
      "condition": "q.block_neighbor_has_any_tag(-1,0,0,'ud_giro2')",
      "set_block_property": {
        "rc:giro": 1
      }
    },
    {
      "condition": "q.block_neighbor_has_any_tag(0,0,1,'ud_cog2')",
      "set_block_property": {
        "rc:giro": 1
      }
    },
    {
      "condition": "q.block_neighbor_has_any_tag(0,0,-1,'ud_cog2')",
      "set_block_property": {
        "rc:giro": 1
      }
    },
    {
      "condition": "q.block_neighbor_has_any_tag(1,0,0,'ud_cog2')",
      "set_block_property": {
        "rc:giro": 1
      }
    },
    {
      "condition": "q.block_neighbor_has_any_tag(-1,0,0,'ud_cog2')",
      "set_block_property": {
        "rc:giro": 1
      }
    }
  ]
}
  },
    "permutations": [
{
  "condition": "query.block_property('rc:giro') == 1",
  "components": {
    "tag:mixer_working":{},
    "minecraft:material_instances": {
      "*": {
          "texture": "mixer_2",
          "render_method": "alpha_test"
        }
      }
    }
  }
    ]
  }
}
