{
  "format_version": "1.17.0",
  "minecraft:block": {
    "description": {
      "identifier": "rc:mechanical_saw",
      "properties": {
        "rc:lado": [ 0, 1, 2, 3, 4, 5],
        "rc:giro": [0, 1]
      }
    },
    "components": {
      "minecraft:pick_collision": {
        "origin": [ -8, 0, -4],
        "size": [ 16, 16, 12 ]
    },
    "minecraft:entity_collision": {
        "origin": [ -8, 0, -4],
        "size": [ 16, 16, 12 ]
    },
      "minecraft:creative_category": {
				"group": "itemGroup.name.Construction",
				"category": "Construction"
      },
      "minecraft:on_player_placing": {
        "event": "summon",
        "target": "self"
      },
      "minecraft:material_instances": {
        "*": {
          "texture": "mechanical_saw",
          "render_method": "alpha_test"
        }
      },
      "minecraft:geometry": "geometry.mechanical_saw",
      "minecraft:block_light_absorption": 0,
      "minecraft:destroy_time": 1,
      "minecraft:ticking": {
        "looping": true,
        "range": [0, 0],
        "on_tick": {
          "event": "ns"
        }
      },
      
      "tag:shaft": {}
    },
    "events": {
"ns": {
  "sequence": [
    {
      "condition": "!q.block_neighbor_has_any_tag(0,1,0,'ud_giro2')",
      "set_block_property": {
        "rc:giro": 0
      }
    },
    {
      "condition": "!q.block_neighbor_has_any_tag(0,-1,0,'ud_giro2')",
      "set_block_property": {
        "rc:giro": 0
      }
    },
    {
      "condition": "!q.block_neighbor_has_any_tag(0,0,1,'ns_giro2')",
      "set_block_property": {
        "rc:giro": 0
      }
    },
    {
      "condition": "!q.block_neighbor_has_any_tag(0,0,-1,'ns_giro2')",
      "set_block_property": {
        "rc:giro": 0
      }
    },
    {
      "condition": "!q.block_neighbor_has_any_tag(1,0,0,'we_giro2')",
      "set_block_property": {
        "rc:giro": 0
      }
    },
    {
      "condition": "!q.block_neighbor_has_any_tag(-1,0,0,'we_giro2')",
      "set_block_property": {
        "rc:giro": 0
      }
    },

    {
      "condition": "q.block_neighbor_has_any_tag(0,1,0,'ud_giro2')",
      "set_block_property": {
        "rc:giro": 1
      }
    },
    {
      "condition": "q.block_neighbor_has_any_tag(0,-1,0,'ud_giro2')",
      "set_block_property": {
        "rc:giro": 1
      }
    },
    {
      "condition": "q.block_neighbor_has_any_tag(0,0,1,'ns_giro2')",
      "set_block_property": {
        "rc:giro": 1
      }
    },
    {
      "condition": "q.block_neighbor_has_any_tag(0,0,-1,'ns_giro2')",
      "set_block_property": {
        "rc:giro": 1
      }
    },
    {
      "condition": "q.block_neighbor_has_any_tag(1,0,0,'we_giro2')",
      "set_block_property": {
        "rc:giro": 1
      }
    },
    {
      "condition": "q.block_neighbor_has_any_tag(-1,0,0,'we_giro2')",
      "set_block_property": {
        "rc:giro": 1
      }
    },
    {
      "condition": "query.block_property('rc:giro') == 1 && query.block_property('rc:lado') == 2",
"run_command":{
  "command":["function saw_ns"]
}
    },
    {
      "condition": "query.block_property('rc:giro') == 1 && query.block_property('rc:lado') == 3",
"run_command":{
  "command":["function saw_ns"]
}
    },
    {
      "condition": "query.block_property('rc:giro') == 1 && query.block_property('rc:lado') == 4",
"run_command":{
  "command":["function saw_we"]
}
    },
    {
      "condition": "query.block_property('rc:giro') == 1 && query.block_property('rc:lado') == 5",
"run_command":{
  "command":["function saw_we"]
}
    },
    {
      "condition": "query.block_property('rc:giro') == 1 && query.block_property('rc:lado') == 0",
"run_command":{
  "command":["function saw_ud"]
}
    },
    {
      "condition": "query.block_property('rc:giro') == 1 && query.block_property('rc:lado') == 1",
"run_command":{
  "command":["function saw_ud"]
}
    }
  ]
},
      "summon": {
         "set_block_property": {
             "rc:lado": "(query.cardinal_player_facing)"
        }
     }
  },
    "permutations": [
{
  "condition": "query.block_property('rc:giro') == 1",
  "components": {
    "minecraft:material_instances": {
      "*": {
          "texture": "saw_2",
          "render_method": "alpha_test"
        }
      }
    }
  },
  {
    "condition": "query.block_property('rc:lado') == 3",
    "components": {    
      "minecraft:rotation": [ 0, 0, 0 ]
    }
},
{
    "condition": "query.block_property('rc:lado') == 2",
    "components": {  
      "minecraft:rotation": [ 0, 180, 0 ]
    }
},
{
    "condition": "query.block_property('rc:lado') == 5",
    "components": {    
        "minecraft:rotation": [ 0, 90, 0 ]
    }
},
{
    "condition": "query.block_property('rc:lado') == 4",
    "components": {    
        "minecraft:rotation": [ 0, 270, 0 ]
    }
},
{
  "condition": "query.block_property('rc:lado') == 1",
  "components": { 
      "minecraft:rotation": [ 270, 0, 0 ]
  }
},
{
  "condition": "query.block_property('rc:lado') == 0",
  "components": {
      "minecraft:rotation": [ 90, 0, 0 ]
  }
}
    ]
  }
}
