{
  "format_version": "1.17.0",
  "minecraft:block": {
    "description": {
      "identifier": "rc:piston_png",
      "properties": {
      }
    },
    "components": {
      "minecraft:pick_collision": {
        "origin": [ -8, 0, -8],
        "size": [ 0, 0, 0 ]
    },
    "minecraft:entity_collision": {
        "origin": [ -8, 0, -8],
        "size": [ 16, 16, 16 ]
    },
      "minecraft:material_instances": {
        "*": {
          "texture": "piston_png",
          "render_method": "alpha_test"
        }
      },
      "minecraft:geometry": "geometry.fake_redstone_block",
      "minecraft:block_light_absorption": 0,
      "minecraft:destroy_time": 1,
      "minecraft:ticking": {
        "looping": true,
        "range": [120, 120],
        "on_tick": {
          "event": "ns"
        }
      }
    },
    "events": {
"ns": {
  "run_command":{"command":["execute as @a[m=1] run setblock ~~~ air"]}
    }
  },
    "permutations": [
    ]
  }
}
