{
  "format_version": "1.17.0",
  "minecraft:block": {
    "description": {
      "identifier": "rc:piston_head",
      "properties": {
        "rc:cu":[0,1,2,3,4,5,6,7,8,9,10,11,12,13,14]
      }
    },
    "components": {
      "minecraft:part_visibility": {
        "rules": {
          "bone2": "query.block_property('rc:cu') >= 1",
          "bone3": "query.block_property('rc:cu') >= 2",
          "bone4": "query.block_property('rc:cu') >= 3",
          "bone5": "query.block_property('rc:cu') >= 4",
          "bone6": "query.block_property('rc:cu') >= 5",
          "bone7": "query.block_property('rc:cu') >= 6",
          "bone8": "query.block_property('rc:cu') >= 7",
          "bone9": "query.block_property('rc:cu') >= 8",
          "bone10": "query.block_property('rc:cu') >= 9",
          "bone11": "query.block_property('rc:cu') >= 10",
          "bone12": "query.block_property('rc:cu') >= 11",
          "bone13": "query.block_property('rc:cu') >= 12",
          "bone14": "query.block_property('rc:cu') >= 13",
          "bone15": "query.block_property('rc:cu') >= 14"
        }
      },
      "minecraft:pick_collision": {
        "origin": [ -8, 0, -8],
        "size": [ 0, 0, 0 ]
    },
    "minecraft:entity_collision": {
        "origin": [ -8, 0, -8],
        "size": [ 16, 16, 16 ]
    },
      "minecraft:material_instances": {
        "*": {
          "texture": "piston_head",
          "render_method": "blend"
        }
      },
      "minecraft:geometry": "geometry.piston_head",
      "minecraft:block_light_absorption": 0,
      "minecraft:destroy_time": 1,
      "minecraft:ticking": {
        "looping": true,
        "range": [0, 0],
        "on_tick": {
          "event": "ns"
        }
      }
    },
    "events": {
"ns": {
  "sequence":[
    {
      "set_block_property": {
        "rc:cu": 0
      }
    },
  {
    "condition": "q.block_neighbor_has_any_tag(0,0,2,'piston')",
    "set_block_property": {
      "rc:cu": 1
    }
  },
  {
    "condition": "q.block_neighbor_has_any_tag(0,0,3,'piston')",
    "set_block_property": {
      "rc:cu": 2
    }
  },
  {
    "condition": "q.block_neighbor_has_any_tag(0,0,4,'piston')",
    "set_block_property": {
      "rc:cu": 3
    }
  },
  {
    "condition": "q.block_neighbor_has_any_tag(0,0,5,'piston')",
    "set_block_property": {
      "rc:cu": 4
    }
  },
  {
    "condition": "q.block_neighbor_has_any_tag(0,0,6,'piston')",
    "set_block_property": {
      "rc:cu": 5
    }
  },
  {
    "condition": "q.block_neighbor_has_any_tag(0,0,7,'piston')",
    "set_block_property": {
      "rc:cu": 6
    }
  },
  {
    "condition": "q.block_neighbor_has_any_tag(0,0,8,'piston')",
    "set_block_property": {
      "rc:cu": 7
    }
  },
  {
    "condition": "q.block_neighbor_has_any_tag(0,0,9,'piston')",
    "set_block_property": {
      "rc:cu": 8
    }
  },
  {
    "condition": "q.block_neighbor_has_any_tag(0,0,10,'piston')",
    "set_block_property": {
      "rc:cu": 9
    }
  },
  {
    "condition": "q.block_neighbor_has_any_tag(0,0,11,'piston')",
    "set_block_property": {
      "rc:cu": 10
    }
  },
  {
    "condition": "q.block_neighbor_has_any_tag(0,0,12,'piston')",
    "set_block_property": {
      "rc:cu": 11
    }
  },
  {
    "condition": "q.block_neighbor_has_any_tag(0,0,13,'piston')",
    "set_block_property": {
      "rc:cu": 12
    }
  },
  {
    "condition": "q.block_neighbor_has_any_tag(0,0,14,'piston')",
    "set_block_property": {
      "rc:cu": 13
    }
  },
  {
    "condition": "q.block_neighbor_has_any_tag(0,0,15,'piston')",
    "set_block_property": {
      "rc:cu": 14
    }
  }
]
    }
  },
    "permutations": [
    ]
  }
}
