{
  "format_version": "1.17.0",
  "minecraft:block": {
    "description": {
      "identifier": "rc:speedometer",
      "properties": {
        "rc:lado": [ 0, 1, 2, 3, 4, 5],
        "rc:on": [0,1]
      }
    },
    "components": {  
      "minecraft:rotation": [ 0, 180, 0 ],
      "minecraft:part_visibility": {
        "rules": {
          "group": "query.block_property('rc:on') == 0",
          "group2": "query.block_property('rc:on') == 1"
        }
      },
      "minecraft:pick_collision": {
        "origin": [ -8, 0, -8],
        "size": [ 16, 14, 16 ]
    },
    "minecraft:entity_collision": {
        "origin": [ -8, 0, -8],
        "size": [ 16, 14, 16 ]
    },
    "minecraft:on_player_placing": {
        "event": "summon",
        "target": "self"
      },
      "minecraft:creative_category": {
				"group": "itemGroup.name.Construction",
				"category": "Construction"
      },
      "minecraft:material_instances": {
        "*": {
          "texture": "speedometer",
          "render_method": "alpha_test"
        }
      },
      "tag:wheel":{},
      "minecraft:geometry": "geometry.speedometer",
      "minecraft:block_light_absorption": 0,
      "minecraft:destroy_time": 1,
      "minecraft:ticking": {
        "looping": true,
        "range": [0, 0],
        "on_tick": {
          "event": "ns"
        }
      }
    },
    "events": {
"ns": {
  "sequence": [
    {
    "condition": "!q.block_neighbor_has_any_tag(1,0,0,'we_giro2')",
    "set_block_property": {
      "rc:on": 0
    }
  },
  {
    "condition": "!q.block_neighbor_has_any_tag(-1,0,0,'we_giro2')",
    "set_block_property": {
      "rc:on": 0
    }
  },
    {
      "condition": "!q.block_neighbor_has_any_tag(0,0,1,'ns_giro2')",
      "set_block_property": {
        "rc:on": 0
      }
    },
    {
      "condition": "!q.block_neighbor_has_any_tag(0,0,-1,'ns_giro2')",
      "set_block_property": {
        "rc:on": 0
      }
    },
    {
      "condition": "q.block_neighbor_has_any_tag(0,0,1,'ns_giro2')",
      "set_block_property": {
        "rc:on": 1
      }
    },
    {
      "condition": "q.block_neighbor_has_any_tag(0,0,-1,'ns_giro2')",
      "set_block_property": {
        "rc:on": 1
      }
    },

    
    
    {
      "condition": "q.block_neighbor_has_any_tag(1,0,0,'we_giro2')",
      "set_block_property": {
        "rc:on": 1
      }
    },
    {
      "condition": "q.block_neighbor_has_any_tag(-1,0,0,'we_giro2')",
      "set_block_property": {
        "rc:on": 1
      }
    },
    { "condition": "query.block_property('rc:on') == 1",
      "run_command":{
        "command":[
          "title @a[r=2] actionbar §l§bModerate (48RPM)"
        ]
      }
          }
  ]
},
"summon":{
  "set_block_property": {
    "rc:lado": "(query.cardinal_player_facing)"
       }
    }
    },
    "permutations": [{
  "condition": "query.block_property('rc:on') == 1",
  "components": {
    "tag:we_giro2":{},
    "tag:ns_giro2":{}
  }
}, {
        "condition": "query.block_property('rc:lado') == 2",
        "components": {    
          "minecraft:rotation": [ 0, 0, 0 ]
        }
    },
    {
        "condition": "query.block_property('rc:lado') == 3",
        "components": {  
          "minecraft:rotation": [ 0, 180, 0 ]
        }
    },
    {
        "condition": "query.block_property('rc:lado') == 4",
        "components": {    
            "minecraft:rotation": [ 0, 90, 0 ]
        }
    },
    {
        "condition": "query.block_property('rc:lado') == 5",
        "components": {    
            "minecraft:rotation": [ 0, 270, 0 ]
        }
    }
    ]
  }
}