
{
  "format_version": "1.17.0",
  "minecraft:block": {
    "description": {
      "identifier": "rc:water_wheel",
      "properties": {
        "rc:lado": [ 0, 1, 2, 3, 4, 5],
        "rc:working": [0,1],
        "rc:summoned": [0,1]
      }
    },
    "components": {
      "minecraft:pick_collision": {
        "origin": [ -8, 0, -8],
        "size": [ 16, 16, 16 ]
    },
    "minecraft:entity_collision": {
        "origin": [ -8, 0, -8],
        "size": [ 16, 16, 16 ]
    },"minecraft:on_player_placing": {
        "event": "summon",
        "target": "self"
      },
      "minecraft:random_ticking": {
        "on_tick": {
          "event": "reset2",
          "target": "self"
        }
      },
      "tag:wheel":{},
      "minecraft:creative_category": {
				"group": "itemGroup.name.Construction",
				"category": "Construction"
      },
      "minecraft:material_instances": {
        "*": {
          "texture": "water_wheel",
          "render_method": "alpha_test"
        }
      },
      "minecraft:geometry": "geometry.water_wheel",
      "minecraft:block_light_absorption": 0,
      "minecraft:destroy_time": 1,
      "minecraft:ticking": {
        "looping": true,
        "range": [0, 0],
        "on_tick": {
          "event": "ns"
        }
      }
    },
    "events": {
      "reset2": {
"run_command":{
  "command":[
    "function reset2"
  ]
}
     },
"ns": {
  "sequence": [
    {
      "condition": "!q.block_neighbor_has_any_tag(1,0,0,'water')",
      "set_block_property": {
        "rc:working": 0
      }
    },
    {
      "condition": "!q.block_neighbor_has_any_tag(-1,0,0,'water')",
      "set_block_property": {
        "rc:working": 0
      }
    },
    {
      "condition": "!q.block_neighbor_has_any_tag(0,1,0,'water')",
      "set_block_property": {
        "rc:working": 0
      }
    },
    {
      "condition": "!q.block_neighbor_has_any_tag(0,-1,0,'water')",
      "set_block_property": {
        "rc:working": 0
      }
    },
    {
      "condition": "!q.block_neighbor_has_any_tag(0,0,1,'water')",
      "set_block_property": {
        "rc:working": 0
      }
    },
    {
      "condition": "!q.block_neighbor_has_any_tag(0,0,-1,'water')",
      "set_block_property": {
        "rc:working": 0
      }
    },
    {
      "condition": "q.block_neighbor_has_any_tag(1,0,0,'water')",
      "set_block_property": {
        "rc:working": 1
      }
    },
    {
      "condition": "q.block_neighbor_has_any_tag(-1,0,0,'water')",
      "set_block_property": {
        "rc:working": 1
      }
    },
    {
      "condition": "q.block_neighbor_has_any_tag(0,1,0,'water')",
      "set_block_property": {
        "rc:working": 1
      }
    },
    {
      "condition": "q.block_neighbor_has_any_tag(0,-1,0,'water')",
      "set_block_property": {
        "rc:working": 1
      }
    },
    {
      "condition": "q.block_neighbor_has_any_tag(0,0,1,'water')",
      "set_block_property": {
        "rc:working": 1
      }
    },
    {
      "condition": "q.block_neighbor_has_any_tag(0,0,-1,'water')",
      "set_block_property": {
        "rc:working": 1
      }
    },{
      "condition": "query.block_property('rc:working') == 0",
"run_command":{
  "command":[
    "tp @e[type=rc:water_wheel,r=1] ~ -64 ~",
    "tp @e[type=rc:water_wheel2,r=1] ~ -64 ~"
        ]
      }
    },
    {
      "condition": "query.block_property('rc:working') == 0",
      "set_block_property": {
        "rc:summoned": 0
      }
    }
  ]
},
"summoned":{
  "sequence":[
    {
      "condition": "query.block_property('rc:lado') == 2 || query.block_property('rc:lado') == 3",
      "run_command":{
        "command":[
          "summon rc:water_wheel ~~-0.5~"
        ]
      }
    },
    {
      "condition": "query.block_property('rc:lado') == 4 || query.block_property('rc:lado') == 5",
      "run_command":{
        "command":[
          "summon rc:water_wheel2 ~~-0.5~"
        ]
      }
    },
    {
  "set_block_property":{
    "rc:summoned": 1
      }
    }
  ]
},
  "summon": {
    "set_block_property": {
      "rc:lado": "(query.cardinal_facing_2d)"
         }
     }
    },
    "permutations": [
      {
        "condition": "query.block_property('rc:working') == 1 && query.block_property('rc:summoned') == 1",
        "components": {
          "minecraft:ticking": {
            "looping": true,
            "range": [0, 0],
            "on_tick": {
              "event": "ns"
            }
          },
          "minecraft:material_instances": {
            "*": {
                "texture": "piston_png",
                "render_method": "alpha_test"
              }
            }
          }
        },
{
  "condition": "query.block_property('rc:working') == 1 && query.block_property('rc:summoned') == 0",
  "components": {
    "minecraft:ticking": {
      "looping": false,
      "range": [0, 0],
      "on_tick": {
        "event": "summoned"
      }
    },
    "minecraft:material_instances": {
      "*": {
          "texture": "piston_png",
          "render_method": "alpha_test"
        }
      }
    }
  },
  {
    "condition": "query.block_property('rc:working') == 1 && query.block_property('rc:lado') == 2",
    "components": {
      "tag:we_giro2": {}
      }
    },
    {
      "condition": "query.block_property('rc:working') == 1 && query.block_property('rc:lado') == 3",
      "components": {
        "tag:we_giro2": {}
        }
      },
      {
        "condition": "query.block_property('rc:working') == 1 && query.block_property('rc:lado') == 4",
        "components": {
          "tag:ns_giro2": {}
          }
        },
        {
          "condition": "query.block_property('rc:working') == 1 && query.block_property('rc:lado') == 5",
          "components": {
            "tag:ns_giro2": {}
            }
          },
    {
        "condition": "query.block_property('rc:lado') == 2",
        "components": {  
          "minecraft:rotation": [ 0, 0, 0 ]
        }
    },
      {
        "condition": "query.block_property('rc:lado') == 4",
        "components": {    
            "minecraft:rotation": [ 0, 90, 0 ]
        }
      },
      {
          "condition": "query.block_property('rc:lado') == 3",
          "components": {  
            "minecraft:rotation": [ 0, 0, 0 ]
          }
      },
        {
          "condition": "query.block_property('rc:lado') == 5",
          "components": {    
              "minecraft:rotation": [ 0, 90, 0 ]
          }
        }
    ]
  }
}