{
    "format_version": "1.12.0",
    "minecraft:entity": {
        "description": {
            "identifier": "rc:air",
            "is_spawnable": false,
            "is_summonable": false,
            "is_experimental": false
        },
        "components": {
            "minecraft:timer": {
                "time": 0,
                "looping": true,
                "time_down_event": {
                    "event": "drop"
                }
            },
            "minecraft:instant_despawn": {
                "remove_child_entities": false
            }
        },
        "events": {
            "drop": {
                "run_command": {
                    "command": ["tp @e[type=item, r=2] ~ ~-1 ~ "]
                  }
            }
        }
    }
}