{
    "format_version": "1.18.0",
    "minecraft:entity": {
        "description": {
            "identifier": "rc:drop_hopper",
            "is_spawnable": false,
            "is_summonable": true,
            "is_experimental": false
        },
       "component_groups": {
         "despawn": {
          "minecraft:transformation": {
            "into": "rc:air",
            "drop_inventory": true,
            "delay": {
              "value": 0
            }
          }
         }
       },
        "components": {
            "minecraft:inventory":{
                "inventory_size": 5
              },
              "minecraft:item_hopper":{
              }, 
             "minecraft:damage_sensor":{
                "triggers": [
                  {
                    "cause": "all",
                    "deals_damage": false
                  }
                ]
              },
              "minecraft:collision_box": {
                "width": 0.1,
                "height": 0.1
              },
              "minecraft:physics": {
                "has_collision": false,
                "has_gravity": false
              }, 
              "minecraft:pushable": {
                "is_pushable": false,
                "is_pushable_by_piston": false
              },
              "minecraft:timer": {
                "time": 3,
                "looping": false,
                "time_down_event": {
                  "event": "drop"
                }
              }
        },
        "events": {
            "drop": {
                "add": {
                    "component_groups": ["despawn"]
                }
            }
        }
    }
}