{
  "format_version": "1.16.200",
  "minecraft:block": {
    "description": {
      "identifier": "rc:vein_jungle"
    },
    "components": {
      "minecraft:destroy_time": 999,
	  "minecraft:block_light_absorption": 1,

            "minecraft:loot": "loot_tables/vein_jungle.json",
            "minecraft:geometry": "geometry.fake_redstone_block",
		"minecraft:material_instances" : {
		"*": {
      "texture": "piston_png",
      "render_method" : "alpha_test"
		}
		},
		
		"minecraft:ticking": {
			"looping": true,
			"range": [0.1, 0.1],
			"on_tick": {
			"event": "vein",
			"target": "self"
						}
					}
    },
	"events":{			
		"vein":{		
			"run_command":{
				"command": [
					"fill ~1~1~1 ~-1~-1~-1 rc:vein_jungle 0 replace log 3",
						"fill ~1~1~1 ~-1~-1~-1 rc:vein_jungle 0 replace log 11",
						"fill ~1~1~1 ~-1~-1~-1 rc:vein_jungle 0 replace log 7",
				  "fill ~~~ ~~~ air 0 destroy"
				  ]
			}
		}
		
	}
  }
}