{
  "format_version": "1.16.100",
  "minecraft:item": {
    "description": {
      "identifier": "rc:timer_wrench",
           "category": "equipment"
    },
    "components": {
           "minecraft:max_stack_size": 1,
                              "minecraft:icon": {
                "texture": "wrench"
            },
      "minecraft:on_use": {
        "on_use": {
          "event": "consumed",
          "target": "self"
        }
      }, 
      "minecraft:creative_category": {
      "parent": "itemGroup.qt"
      },
    "minecraft:display_name": { "value": "Wrench \n§7time"}
  },
            "events": {
              "consumed": {
                "sequence":[
                  {
                    "condition":"q.is_sneaking",
              "run_command": {
                "command": [
          "tag @p add timer_wrench"
                ]
              }
            }
          ]
          }
    }
  }
}