{
  "namespace": "chest",

  "chest_label": {
    "$new_container_title|default": "$container_title",
    "text": "$new_container_title"
  },
  "small_chest_grid": {
    "type": "grid",
    "size": [
      162,
      54
    ],
    "anchor_from": "top_left",
    "anchor_to": "top_left",
    "grid_dimensions": [
      9,
      3
    ],
    "grid_item_template": "chest.chest_grid_item",
    "collection_name": "container_items"
  },
  "furnace_generator_grid": {
    "type": "grid",
    "size": [
      260,
      170
    ],
    "anchor_from": "top_left",
    "anchor_to": "top_left",
    "grid_dimensions": [
      1,
      1
    ],
    "grid_item_template": "chest.chest_grid_item",
    "collection_name": "container_items"
  },
  "small_chest_panel_top_half": {
    "type": "panel",
    "size": [
      "100%",
      "50%"
    ],
    "offset": [
      0,
      12
    ],
    "anchor_to": "top_left",
    "anchor_from": "top_left",
    "controls": [{
      "chest_label@chest.chest_label": {}
    },
      {
        "small_chest_grid@chest.small_chest_grid": {
          "offset": [
            7,
            9
          ]
        }
      }]
  },
  "furnace_generator_panel_top_half": {
    "type": "panel",
    "size": [
      "100%",
      132
    ],
    "offset": [
      0,
      11
    ],
    "anchor_to": "top_left",
    "anchor_from": "top_left",
    "controls": [{
      "chest_label@chest.chest_label": {}
    },
      {
        "large_chest_grid@chest.furnace_generator_grid": {
          "offset": [
            84,
            22
          ]
        }
      },
      {
        "furnace_generator": {
          "type": "image",
          "size": [
            16,
            16
          ],
          "texture": "textures/ui/furnace_generator",
          "layer": 10,
          "offset": [
            -5,
            -15
          ]
        }
      }]
  },
  "small_root_panel@common.root_panel": {
    "$chest_panel|default": "chest.small_chest_panel_top_half",
    "layer": 1,
    "controls": [{
      "common_panel@common.common_panel": {}
    },
      {
        "chest_panel": {
          "type": "panel",
          "layer": 5,
          "controls": [{
            "small_chest_panel_top_half@$chest_panel": {}
          },
            {
              "inventory_panel_bottom_half_with_label@common.inventory_panel_bottom_half_with_label": {}
            },
            {
              "hotbar_grid@common.hotbar_grid_template": {}
            },
            {
              "inventory_take_progress_icon_button@common.inventory_take_progress_icon_button": {}
            }]
        }
      },
      {
        "inventory_selected_icon_button@common.inventory_selected_icon_button": {}
      },
      {
        "gamepad_cursor@common.gamepad_cursor_button": {}
      }]
  },
  "furnace_generator_root_panel@small_root_panel": {
    "size": [
      195,
      176
    ],
    "$chest_panel": "chest.furnace_generator_panel_top_half"
  },
  "small_chest_panel": {
    "type": "panel",
    "controls": [{
      "container_gamepad_helpers@common.container_gamepad_helpers": {}
    },
      {
        "flying_item_renderer@common.flying_item_renderer": {
          "layer": 11
        }
      },
      {
        "selected_item_details_factory@common.selected_item_details_factory": {
          "control_name": "@chest.selected_item_details"
        }
      },
      {
        "item_lock_notification_factory@common.item_lock_notification_factory": {
          "control_name": "@common.item_lock_notification"
        }
      },
      {
        "root_panel@$root_panel": {}
      }]
  },
  "ender_chest_panel@chest.small_chest_panel": {},
  "small_chest_screen@common.inventory_screen_common": {
    "$close_on_player_hurt|default": true,
    "close_on_player_hurt": "$close_on_player_hurt",
    "$root_panel|default": "chest.small_root_panel",
    "$container_size|default": 27,
    "variables": [{
      "requires": "($container_title = 'furnace_generator')",
      "$root_panel": "chest.furnace_generator_root_panel",
      "$new_container_title": "tile.Furnace Generator.name",
      "$container_size": 1
    },
      {
        "requires": "$desktop_screen",
        "$screen_content": "chest.small_chest_panel",
        "$screen_bg_content": "common.screen_background"
      },
      {
        "requires": "$pocket_screen",
        "$screen_content": "pocket_containers.panel"
      }]
  },
  "ender_chest_screen@common.inventory_screen_common": {
    "$close_on_player_hurt|default": true,
    "close_on_player_hurt": "$close_on_player_hurt",
    "variables": [{
      "requires": "$desktop_screen",
      "$screen_content": "chest.small_root_panel",
      "$screen_bg_content": "common.screen_background"
    },
      {
        "requires": "$pocket_screen",
        "$screen_content": "pocket_containers.ender_chest_panel"
      }]
  }
}
