{
  "format_version": "1.8.0",
  "minecraft:client_entity": {
    "description": {
      "identifier": "rc:wheel_south",
      "materials": {
         "default": "zombie"
      },
      "textures": {
        "default": "textures/blocks/flywheel"
      },
      "geometry": {
        "default": "geometry.wheel_south"
      },
      "animation_controllers": [
        { "walk": "controller.animation.default" }
      ],
      "animations": {
        "walk": "animation.wheel"
      },
      "render_controllers": [ "controller.render.default" ],
      "spawn_egg": {
        "texture": "wind_head",
        "texture_index": 0
      }
    }
  }
}
