{
  "format_version": "1.10.0",
  "minecraft:attachable": {
    "description": {
      "identifier": "rc:timer_wrench",
      "materials": {
        "default": "entity_alphatest",
        "enchanted": "entity_alphatest_glint"
      },
      "textures": {
        "default": "textures/wrench",
        "enchanted": "textures/misc/enchanted_item_glint"
      },
      "geometry": {
        "default": "geometry.wrench"
      },
      "animations": {
        "wield": "controller.animation.pica.wield",
        "wield_first_person": "animation.pica.wield_first_person",
        "wield_third_person": "animation.pica.wield_third_person"
      },
      "scripts": {
        "animate": [
          "wield"
        ]
      },
      "render_controllers": [ "controller.render.item_default" ]
    }
  }
}
