{
  "format_version": "1.12",
  "minecraft:recipe_shaped": {
    "description": {
      "identifier": "recipe:furnace_engine" 
    },
    
    "tags": [ "crafting_table" ],
     "pattern": [
       "MMD",
       "MGP",
       "MMD"
    ],
    "key": {
      "G": {
        "item": "rc:andesite_casing"
      },
      "P": {
        "item": "minecraft:piston"
      },
      "M": {
        "item": "rc:brass_sheet"
      },
      "D": {
        "item": "rc:brass_ingot"
      }
    },
    "result": {
      "item": "rc:furnace_engine",
      "count": 1
    }
  }
}