{
  "format_version": "1.12",
  "minecraft:recipe_shaped": {
    "description": {
      "identifier": "recipe:hand_crank" 
    },
    
    "tags": [ "crafting_table" ],
     "pattern": [
       " H ",
       "###",
       "  E"
    ],
    "key": {
      "#": {
        "item": "planks"
      },
      "H": {
        "item": "rc:shaft"
      },
      "E": {
        "item": "rc:andesite_alloy"
      }
    },
    "result": {
      "item": "rc:hand_crank",
      "count": 1
    }
  }
}