{
  "format_version": "1.12",
  "minecraft:recipe_shaped": {
    "description": {
      "identifier": "recipe:mechanical_press" 
    },
    
    "tags": [ "crafting_table" ],
     "pattern": [
       " G ",
       "EME",
       " O "
    ],
    "key": {
      "M": {
        "item": "rc:andesite_casing"
      },
      "O": {
        "item": "minecraft:iron_block"
      },
      "G": {
        "item": "rc:andesite_alloy"
      },
      "E": {
        "item": "rc:cogwheel"
      }
    },
    "result": {
      "item": "rc:mechanical_press",
      "count": 1
    }
  }
}