{
  "format_version": "1.12",
  "minecraft:recipe_shaped": {
    "description": {
      "identifier": "recipe:mechanical_piston" 
    },
    
    "tags": [ "crafting_table" ],
     "pattern": [
       " D ",
       "EGE",
       " J "
    ],
    "key": {
      "G": {
        "item": "rc:andesite_casing"
      },
      "D": {
        "item": "planks"
      },
      "J": {
        "item": "rc:shaft"
      },
      "E": {
        "item": "rc:cogwheel"
      }
    },
    "result": {
      "item": "rc:mechanical_piston_north",
      "count": 1
    }
  }
}