{
  "format_version": "1.12",
  "minecraft:recipe_shaped": {
    "description": {
      "identifier": "recipe:mechanical_drill" 
    },
    
    "tags": [ "crafting_table" ],
     "pattern": [
       " E ",
       "EDE",
       " G "
    ],
    "key": {
      "G": {
        "item": "rc:andesite_casing"
      },
      "D": {
        "item": "minecraft:iron_ingot"
      },
      "E": {
        "item": "rc:andesite_alloy"
      }
    },
    "result": {
      "item": "rc:mechanical_drill",
      "count": 1
    }
  }
}