{
  "format_version": "1.12",
  "minecraft:recipe_shaped": {
    "description": {
      "identifier": "rc:adjustable_pulse_repeater" 
    },
    
    "tags": [ "crafting_table" ],
     "pattern": [
       "MFE",
       "GGG"
    ],
    "key": {
      "E": {
        "item": "minecraft:redstone_torch"
      },
      "M": {
        "item": "minecraft:redstone"
      },
      "G": {
        "item": "stone"
      },
      "F": {
        "item": "rc:brass_sheet"
      }
    },
    "result": {
      "item": "rc:adjustable_pulse_repeater",
      "count": 1
    }
  }
}