{
  "format_version": "1.12",
  "minecraft:recipe_shaped": {
    "description": {
      "identifier": "recipe:receiver" 
    },
    
    "tags": [ "crafting_table" ],
     "pattern": [
       " FE",
       "MGM"
    ],
    "key": {
      "E": {
        "item": "minecraft:redstone_torch"
      },
      "M": {
        "item": "rc:brass_sheet"
      },
      "G": {
        "item": "planks"
      },
      "F": {
        "item": "rc:iron_sheet"
      }
    },
    "result": {
      "item": "rc:receiver",
      "count": 1
    }
  }
}