{
  "format_version": "1.12",
  "minecraft:recipe_shaped": {
    "description": {
      "identifier": "recipe:create_wrench" 
    },
    
    "tags": [ "crafting_table" ],
     "pattern": [
       "MM ",
       "MF ",
       " G "
    ],
    "key": {
      "G": {
        "item": "minecraft:stick"
      },
      "F": {
        "item": "rc:cogwheel"
      },
      "M": {
        "item": "rc:gold_sheet"
      }
    },
    "result": {
      "item": "rc:wrench",
      "count": 1
    }
  }
}